ISO-10303-21;
HEADER;
/* Generated by software containing ST-Developer
 * from STEP Tools, Inc. (www.steptools.com) 
 */
/* OPTION: using custom renumber hook */

FILE_DESCRIPTION(
/* description */ ('STEP AP242 Edition 2',
'CAx-IF Rec.Pracs.---Representation and Presentation of Product Manufa
cturing Information (PMI)---4.0---2014-10-13',
'CAx-IF Rec.Pracs.---3D Tessellated Geometry---0.4---2014-09-14','2;1',
'CAx-IF Rec.Pracs.---User Defined Attributes---1.5---2016-08-15'),
/* implementation_level */ '2;1');

FILE_NAME(
/* name */ 'C3 Mini Board-LP Pins',
/* time_stamp */ '2026-07-06T22:52:35Z',
/* author */ (''),
/* organization */ (''),
/* preprocessor_version */ 'ST-DEVELOPER v20',
/* originating_system */ 'ONSHAPE BY PTC INC, 1.217',
/* authorisation */ '  ');

FILE_SCHEMA (('AP242_MANAGED_MODEL_BASED_3D_ENGINEERING_MIM_LF { 1 0 10303 442 3 1 4 }'));
ENDSEC;

DATA;
#10=LINE('',#4181,#214);
#11=LINE('',#4184,#215);
#12=LINE('',#4186,#216);
#13=LINE('',#4188,#217);
#14=LINE('',#4190,#218);
#15=LINE('',#4192,#219);
#16=LINE('',#4194,#220);
#17=LINE('',#4196,#221);
#18=LINE('',#4198,#222);
#19=LINE('',#4200,#223);
#20=LINE('',#4202,#224);
#21=LINE('',#4204,#225);
#22=LINE('',#4206,#226);
#23=LINE('',#4208,#227);
#24=LINE('',#4210,#228);
#25=LINE('',#4212,#229);
#26=LINE('',#4214,#230);
#27=LINE('',#4216,#231);
#28=LINE('',#4218,#232);
#29=LINE('',#4220,#233);
#30=LINE('',#4222,#234);
#31=LINE('',#4224,#235);
#32=LINE('',#4226,#236);
#33=LINE('',#4228,#237);
#34=LINE('',#4230,#238);
#35=LINE('',#4232,#239);
#36=LINE('',#4234,#240);
#37=LINE('',#4236,#241);
#38=LINE('',#4238,#242);
#39=LINE('',#4240,#243);
#40=LINE('',#4242,#244);
#41=LINE('',#4244,#245);
#42=LINE('',#4246,#246);
#43=LINE('',#4248,#247);
#44=LINE('',#4250,#248);
#45=LINE('',#4252,#249);
#46=LINE('',#4254,#250);
#47=LINE('',#4256,#251);
#48=LINE('',#4258,#252);
#49=LINE('',#4260,#253);
#50=LINE('',#4262,#254);
#51=LINE('',#4264,#255);
#52=LINE('',#4266,#256);
#53=LINE('',#4268,#257);
#54=LINE('',#4270,#258);
#55=LINE('',#4272,#259);
#56=LINE('',#4274,#260);
#57=LINE('',#4276,#261);
#58=LINE('',#4278,#262);
#59=LINE('',#4280,#263);
#60=LINE('',#4282,#264);
#61=LINE('',#4284,#265);
#62=LINE('',#4286,#266);
#63=LINE('',#4288,#267);
#64=LINE('',#4290,#268);
#65=LINE('',#4292,#269);
#66=LINE('',#4294,#270);
#67=LINE('',#4296,#271);
#68=LINE('',#4298,#272);
#69=LINE('',#4300,#273);
#70=LINE('',#4302,#274);
#71=LINE('',#4304,#275);
#72=LINE('',#4306,#276);
#73=LINE('',#4308,#277);
#74=LINE('',#4310,#278);
#75=LINE('',#4312,#279);
#76=LINE('',#4314,#280);
#77=LINE('',#4316,#281);
#78=LINE('',#4318,#282);
#79=LINE('',#4320,#283);
#80=LINE('',#4322,#284);
#81=LINE('',#4324,#285);
#82=LINE('',#4326,#286);
#83=LINE('',#4328,#287);
#84=LINE('',#4330,#288);
#85=LINE('',#4332,#289);
#86=LINE('',#4334,#290);
#87=LINE('',#4336,#291);
#88=LINE('',#4338,#292);
#89=LINE('',#4340,#293);
#90=LINE('',#4342,#294);
#91=LINE('',#4344,#295);
#92=LINE('',#4346,#296);
#93=LINE('',#4348,#297);
#94=LINE('',#4350,#298);
#95=LINE('',#4352,#299);
#96=LINE('',#4354,#300);
#97=LINE('',#4356,#301);
#98=LINE('',#4358,#302);
#99=LINE('',#4360,#303);
#100=LINE('',#4362,#304);
#101=LINE('',#4364,#305);
#102=LINE('',#4366,#306);
#103=LINE('',#4368,#307);
#104=LINE('',#4370,#308);
#105=LINE('',#4372,#309);
#106=LINE('',#4374,#310);
#107=LINE('',#4376,#311);
#108=LINE('',#4378,#312);
#109=LINE('',#4380,#313);
#110=LINE('',#4382,#314);
#111=LINE('',#4384,#315);
#112=LINE('',#4386,#316);
#113=LINE('',#4388,#317);
#114=LINE('',#4390,#318);
#115=LINE('',#4392,#319);
#116=LINE('',#4394,#320);
#117=LINE('',#4396,#321);
#118=LINE('',#4398,#322);
#119=LINE('',#4400,#323);
#120=LINE('',#4402,#324);
#121=LINE('',#4404,#325);
#122=LINE('',#4406,#326);
#123=LINE('',#4408,#327);
#124=LINE('',#4410,#328);
#125=LINE('',#4412,#329);
#126=LINE('',#4414,#330);
#127=LINE('',#4416,#331);
#128=LINE('',#4418,#332);
#129=LINE('',#4420,#333);
#130=LINE('',#4422,#334);
#131=LINE('',#4424,#335);
#132=LINE('',#4426,#336);
#133=LINE('',#4428,#337);
#134=LINE('',#4430,#338);
#135=LINE('',#4432,#339);
#136=LINE('',#4434,#340);
#137=LINE('',#4436,#341);
#138=LINE('',#4438,#342);
#139=LINE('',#4440,#343);
#140=LINE('',#4442,#344);
#141=LINE('',#4444,#345);
#142=LINE('',#4446,#346);
#143=LINE('',#4448,#347);
#144=LINE('',#4450,#348);
#145=LINE('',#4452,#349);
#146=LINE('',#4454,#350);
#147=LINE('',#4456,#351);
#148=LINE('',#4458,#352);
#149=LINE('',#4460,#353);
#150=LINE('',#4462,#354);
#151=LINE('',#4464,#355);
#152=LINE('',#4466,#356);
#153=LINE('',#4468,#357);
#154=LINE('',#4470,#358);
#155=LINE('',#4472,#359);
#156=LINE('',#4474,#360);
#157=LINE('',#4476,#361);
#158=LINE('',#4478,#362);
#159=LINE('',#4480,#363);
#160=LINE('',#4482,#364);
#161=LINE('',#4484,#365);
#162=LINE('',#4486,#366);
#163=LINE('',#4488,#367);
#164=LINE('',#4490,#368);
#165=LINE('',#4492,#369);
#166=LINE('',#4494,#370);
#167=LINE('',#4496,#371);
#168=LINE('',#4498,#372);
#169=LINE('',#4500,#373);
#170=LINE('',#4502,#374);
#171=LINE('',#4504,#375);
#172=LINE('',#4506,#376);
#173=LINE('',#4508,#377);
#174=LINE('',#4510,#378);
#175=LINE('',#4512,#379);
#176=LINE('',#4514,#380);
#177=LINE('',#4516,#381);
#178=LINE('',#4518,#382);
#179=LINE('',#4520,#383);
#180=LINE('',#4522,#384);
#181=LINE('',#4524,#385);
#182=LINE('',#4526,#386);
#183=LINE('',#4528,#387);
#184=LINE('',#4530,#388);
#185=LINE('',#4532,#389);
#186=LINE('',#4534,#390);
#187=LINE('',#4536,#391);
#188=LINE('',#4538,#392);
#189=LINE('',#4540,#393);
#190=LINE('',#4542,#394);
#191=LINE('',#4544,#395);
#192=LINE('',#4546,#396);
#193=LINE('',#4548,#397);
#194=LINE('',#4550,#398);
#195=LINE('',#4552,#399);
#196=LINE('',#4554,#400);
#197=LINE('',#4556,#401);
#198=LINE('',#4558,#402);
#199=LINE('',#4560,#403);
#200=LINE('',#4562,#404);
#201=LINE('',#4564,#405);
#202=LINE('',#4566,#406);
#203=LINE('',#4568,#407);
#204=LINE('',#4570,#408);
#205=LINE('',#4572,#409);
#206=LINE('',#4574,#410);
#207=LINE('',#4576,#411);
#208=LINE('',#4578,#412);
#209=LINE('',#4580,#413);
#210=LINE('',#4582,#414);
#211=LINE('',#4584,#415);
#212=LINE('',#4586,#416);
#213=LINE('',#4587,#417);
#214=VECTOR('',#3450,1.);
#215=VECTOR('',#3451,1.);
#216=VECTOR('',#3452,1.);
#217=VECTOR('',#3453,1.);
#218=VECTOR('',#3456,1.);
#219=VECTOR('',#3457,1.);
#220=VECTOR('',#3458,1.);
#221=VECTOR('',#3461,1.);
#222=VECTOR('',#3462,1.);
#223=VECTOR('',#3463,1.);
#224=VECTOR('',#3466,1.);
#225=VECTOR('',#3467,1.);
#226=VECTOR('',#3468,1.);
#227=VECTOR('',#3471,1.);
#228=VECTOR('',#3472,1.);
#229=VECTOR('',#3473,1.);
#230=VECTOR('',#3476,1.);
#231=VECTOR('',#3477,1.);
#232=VECTOR('',#3478,1.);
#233=VECTOR('',#3481,1.);
#234=VECTOR('',#3482,1.);
#235=VECTOR('',#3483,1.);
#236=VECTOR('',#3486,1.);
#237=VECTOR('',#3487,1.);
#238=VECTOR('',#3488,1.);
#239=VECTOR('',#3491,1.);
#240=VECTOR('',#3492,1.);
#241=VECTOR('',#3493,1.);
#242=VECTOR('',#3496,1.);
#243=VECTOR('',#3497,1.);
#244=VECTOR('',#3498,1.);
#245=VECTOR('',#3501,1.);
#246=VECTOR('',#3502,1.);
#247=VECTOR('',#3503,1.);
#248=VECTOR('',#3506,1.);
#249=VECTOR('',#3507,1.);
#250=VECTOR('',#3508,1.);
#251=VECTOR('',#3511,1.);
#252=VECTOR('',#3512,1.);
#253=VECTOR('',#3513,1.);
#254=VECTOR('',#3516,1.);
#255=VECTOR('',#3517,1.);
#256=VECTOR('',#3518,1.);
#257=VECTOR('',#3521,1.);
#258=VECTOR('',#3522,1.);
#259=VECTOR('',#3523,1.);
#260=VECTOR('',#3526,1.);
#261=VECTOR('',#3527,1.);
#262=VECTOR('',#3528,1.);
#263=VECTOR('',#3531,1.);
#264=VECTOR('',#3532,1.);
#265=VECTOR('',#3533,1.);
#266=VECTOR('',#3536,1.);
#267=VECTOR('',#3537,1.);
#268=VECTOR('',#3538,1.);
#269=VECTOR('',#3541,1.);
#270=VECTOR('',#3542,1.);
#271=VECTOR('',#3543,1.);
#272=VECTOR('',#3546,1.);
#273=VECTOR('',#3547,1.);
#274=VECTOR('',#3548,1.);
#275=VECTOR('',#3551,1.);
#276=VECTOR('',#3552,1.);
#277=VECTOR('',#3553,1.);
#278=VECTOR('',#3556,1.);
#279=VECTOR('',#3557,1.);
#280=VECTOR('',#3558,1.);
#281=VECTOR('',#3561,1.);
#282=VECTOR('',#3562,1.);
#283=VECTOR('',#3563,1.);
#284=VECTOR('',#3566,1.);
#285=VECTOR('',#3567,1.);
#286=VECTOR('',#3568,1.);
#287=VECTOR('',#3571,1.);
#288=VECTOR('',#3572,1.);
#289=VECTOR('',#3573,1.);
#290=VECTOR('',#3576,1.);
#291=VECTOR('',#3577,1.);
#292=VECTOR('',#3578,1.);
#293=VECTOR('',#3581,1.);
#294=VECTOR('',#3582,1.);
#295=VECTOR('',#3583,1.);
#296=VECTOR('',#3586,1.);
#297=VECTOR('',#3587,1.);
#298=VECTOR('',#3588,1.);
#299=VECTOR('',#3591,1.);
#300=VECTOR('',#3592,1.);
#301=VECTOR('',#3593,1.);
#302=VECTOR('',#3596,1.);
#303=VECTOR('',#3597,1.);
#304=VECTOR('',#3598,1.);
#305=VECTOR('',#3601,1.);
#306=VECTOR('',#3602,1.);
#307=VECTOR('',#3603,1.);
#308=VECTOR('',#3606,1.);
#309=VECTOR('',#3607,1.);
#310=VECTOR('',#3608,1.);
#311=VECTOR('',#3611,1.);
#312=VECTOR('',#3612,1.);
#313=VECTOR('',#3613,1.);
#314=VECTOR('',#3616,1.);
#315=VECTOR('',#3617,1.);
#316=VECTOR('',#3618,1.);
#317=VECTOR('',#3621,1.);
#318=VECTOR('',#3622,1.);
#319=VECTOR('',#3623,1.);
#320=VECTOR('',#3626,1.);
#321=VECTOR('',#3627,1.);
#322=VECTOR('',#3628,1.);
#323=VECTOR('',#3631,1.);
#324=VECTOR('',#3632,1.);
#325=VECTOR('',#3633,1.);
#326=VECTOR('',#3636,1.);
#327=VECTOR('',#3637,1.);
#328=VECTOR('',#3638,1.);
#329=VECTOR('',#3641,1.);
#330=VECTOR('',#3642,1.);
#331=VECTOR('',#3643,1.);
#332=VECTOR('',#3646,1.);
#333=VECTOR('',#3647,1.);
#334=VECTOR('',#3648,1.);
#335=VECTOR('',#3651,1.);
#336=VECTOR('',#3652,1.);
#337=VECTOR('',#3653,1.);
#338=VECTOR('',#3656,1.);
#339=VECTOR('',#3657,1.);
#340=VECTOR('',#3658,1.);
#341=VECTOR('',#3661,1.);
#342=VECTOR('',#3662,1.);
#343=VECTOR('',#3663,1.);
#344=VECTOR('',#3666,1.);
#345=VECTOR('',#3667,1.);
#346=VECTOR('',#3668,1.);
#347=VECTOR('',#3671,1.);
#348=VECTOR('',#3672,1.);
#349=VECTOR('',#3673,1.);
#350=VECTOR('',#3676,1.);
#351=VECTOR('',#3677,1.);
#352=VECTOR('',#3678,1.);
#353=VECTOR('',#3681,1.);
#354=VECTOR('',#3682,1.);
#355=VECTOR('',#3683,1.);
#356=VECTOR('',#3686,1.);
#357=VECTOR('',#3687,1.);
#358=VECTOR('',#3688,1.);
#359=VECTOR('',#3691,1.);
#360=VECTOR('',#3692,1.);
#361=VECTOR('',#3693,1.);
#362=VECTOR('',#3696,1.);
#363=VECTOR('',#3697,1.);
#364=VECTOR('',#3698,1.);
#365=VECTOR('',#3701,1.);
#366=VECTOR('',#3702,1.);
#367=VECTOR('',#3703,1.);
#368=VECTOR('',#3706,1.);
#369=VECTOR('',#3707,1.);
#370=VECTOR('',#3708,1.);
#371=VECTOR('',#3711,1.);
#372=VECTOR('',#3712,1.);
#373=VECTOR('',#3713,1.);
#374=VECTOR('',#3716,1.);
#375=VECTOR('',#3717,1.);
#376=VECTOR('',#3718,1.);
#377=VECTOR('',#3721,1.);
#378=VECTOR('',#3722,1.);
#379=VECTOR('',#3723,1.);
#380=VECTOR('',#3726,1.);
#381=VECTOR('',#3727,1.);
#382=VECTOR('',#3728,1.);
#383=VECTOR('',#3731,1.);
#384=VECTOR('',#3732,1.);
#385=VECTOR('',#3733,1.);
#386=VECTOR('',#3736,1.);
#387=VECTOR('',#3737,1.);
#388=VECTOR('',#3738,1.);
#389=VECTOR('',#3741,1.);
#390=VECTOR('',#3742,1.);
#391=VECTOR('',#3743,1.);
#392=VECTOR('',#3746,1.);
#393=VECTOR('',#3747,1.);
#394=VECTOR('',#3748,1.);
#395=VECTOR('',#3751,1.);
#396=VECTOR('',#3752,1.);
#397=VECTOR('',#3753,1.);
#398=VECTOR('',#3756,1.);
#399=VECTOR('',#3757,1.);
#400=VECTOR('',#3758,1.);
#401=VECTOR('',#3761,1.);
#402=VECTOR('',#3762,1.);
#403=VECTOR('',#3763,1.);
#404=VECTOR('',#3766,1.);
#405=VECTOR('',#3767,1.);
#406=VECTOR('',#3768,1.);
#407=VECTOR('',#3771,1.);
#408=VECTOR('',#3772,1.);
#409=VECTOR('',#3773,1.);
#410=VECTOR('',#3776,1.);
#411=VECTOR('',#3777,1.);
#412=VECTOR('',#3778,1.);
#413=VECTOR('',#3781,1.);
#414=VECTOR('',#3782,1.);
#415=VECTOR('',#3783,1.);
#416=VECTOR('',#3786,1.);
#417=VECTOR('',#3787,1.);
#418=SHAPE_REPRESENTATION_RELATIONSHIP('','',#3116,#427);
#419=SHAPE_REPRESENTATION_RELATIONSHIP('','',#3117,#428);
#420=SHAPE_REPRESENTATION_RELATIONSHIP('','',#3118,#429);
#421=SHAPE_REPRESENTATION_RELATIONSHIP('','',#3119,#430);
#422=SHAPE_REPRESENTATION_RELATIONSHIP('','',#3120,#431);
#423=SHAPE_REPRESENTATION_RELATIONSHIP('','',#3121,#432);
#424=SHAPE_REPRESENTATION_RELATIONSHIP('','',#3122,#433);
#425=SHAPE_REPRESENTATION_RELATIONSHIP('','',#3123,#434);
#426=SHAPE_REPRESENTATION_RELATIONSHIP('','',#3124,#435);
#427=ADVANCED_BREP_SHAPE_REPRESENTATION('',(#3098),#4858);
#428=ADVANCED_BREP_SHAPE_REPRESENTATION('',(#3099),#4859);
#429=ADVANCED_BREP_SHAPE_REPRESENTATION('',(#3100),#4860);
#430=ADVANCED_BREP_SHAPE_REPRESENTATION('',(#3101),#4861);
#431=ADVANCED_BREP_SHAPE_REPRESENTATION('',(#3102),#4862);
#432=ADVANCED_BREP_SHAPE_REPRESENTATION('',(#3103),#4863);
#433=ADVANCED_BREP_SHAPE_REPRESENTATION('',(#3104),#4864);
#434=ADVANCED_BREP_SHAPE_REPRESENTATION('',(#3105),#4865);
#435=ADVANCED_BREP_SHAPE_REPRESENTATION('',(#3106),#4866);
#436=PLANE('',#3134);
#437=PLANE('',#3138);
#438=PLANE('',#3144);
#439=PLANE('',#3151);
#440=PLANE('',#3152);
#441=PLANE('',#3153);
#442=PLANE('',#3154);
#443=PLANE('',#3155);
#444=PLANE('',#3156);
#445=PLANE('',#3157);
#446=PLANE('',#3158);
#447=PLANE('',#3159);
#448=PLANE('',#3160);
#449=PLANE('',#3161);
#450=PLANE('',#3162);
#451=PLANE('',#3163);
#452=PLANE('',#3164);
#453=PLANE('',#3165);
#454=PLANE('',#3166);
#455=PLANE('',#3167);
#456=PLANE('',#3168);
#457=PLANE('',#3169);
#458=PLANE('',#3170);
#459=PLANE('',#3171);
#460=PLANE('',#3172);
#461=PLANE('',#3173);
#462=PLANE('',#3174);
#463=PLANE('',#3175);
#464=PLANE('',#3176);
#465=PLANE('',#3177);
#466=PLANE('',#3178);
#467=PLANE('',#3179);
#468=PLANE('',#3180);
#469=PLANE('',#3181);
#470=PLANE('',#3182);
#471=PLANE('',#3183);
#472=PLANE('',#3184);
#473=PLANE('',#3185);
#474=PLANE('',#3186);
#475=PLANE('',#3187);
#476=PLANE('',#3188);
#477=PLANE('',#3189);
#478=PLANE('',#3190);
#479=PLANE('',#3191);
#480=PLANE('',#3192);
#481=PLANE('',#3193);
#482=PLANE('',#3194);
#483=PLANE('',#3195);
#484=PLANE('',#3196);
#485=PLANE('',#3197);
#486=PLANE('',#3198);
#487=PLANE('',#3199);
#488=PLANE('',#3200);
#489=PLANE('',#3201);
#490=PLANE('',#3202);
#491=PLANE('',#3203);
#492=PLANE('',#3204);
#493=PLANE('',#3205);
#494=PLANE('',#3206);
#495=PLANE('',#3207);
#496=PLANE('',#3208);
#497=PLANE('',#3209);
#498=PLANE('',#3210);
#499=PLANE('',#3211);
#500=PLANE('',#3212);
#501=PLANE('',#3213);
#502=PLANE('',#3214);
#503=PLANE('',#3215);
#504=PLANE('',#3216);
#505=PLANE('',#3217);
#506=PLANE('',#3218);
#507=PLANE('',#3219);
#508=PLANE('',#3230);
#509=PLANE('',#3235);
#510=PLANE('',#3240);
#511=PLANE('',#3245);
#512=PLANE('',#3250);
#513=PLANE('',#3255);
#514=PLANE('',#3260);
#515=PLANE('',#3262);
#516=PLANE('',#3279);
#517=PLANE('',#3283);
#518=PLANE('',#3297);
#519=PLANE('',#3301);
#520=PLANE('',#3315);
#521=PLANE('',#3319);
#522=PLANE('',#3333);
#523=PLANE('',#3337);
#524=PLANE('',#3351);
#525=PLANE('',#3355);
#526=PLANE('',#3369);
#527=PLANE('',#3373);
#528=PLANE('',#3387);
#529=PLANE('',#3391);
#530=CONICAL_SURFACE('',#3130,0.000445,0.785398163397448);
#531=CONICAL_SURFACE('',#3275,0.000445,0.785398163397448);
#532=CONICAL_SURFACE('',#3293,0.000445,0.785398163397448);
#533=CONICAL_SURFACE('',#3311,0.000445,0.785398163397448);
#534=CONICAL_SURFACE('',#3329,0.000445,0.785398163397448);
#535=CONICAL_SURFACE('',#3347,0.000445,0.785398163397448);
#536=CONICAL_SURFACE('',#3365,0.000445,0.785398163397448);
#537=CONICAL_SURFACE('',#3383,0.000445,0.785398163397448);
#538=CYLINDRICAL_SURFACE('',#3128,0.00023);
#539=CYLINDRICAL_SURFACE('',#3132,0.00066);
#540=CYLINDRICAL_SURFACE('',#3136,0.0009);
#541=CYLINDRICAL_SURFACE('',#3140,0.0003);
#542=CYLINDRICAL_SURFACE('',#3147,0.00066);
#543=CYLINDRICAL_SURFACE('',#3149,0.0009);
#544=CYLINDRICAL_SURFACE('',#3227,0.0009);
#545=CYLINDRICAL_SURFACE('',#3232,0.0009);
#546=CYLINDRICAL_SURFACE('',#3237,0.0009);
#547=CYLINDRICAL_SURFACE('',#3242,0.0009);
#548=CYLINDRICAL_SURFACE('',#3247,0.0009);
#549=CYLINDRICAL_SURFACE('',#3252,0.0009);
#550=CYLINDRICAL_SURFACE('',#3257,0.0009);
#551=CYLINDRICAL_SURFACE('',#3263,0.00066);
#552=CYLINDRICAL_SURFACE('',#3264,0.00066);
#553=CYLINDRICAL_SURFACE('',#3265,0.00066);
#554=CYLINDRICAL_SURFACE('',#3266,0.00066);
#555=CYLINDRICAL_SURFACE('',#3267,0.00066);
#556=CYLINDRICAL_SURFACE('',#3268,0.00066);
#557=CYLINDRICAL_SURFACE('',#3269,0.00066);
#558=CYLINDRICAL_SURFACE('',#3273,0.00023);
#559=CYLINDRICAL_SURFACE('',#3277,0.00066);
#560=CYLINDRICAL_SURFACE('',#3281,0.0009);
#561=CYLINDRICAL_SURFACE('',#3285,0.0003);
#562=CYLINDRICAL_SURFACE('',#3291,0.00023);
#563=CYLINDRICAL_SURFACE('',#3295,0.00066);
#564=CYLINDRICAL_SURFACE('',#3299,0.0009);
#565=CYLINDRICAL_SURFACE('',#3303,0.0003);
#566=CYLINDRICAL_SURFACE('',#3309,0.00023);
#567=CYLINDRICAL_SURFACE('',#3313,0.00066);
#568=CYLINDRICAL_SURFACE('',#3317,0.0009);
#569=CYLINDRICAL_SURFACE('',#3321,0.0003);
#570=CYLINDRICAL_SURFACE('',#3327,0.00023);
#571=CYLINDRICAL_SURFACE('',#3331,0.00066);
#572=CYLINDRICAL_SURFACE('',#3335,0.0009);
#573=CYLINDRICAL_SURFACE('',#3339,0.0003);
#574=CYLINDRICAL_SURFACE('',#3345,0.00023);
#575=CYLINDRICAL_SURFACE('',#3349,0.00066);
#576=CYLINDRICAL_SURFACE('',#3353,0.0009);
#577=CYLINDRICAL_SURFACE('',#3357,0.0003);
#578=CYLINDRICAL_SURFACE('',#3363,0.00023);
#579=CYLINDRICAL_SURFACE('',#3367,0.00066);
#580=CYLINDRICAL_SURFACE('',#3371,0.0009);
#581=CYLINDRICAL_SURFACE('',#3375,0.0003);
#582=CYLINDRICAL_SURFACE('',#3381,0.00023);
#583=CYLINDRICAL_SURFACE('',#3385,0.00066);
#584=CYLINDRICAL_SURFACE('',#3389,0.0009);
#585=CYLINDRICAL_SURFACE('',#3393,0.0003);
#586=ORIENTED_EDGE('',*,*,#1186,.F.);
#587=ORIENTED_EDGE('',*,*,#1186,.T.);
#588=ORIENTED_EDGE('',*,*,#1187,.F.);
#589=ORIENTED_EDGE('',*,*,#1187,.T.);
#590=ORIENTED_EDGE('',*,*,#1188,.F.);
#591=ORIENTED_EDGE('',*,*,#1188,.T.);
#592=ORIENTED_EDGE('',*,*,#1189,.F.);
#593=ORIENTED_EDGE('',*,*,#1189,.T.);
#594=ORIENTED_EDGE('',*,*,#1190,.F.);
#595=ORIENTED_EDGE('',*,*,#1190,.T.);
#596=ORIENTED_EDGE('',*,*,#1191,.F.);
#597=ORIENTED_EDGE('',*,*,#1192,.F.);
#598=ORIENTED_EDGE('',*,*,#1191,.T.);
#599=ORIENTED_EDGE('',*,*,#1192,.T.);
#600=ORIENTED_EDGE('',*,*,#1193,.F.);
#601=ORIENTED_EDGE('',*,*,#1193,.T.);
#602=ORIENTED_EDGE('',*,*,#1194,.F.);
#603=ORIENTED_EDGE('',*,*,#1195,.T.);
#604=ORIENTED_EDGE('',*,*,#1194,.T.);
#605=ORIENTED_EDGE('',*,*,#1196,.F.);
#606=ORIENTED_EDGE('',*,*,#1197,.T.);
#607=ORIENTED_EDGE('',*,*,#1195,.F.);
#608=ORIENTED_EDGE('',*,*,#1198,.T.);
#609=ORIENTED_EDGE('',*,*,#1199,.T.);
#610=ORIENTED_EDGE('',*,*,#1200,.F.);
#611=ORIENTED_EDGE('',*,*,#1201,.F.);
#612=ORIENTED_EDGE('',*,*,#1202,.T.);
#613=ORIENTED_EDGE('',*,*,#1201,.T.);
#614=ORIENTED_EDGE('',*,*,#1203,.F.);
#615=ORIENTED_EDGE('',*,*,#1204,.F.);
#616=ORIENTED_EDGE('',*,*,#1205,.T.);
#617=ORIENTED_EDGE('',*,*,#1204,.T.);
#618=ORIENTED_EDGE('',*,*,#1206,.F.);
#619=ORIENTED_EDGE('',*,*,#1207,.F.);
#620=ORIENTED_EDGE('',*,*,#1208,.T.);
#621=ORIENTED_EDGE('',*,*,#1207,.T.);
#622=ORIENTED_EDGE('',*,*,#1209,.F.);
#623=ORIENTED_EDGE('',*,*,#1210,.F.);
#624=ORIENTED_EDGE('',*,*,#1211,.T.);
#625=ORIENTED_EDGE('',*,*,#1210,.T.);
#626=ORIENTED_EDGE('',*,*,#1212,.F.);
#627=ORIENTED_EDGE('',*,*,#1213,.F.);
#628=ORIENTED_EDGE('',*,*,#1213,.T.);
#629=ORIENTED_EDGE('',*,*,#1214,.F.);
#630=ORIENTED_EDGE('',*,*,#1215,.F.);
#631=ORIENTED_EDGE('',*,*,#1216,.T.);
#632=ORIENTED_EDGE('',*,*,#1217,.T.);
#633=ORIENTED_EDGE('',*,*,#1215,.T.);
#634=ORIENTED_EDGE('',*,*,#1218,.F.);
#635=ORIENTED_EDGE('',*,*,#1219,.F.);
#636=ORIENTED_EDGE('',*,*,#1220,.T.);
#637=ORIENTED_EDGE('',*,*,#1219,.T.);
#638=ORIENTED_EDGE('',*,*,#1221,.F.);
#639=ORIENTED_EDGE('',*,*,#1222,.F.);
#640=ORIENTED_EDGE('',*,*,#1223,.T.);
#641=ORIENTED_EDGE('',*,*,#1222,.T.);
#642=ORIENTED_EDGE('',*,*,#1224,.F.);
#643=ORIENTED_EDGE('',*,*,#1225,.F.);
#644=ORIENTED_EDGE('',*,*,#1225,.T.);
#645=ORIENTED_EDGE('',*,*,#1226,.F.);
#646=ORIENTED_EDGE('',*,*,#1227,.F.);
#647=ORIENTED_EDGE('',*,*,#1228,.T.);
#648=ORIENTED_EDGE('',*,*,#1229,.T.);
#649=ORIENTED_EDGE('',*,*,#1227,.T.);
#650=ORIENTED_EDGE('',*,*,#1230,.F.);
#651=ORIENTED_EDGE('',*,*,#1231,.F.);
#652=ORIENTED_EDGE('',*,*,#1232,.T.);
#653=ORIENTED_EDGE('',*,*,#1231,.T.);
#654=ORIENTED_EDGE('',*,*,#1233,.F.);
#655=ORIENTED_EDGE('',*,*,#1234,.F.);
#656=ORIENTED_EDGE('',*,*,#1235,.T.);
#657=ORIENTED_EDGE('',*,*,#1234,.T.);
#658=ORIENTED_EDGE('',*,*,#1236,.F.);
#659=ORIENTED_EDGE('',*,*,#1237,.F.);
#660=ORIENTED_EDGE('',*,*,#1237,.T.);
#661=ORIENTED_EDGE('',*,*,#1238,.F.);
#662=ORIENTED_EDGE('',*,*,#1239,.F.);
#663=ORIENTED_EDGE('',*,*,#1240,.T.);
#664=ORIENTED_EDGE('',*,*,#1241,.T.);
#665=ORIENTED_EDGE('',*,*,#1239,.T.);
#666=ORIENTED_EDGE('',*,*,#1242,.F.);
#667=ORIENTED_EDGE('',*,*,#1243,.F.);
#668=ORIENTED_EDGE('',*,*,#1244,.T.);
#669=ORIENTED_EDGE('',*,*,#1243,.T.);
#670=ORIENTED_EDGE('',*,*,#1245,.F.);
#671=ORIENTED_EDGE('',*,*,#1246,.F.);
#672=ORIENTED_EDGE('',*,*,#1247,.T.);
#673=ORIENTED_EDGE('',*,*,#1246,.T.);
#674=ORIENTED_EDGE('',*,*,#1248,.F.);
#675=ORIENTED_EDGE('',*,*,#1249,.F.);
#676=ORIENTED_EDGE('',*,*,#1249,.T.);
#677=ORIENTED_EDGE('',*,*,#1250,.F.);
#678=ORIENTED_EDGE('',*,*,#1251,.F.);
#679=ORIENTED_EDGE('',*,*,#1252,.T.);
#680=ORIENTED_EDGE('',*,*,#1253,.T.);
#681=ORIENTED_EDGE('',*,*,#1251,.T.);
#682=ORIENTED_EDGE('',*,*,#1254,.F.);
#683=ORIENTED_EDGE('',*,*,#1255,.F.);
#684=ORIENTED_EDGE('',*,*,#1256,.T.);
#685=ORIENTED_EDGE('',*,*,#1255,.T.);
#686=ORIENTED_EDGE('',*,*,#1257,.F.);
#687=ORIENTED_EDGE('',*,*,#1258,.F.);
#688=ORIENTED_EDGE('',*,*,#1259,.T.);
#689=ORIENTED_EDGE('',*,*,#1258,.T.);
#690=ORIENTED_EDGE('',*,*,#1260,.F.);
#691=ORIENTED_EDGE('',*,*,#1261,.F.);
#692=ORIENTED_EDGE('',*,*,#1261,.T.);
#693=ORIENTED_EDGE('',*,*,#1262,.F.);
#694=ORIENTED_EDGE('',*,*,#1263,.F.);
#695=ORIENTED_EDGE('',*,*,#1264,.T.);
#696=ORIENTED_EDGE('',*,*,#1265,.T.);
#697=ORIENTED_EDGE('',*,*,#1263,.T.);
#698=ORIENTED_EDGE('',*,*,#1266,.F.);
#699=ORIENTED_EDGE('',*,*,#1267,.F.);
#700=ORIENTED_EDGE('',*,*,#1268,.T.);
#701=ORIENTED_EDGE('',*,*,#1267,.T.);
#702=ORIENTED_EDGE('',*,*,#1269,.F.);
#703=ORIENTED_EDGE('',*,*,#1270,.F.);
#704=ORIENTED_EDGE('',*,*,#1271,.T.);
#705=ORIENTED_EDGE('',*,*,#1270,.T.);
#706=ORIENTED_EDGE('',*,*,#1272,.F.);
#707=ORIENTED_EDGE('',*,*,#1273,.F.);
#708=ORIENTED_EDGE('',*,*,#1273,.T.);
#709=ORIENTED_EDGE('',*,*,#1274,.F.);
#710=ORIENTED_EDGE('',*,*,#1275,.F.);
#711=ORIENTED_EDGE('',*,*,#1276,.T.);
#712=ORIENTED_EDGE('',*,*,#1277,.T.);
#713=ORIENTED_EDGE('',*,*,#1275,.T.);
#714=ORIENTED_EDGE('',*,*,#1278,.F.);
#715=ORIENTED_EDGE('',*,*,#1279,.F.);
#716=ORIENTED_EDGE('',*,*,#1280,.T.);
#717=ORIENTED_EDGE('',*,*,#1279,.T.);
#718=ORIENTED_EDGE('',*,*,#1281,.F.);
#719=ORIENTED_EDGE('',*,*,#1282,.F.);
#720=ORIENTED_EDGE('',*,*,#1283,.T.);
#721=ORIENTED_EDGE('',*,*,#1282,.T.);
#722=ORIENTED_EDGE('',*,*,#1284,.F.);
#723=ORIENTED_EDGE('',*,*,#1285,.F.);
#724=ORIENTED_EDGE('',*,*,#1286,.T.);
#725=ORIENTED_EDGE('',*,*,#1285,.T.);
#726=ORIENTED_EDGE('',*,*,#1287,.F.);
#727=ORIENTED_EDGE('',*,*,#1288,.F.);
#728=ORIENTED_EDGE('',*,*,#1289,.T.);
#729=ORIENTED_EDGE('',*,*,#1288,.T.);
#730=ORIENTED_EDGE('',*,*,#1290,.F.);
#731=ORIENTED_EDGE('',*,*,#1291,.F.);
#732=ORIENTED_EDGE('',*,*,#1292,.T.);
#733=ORIENTED_EDGE('',*,*,#1291,.T.);
#734=ORIENTED_EDGE('',*,*,#1293,.F.);
#735=ORIENTED_EDGE('',*,*,#1294,.F.);
#736=ORIENTED_EDGE('',*,*,#1295,.T.);
#737=ORIENTED_EDGE('',*,*,#1294,.T.);
#738=ORIENTED_EDGE('',*,*,#1296,.F.);
#739=ORIENTED_EDGE('',*,*,#1297,.F.);
#740=ORIENTED_EDGE('',*,*,#1298,.T.);
#741=ORIENTED_EDGE('',*,*,#1297,.T.);
#742=ORIENTED_EDGE('',*,*,#1299,.F.);
#743=ORIENTED_EDGE('',*,*,#1300,.F.);
#744=ORIENTED_EDGE('',*,*,#1301,.T.);
#745=ORIENTED_EDGE('',*,*,#1300,.T.);
#746=ORIENTED_EDGE('',*,*,#1302,.F.);
#747=ORIENTED_EDGE('',*,*,#1303,.F.);
#748=ORIENTED_EDGE('',*,*,#1304,.T.);
#749=ORIENTED_EDGE('',*,*,#1303,.T.);
#750=ORIENTED_EDGE('',*,*,#1305,.F.);
#751=ORIENTED_EDGE('',*,*,#1306,.F.);
#752=ORIENTED_EDGE('',*,*,#1307,.T.);
#753=ORIENTED_EDGE('',*,*,#1306,.T.);
#754=ORIENTED_EDGE('',*,*,#1308,.F.);
#755=ORIENTED_EDGE('',*,*,#1309,.F.);
#756=ORIENTED_EDGE('',*,*,#1310,.T.);
#757=ORIENTED_EDGE('',*,*,#1309,.T.);
#758=ORIENTED_EDGE('',*,*,#1311,.F.);
#759=ORIENTED_EDGE('',*,*,#1312,.F.);
#760=ORIENTED_EDGE('',*,*,#1313,.T.);
#761=ORIENTED_EDGE('',*,*,#1312,.T.);
#762=ORIENTED_EDGE('',*,*,#1314,.F.);
#763=ORIENTED_EDGE('',*,*,#1315,.F.);
#764=ORIENTED_EDGE('',*,*,#1315,.T.);
#765=ORIENTED_EDGE('',*,*,#1316,.F.);
#766=ORIENTED_EDGE('',*,*,#1317,.F.);
#767=ORIENTED_EDGE('',*,*,#1318,.T.);
#768=ORIENTED_EDGE('',*,*,#1319,.T.);
#769=ORIENTED_EDGE('',*,*,#1317,.T.);
#770=ORIENTED_EDGE('',*,*,#1320,.F.);
#771=ORIENTED_EDGE('',*,*,#1321,.F.);
#772=ORIENTED_EDGE('',*,*,#1322,.T.);
#773=ORIENTED_EDGE('',*,*,#1321,.T.);
#774=ORIENTED_EDGE('',*,*,#1323,.F.);
#775=ORIENTED_EDGE('',*,*,#1324,.F.);
#776=ORIENTED_EDGE('',*,*,#1325,.T.);
#777=ORIENTED_EDGE('',*,*,#1324,.T.);
#778=ORIENTED_EDGE('',*,*,#1326,.F.);
#779=ORIENTED_EDGE('',*,*,#1327,.F.);
#780=ORIENTED_EDGE('',*,*,#1328,.T.);
#781=ORIENTED_EDGE('',*,*,#1327,.T.);
#782=ORIENTED_EDGE('',*,*,#1329,.F.);
#783=ORIENTED_EDGE('',*,*,#1330,.F.);
#784=ORIENTED_EDGE('',*,*,#1331,.T.);
#785=ORIENTED_EDGE('',*,*,#1330,.T.);
#786=ORIENTED_EDGE('',*,*,#1332,.F.);
#787=ORIENTED_EDGE('',*,*,#1333,.F.);
#788=ORIENTED_EDGE('',*,*,#1334,.T.);
#789=ORIENTED_EDGE('',*,*,#1333,.T.);
#790=ORIENTED_EDGE('',*,*,#1335,.F.);
#791=ORIENTED_EDGE('',*,*,#1336,.F.);
#792=ORIENTED_EDGE('',*,*,#1337,.T.);
#793=ORIENTED_EDGE('',*,*,#1336,.T.);
#794=ORIENTED_EDGE('',*,*,#1338,.F.);
#795=ORIENTED_EDGE('',*,*,#1339,.F.);
#796=ORIENTED_EDGE('',*,*,#1340,.T.);
#797=ORIENTED_EDGE('',*,*,#1339,.T.);
#798=ORIENTED_EDGE('',*,*,#1341,.F.);
#799=ORIENTED_EDGE('',*,*,#1342,.F.);
#800=ORIENTED_EDGE('',*,*,#1343,.T.);
#801=ORIENTED_EDGE('',*,*,#1342,.T.);
#802=ORIENTED_EDGE('',*,*,#1344,.F.);
#803=ORIENTED_EDGE('',*,*,#1345,.F.);
#804=ORIENTED_EDGE('',*,*,#1346,.T.);
#805=ORIENTED_EDGE('',*,*,#1345,.T.);
#806=ORIENTED_EDGE('',*,*,#1347,.F.);
#807=ORIENTED_EDGE('',*,*,#1348,.F.);
#808=ORIENTED_EDGE('',*,*,#1349,.T.);
#809=ORIENTED_EDGE('',*,*,#1348,.T.);
#810=ORIENTED_EDGE('',*,*,#1350,.F.);
#811=ORIENTED_EDGE('',*,*,#1351,.F.);
#812=ORIENTED_EDGE('',*,*,#1352,.T.);
#813=ORIENTED_EDGE('',*,*,#1351,.T.);
#814=ORIENTED_EDGE('',*,*,#1353,.F.);
#815=ORIENTED_EDGE('',*,*,#1354,.F.);
#816=ORIENTED_EDGE('',*,*,#1355,.T.);
#817=ORIENTED_EDGE('',*,*,#1354,.T.);
#818=ORIENTED_EDGE('',*,*,#1356,.F.);
#819=ORIENTED_EDGE('',*,*,#1357,.F.);
#820=ORIENTED_EDGE('',*,*,#1358,.T.);
#821=ORIENTED_EDGE('',*,*,#1357,.T.);
#822=ORIENTED_EDGE('',*,*,#1359,.F.);
#823=ORIENTED_EDGE('',*,*,#1360,.F.);
#824=ORIENTED_EDGE('',*,*,#1361,.T.);
#825=ORIENTED_EDGE('',*,*,#1360,.T.);
#826=ORIENTED_EDGE('',*,*,#1362,.F.);
#827=ORIENTED_EDGE('',*,*,#1363,.F.);
#828=ORIENTED_EDGE('',*,*,#1364,.T.);
#829=ORIENTED_EDGE('',*,*,#1363,.T.);
#830=ORIENTED_EDGE('',*,*,#1365,.F.);
#831=ORIENTED_EDGE('',*,*,#1366,.F.);
#832=ORIENTED_EDGE('',*,*,#1367,.T.);
#833=ORIENTED_EDGE('',*,*,#1366,.T.);
#834=ORIENTED_EDGE('',*,*,#1368,.F.);
#835=ORIENTED_EDGE('',*,*,#1369,.F.);
#836=ORIENTED_EDGE('',*,*,#1370,.T.);
#837=ORIENTED_EDGE('',*,*,#1369,.T.);
#838=ORIENTED_EDGE('',*,*,#1371,.F.);
#839=ORIENTED_EDGE('',*,*,#1372,.F.);
#840=ORIENTED_EDGE('',*,*,#1373,.T.);
#841=ORIENTED_EDGE('',*,*,#1372,.T.);
#842=ORIENTED_EDGE('',*,*,#1374,.F.);
#843=ORIENTED_EDGE('',*,*,#1375,.F.);
#844=ORIENTED_EDGE('',*,*,#1376,.T.);
#845=ORIENTED_EDGE('',*,*,#1375,.T.);
#846=ORIENTED_EDGE('',*,*,#1377,.F.);
#847=ORIENTED_EDGE('',*,*,#1378,.F.);
#848=ORIENTED_EDGE('',*,*,#1379,.T.);
#849=ORIENTED_EDGE('',*,*,#1378,.T.);
#850=ORIENTED_EDGE('',*,*,#1380,.F.);
#851=ORIENTED_EDGE('',*,*,#1381,.F.);
#852=ORIENTED_EDGE('',*,*,#1382,.T.);
#853=ORIENTED_EDGE('',*,*,#1381,.T.);
#854=ORIENTED_EDGE('',*,*,#1383,.F.);
#855=ORIENTED_EDGE('',*,*,#1384,.F.);
#856=ORIENTED_EDGE('',*,*,#1385,.T.);
#857=ORIENTED_EDGE('',*,*,#1384,.T.);
#858=ORIENTED_EDGE('',*,*,#1386,.F.);
#859=ORIENTED_EDGE('',*,*,#1387,.F.);
#860=ORIENTED_EDGE('',*,*,#1388,.T.);
#861=ORIENTED_EDGE('',*,*,#1387,.T.);
#862=ORIENTED_EDGE('',*,*,#1389,.F.);
#863=ORIENTED_EDGE('',*,*,#1390,.F.);
#864=ORIENTED_EDGE('',*,*,#1391,.T.);
#865=ORIENTED_EDGE('',*,*,#1390,.T.);
#866=ORIENTED_EDGE('',*,*,#1392,.F.);
#867=ORIENTED_EDGE('',*,*,#1393,.F.);
#868=ORIENTED_EDGE('',*,*,#1394,.T.);
#869=ORIENTED_EDGE('',*,*,#1393,.T.);
#870=ORIENTED_EDGE('',*,*,#1395,.F.);
#871=ORIENTED_EDGE('',*,*,#1396,.F.);
#872=ORIENTED_EDGE('',*,*,#1397,.T.);
#873=ORIENTED_EDGE('',*,*,#1396,.T.);
#874=ORIENTED_EDGE('',*,*,#1398,.F.);
#875=ORIENTED_EDGE('',*,*,#1399,.F.);
#876=ORIENTED_EDGE('',*,*,#1400,.T.);
#877=ORIENTED_EDGE('',*,*,#1399,.T.);
#878=ORIENTED_EDGE('',*,*,#1401,.F.);
#879=ORIENTED_EDGE('',*,*,#1199,.F.);
#880=ORIENTED_EDGE('',*,*,#1402,.T.);
#881=ORIENTED_EDGE('',*,*,#1403,.T.);
#882=ORIENTED_EDGE('',*,*,#1404,.T.);
#883=ORIENTED_EDGE('',*,*,#1405,.T.);
#884=ORIENTED_EDGE('',*,*,#1406,.T.);
#885=ORIENTED_EDGE('',*,*,#1407,.T.);
#886=ORIENTED_EDGE('',*,*,#1408,.T.);
#887=ORIENTED_EDGE('',*,*,#1196,.T.);
#888=ORIENTED_EDGE('',*,*,#1198,.F.);
#889=ORIENTED_EDGE('',*,*,#1202,.F.);
#890=ORIENTED_EDGE('',*,*,#1205,.F.);
#891=ORIENTED_EDGE('',*,*,#1208,.F.);
#892=ORIENTED_EDGE('',*,*,#1211,.F.);
#893=ORIENTED_EDGE('',*,*,#1216,.F.);
#894=ORIENTED_EDGE('',*,*,#1217,.F.);
#895=ORIENTED_EDGE('',*,*,#1220,.F.);
#896=ORIENTED_EDGE('',*,*,#1223,.F.);
#897=ORIENTED_EDGE('',*,*,#1228,.F.);
#898=ORIENTED_EDGE('',*,*,#1229,.F.);
#899=ORIENTED_EDGE('',*,*,#1232,.F.);
#900=ORIENTED_EDGE('',*,*,#1235,.F.);
#901=ORIENTED_EDGE('',*,*,#1240,.F.);
#902=ORIENTED_EDGE('',*,*,#1241,.F.);
#903=ORIENTED_EDGE('',*,*,#1244,.F.);
#904=ORIENTED_EDGE('',*,*,#1247,.F.);
#905=ORIENTED_EDGE('',*,*,#1252,.F.);
#906=ORIENTED_EDGE('',*,*,#1253,.F.);
#907=ORIENTED_EDGE('',*,*,#1256,.F.);
#908=ORIENTED_EDGE('',*,*,#1259,.F.);
#909=ORIENTED_EDGE('',*,*,#1264,.F.);
#910=ORIENTED_EDGE('',*,*,#1265,.F.);
#911=ORIENTED_EDGE('',*,*,#1268,.F.);
#912=ORIENTED_EDGE('',*,*,#1271,.F.);
#913=ORIENTED_EDGE('',*,*,#1276,.F.);
#914=ORIENTED_EDGE('',*,*,#1277,.F.);
#915=ORIENTED_EDGE('',*,*,#1280,.F.);
#916=ORIENTED_EDGE('',*,*,#1283,.F.);
#917=ORIENTED_EDGE('',*,*,#1286,.F.);
#918=ORIENTED_EDGE('',*,*,#1289,.F.);
#919=ORIENTED_EDGE('',*,*,#1292,.F.);
#920=ORIENTED_EDGE('',*,*,#1295,.F.);
#921=ORIENTED_EDGE('',*,*,#1298,.F.);
#922=ORIENTED_EDGE('',*,*,#1301,.F.);
#923=ORIENTED_EDGE('',*,*,#1304,.F.);
#924=ORIENTED_EDGE('',*,*,#1307,.F.);
#925=ORIENTED_EDGE('',*,*,#1310,.F.);
#926=ORIENTED_EDGE('',*,*,#1313,.F.);
#927=ORIENTED_EDGE('',*,*,#1318,.F.);
#928=ORIENTED_EDGE('',*,*,#1319,.F.);
#929=ORIENTED_EDGE('',*,*,#1322,.F.);
#930=ORIENTED_EDGE('',*,*,#1325,.F.);
#931=ORIENTED_EDGE('',*,*,#1328,.F.);
#932=ORIENTED_EDGE('',*,*,#1331,.F.);
#933=ORIENTED_EDGE('',*,*,#1334,.F.);
#934=ORIENTED_EDGE('',*,*,#1337,.F.);
#935=ORIENTED_EDGE('',*,*,#1340,.F.);
#936=ORIENTED_EDGE('',*,*,#1343,.F.);
#937=ORIENTED_EDGE('',*,*,#1346,.F.);
#938=ORIENTED_EDGE('',*,*,#1349,.F.);
#939=ORIENTED_EDGE('',*,*,#1352,.F.);
#940=ORIENTED_EDGE('',*,*,#1355,.F.);
#941=ORIENTED_EDGE('',*,*,#1358,.F.);
#942=ORIENTED_EDGE('',*,*,#1361,.F.);
#943=ORIENTED_EDGE('',*,*,#1364,.F.);
#944=ORIENTED_EDGE('',*,*,#1367,.F.);
#945=ORIENTED_EDGE('',*,*,#1370,.F.);
#946=ORIENTED_EDGE('',*,*,#1373,.F.);
#947=ORIENTED_EDGE('',*,*,#1376,.F.);
#948=ORIENTED_EDGE('',*,*,#1379,.F.);
#949=ORIENTED_EDGE('',*,*,#1382,.F.);
#950=ORIENTED_EDGE('',*,*,#1385,.F.);
#951=ORIENTED_EDGE('',*,*,#1388,.F.);
#952=ORIENTED_EDGE('',*,*,#1391,.F.);
#953=ORIENTED_EDGE('',*,*,#1394,.F.);
#954=ORIENTED_EDGE('',*,*,#1397,.F.);
#955=ORIENTED_EDGE('',*,*,#1400,.F.);
#956=ORIENTED_EDGE('',*,*,#1409,.T.);
#957=ORIENTED_EDGE('',*,*,#1410,.F.);
#958=ORIENTED_EDGE('',*,*,#1411,.F.);
#959=ORIENTED_EDGE('',*,*,#1410,.T.);
#960=ORIENTED_EDGE('',*,*,#1412,.T.);
#961=ORIENTED_EDGE('',*,*,#1413,.F.);
#962=ORIENTED_EDGE('',*,*,#1414,.F.);
#963=ORIENTED_EDGE('',*,*,#1413,.T.);
#964=ORIENTED_EDGE('',*,*,#1415,.T.);
#965=ORIENTED_EDGE('',*,*,#1416,.F.);
#966=ORIENTED_EDGE('',*,*,#1417,.F.);
#967=ORIENTED_EDGE('',*,*,#1416,.T.);
#968=ORIENTED_EDGE('',*,*,#1418,.T.);
#969=ORIENTED_EDGE('',*,*,#1419,.F.);
#970=ORIENTED_EDGE('',*,*,#1420,.F.);
#971=ORIENTED_EDGE('',*,*,#1419,.T.);
#972=ORIENTED_EDGE('',*,*,#1421,.T.);
#973=ORIENTED_EDGE('',*,*,#1422,.F.);
#974=ORIENTED_EDGE('',*,*,#1423,.F.);
#975=ORIENTED_EDGE('',*,*,#1422,.T.);
#976=ORIENTED_EDGE('',*,*,#1424,.T.);
#977=ORIENTED_EDGE('',*,*,#1425,.F.);
#978=ORIENTED_EDGE('',*,*,#1426,.F.);
#979=ORIENTED_EDGE('',*,*,#1425,.T.);
#980=ORIENTED_EDGE('',*,*,#1427,.T.);
#981=ORIENTED_EDGE('',*,*,#1428,.F.);
#982=ORIENTED_EDGE('',*,*,#1429,.F.);
#983=ORIENTED_EDGE('',*,*,#1428,.T.);
#984=ORIENTED_EDGE('',*,*,#1197,.F.);
#985=ORIENTED_EDGE('',*,*,#1427,.F.);
#986=ORIENTED_EDGE('',*,*,#1424,.F.);
#987=ORIENTED_EDGE('',*,*,#1421,.F.);
#988=ORIENTED_EDGE('',*,*,#1418,.F.);
#989=ORIENTED_EDGE('',*,*,#1415,.F.);
#990=ORIENTED_EDGE('',*,*,#1412,.F.);
#991=ORIENTED_EDGE('',*,*,#1409,.F.);
#992=ORIENTED_EDGE('',*,*,#1401,.T.);
#993=ORIENTED_EDGE('',*,*,#1398,.T.);
#994=ORIENTED_EDGE('',*,*,#1395,.T.);
#995=ORIENTED_EDGE('',*,*,#1392,.T.);
#996=ORIENTED_EDGE('',*,*,#1389,.T.);
#997=ORIENTED_EDGE('',*,*,#1386,.T.);
#998=ORIENTED_EDGE('',*,*,#1383,.T.);
#999=ORIENTED_EDGE('',*,*,#1380,.T.);
#1000=ORIENTED_EDGE('',*,*,#1377,.T.);
#1001=ORIENTED_EDGE('',*,*,#1374,.T.);
#1002=ORIENTED_EDGE('',*,*,#1371,.T.);
#1003=ORIENTED_EDGE('',*,*,#1368,.T.);
#1004=ORIENTED_EDGE('',*,*,#1365,.T.);
#1005=ORIENTED_EDGE('',*,*,#1362,.T.);
#1006=ORIENTED_EDGE('',*,*,#1359,.T.);
#1007=ORIENTED_EDGE('',*,*,#1356,.T.);
#1008=ORIENTED_EDGE('',*,*,#1353,.T.);
#1009=ORIENTED_EDGE('',*,*,#1350,.T.);
#1010=ORIENTED_EDGE('',*,*,#1347,.T.);
#1011=ORIENTED_EDGE('',*,*,#1344,.T.);
#1012=ORIENTED_EDGE('',*,*,#1341,.T.);
#1013=ORIENTED_EDGE('',*,*,#1338,.T.);
#1014=ORIENTED_EDGE('',*,*,#1335,.T.);
#1015=ORIENTED_EDGE('',*,*,#1332,.T.);
#1016=ORIENTED_EDGE('',*,*,#1329,.T.);
#1017=ORIENTED_EDGE('',*,*,#1326,.T.);
#1018=ORIENTED_EDGE('',*,*,#1323,.T.);
#1019=ORIENTED_EDGE('',*,*,#1320,.T.);
#1020=ORIENTED_EDGE('',*,*,#1316,.T.);
#1021=ORIENTED_EDGE('',*,*,#1314,.T.);
#1022=ORIENTED_EDGE('',*,*,#1311,.T.);
#1023=ORIENTED_EDGE('',*,*,#1308,.T.);
#1024=ORIENTED_EDGE('',*,*,#1305,.T.);
#1025=ORIENTED_EDGE('',*,*,#1302,.T.);
#1026=ORIENTED_EDGE('',*,*,#1299,.T.);
#1027=ORIENTED_EDGE('',*,*,#1296,.T.);
#1028=ORIENTED_EDGE('',*,*,#1293,.T.);
#1029=ORIENTED_EDGE('',*,*,#1290,.T.);
#1030=ORIENTED_EDGE('',*,*,#1287,.T.);
#1031=ORIENTED_EDGE('',*,*,#1284,.T.);
#1032=ORIENTED_EDGE('',*,*,#1281,.T.);
#1033=ORIENTED_EDGE('',*,*,#1278,.T.);
#1034=ORIENTED_EDGE('',*,*,#1274,.T.);
#1035=ORIENTED_EDGE('',*,*,#1272,.T.);
#1036=ORIENTED_EDGE('',*,*,#1269,.T.);
#1037=ORIENTED_EDGE('',*,*,#1266,.T.);
#1038=ORIENTED_EDGE('',*,*,#1262,.T.);
#1039=ORIENTED_EDGE('',*,*,#1260,.T.);
#1040=ORIENTED_EDGE('',*,*,#1257,.T.);
#1041=ORIENTED_EDGE('',*,*,#1254,.T.);
#1042=ORIENTED_EDGE('',*,*,#1250,.T.);
#1043=ORIENTED_EDGE('',*,*,#1248,.T.);
#1044=ORIENTED_EDGE('',*,*,#1245,.T.);
#1045=ORIENTED_EDGE('',*,*,#1242,.T.);
#1046=ORIENTED_EDGE('',*,*,#1238,.T.);
#1047=ORIENTED_EDGE('',*,*,#1236,.T.);
#1048=ORIENTED_EDGE('',*,*,#1233,.T.);
#1049=ORIENTED_EDGE('',*,*,#1230,.T.);
#1050=ORIENTED_EDGE('',*,*,#1226,.T.);
#1051=ORIENTED_EDGE('',*,*,#1224,.T.);
#1052=ORIENTED_EDGE('',*,*,#1221,.T.);
#1053=ORIENTED_EDGE('',*,*,#1218,.T.);
#1054=ORIENTED_EDGE('',*,*,#1214,.T.);
#1055=ORIENTED_EDGE('',*,*,#1212,.T.);
#1056=ORIENTED_EDGE('',*,*,#1209,.T.);
#1057=ORIENTED_EDGE('',*,*,#1206,.T.);
#1058=ORIENTED_EDGE('',*,*,#1203,.T.);
#1059=ORIENTED_EDGE('',*,*,#1200,.T.);
#1060=ORIENTED_EDGE('',*,*,#1411,.T.);
#1061=ORIENTED_EDGE('',*,*,#1408,.F.);
#1062=ORIENTED_EDGE('',*,*,#1414,.T.);
#1063=ORIENTED_EDGE('',*,*,#1407,.F.);
#1064=ORIENTED_EDGE('',*,*,#1417,.T.);
#1065=ORIENTED_EDGE('',*,*,#1406,.F.);
#1066=ORIENTED_EDGE('',*,*,#1420,.T.);
#1067=ORIENTED_EDGE('',*,*,#1405,.F.);
#1068=ORIENTED_EDGE('',*,*,#1423,.T.);
#1069=ORIENTED_EDGE('',*,*,#1404,.F.);
#1070=ORIENTED_EDGE('',*,*,#1429,.T.);
#1071=ORIENTED_EDGE('',*,*,#1403,.F.);
#1072=ORIENTED_EDGE('',*,*,#1426,.T.);
#1073=ORIENTED_EDGE('',*,*,#1402,.F.);
#1074=ORIENTED_EDGE('',*,*,#1430,.F.);
#1075=ORIENTED_EDGE('',*,*,#1430,.T.);
#1076=ORIENTED_EDGE('',*,*,#1431,.F.);
#1077=ORIENTED_EDGE('',*,*,#1431,.T.);
#1078=ORIENTED_EDGE('',*,*,#1432,.F.);
#1079=ORIENTED_EDGE('',*,*,#1432,.T.);
#1080=ORIENTED_EDGE('',*,*,#1433,.F.);
#1081=ORIENTED_EDGE('',*,*,#1433,.T.);
#1082=ORIENTED_EDGE('',*,*,#1434,.F.);
#1083=ORIENTED_EDGE('',*,*,#1434,.T.);
#1084=ORIENTED_EDGE('',*,*,#1435,.F.);
#1085=ORIENTED_EDGE('',*,*,#1436,.F.);
#1086=ORIENTED_EDGE('',*,*,#1435,.T.);
#1087=ORIENTED_EDGE('',*,*,#1436,.T.);
#1088=ORIENTED_EDGE('',*,*,#1437,.F.);
#1089=ORIENTED_EDGE('',*,*,#1437,.T.);
#1090=ORIENTED_EDGE('',*,*,#1438,.F.);
#1091=ORIENTED_EDGE('',*,*,#1438,.T.);
#1092=ORIENTED_EDGE('',*,*,#1439,.F.);
#1093=ORIENTED_EDGE('',*,*,#1439,.T.);
#1094=ORIENTED_EDGE('',*,*,#1440,.F.);
#1095=ORIENTED_EDGE('',*,*,#1440,.T.);
#1096=ORIENTED_EDGE('',*,*,#1441,.F.);
#1097=ORIENTED_EDGE('',*,*,#1441,.T.);
#1098=ORIENTED_EDGE('',*,*,#1442,.F.);
#1099=ORIENTED_EDGE('',*,*,#1442,.T.);
#1100=ORIENTED_EDGE('',*,*,#1443,.F.);
#1101=ORIENTED_EDGE('',*,*,#1444,.F.);
#1102=ORIENTED_EDGE('',*,*,#1443,.T.);
#1103=ORIENTED_EDGE('',*,*,#1444,.T.);
#1104=ORIENTED_EDGE('',*,*,#1445,.F.);
#1105=ORIENTED_EDGE('',*,*,#1445,.T.);
#1106=ORIENTED_EDGE('',*,*,#1446,.F.);
#1107=ORIENTED_EDGE('',*,*,#1446,.T.);
#1108=ORIENTED_EDGE('',*,*,#1447,.F.);
#1109=ORIENTED_EDGE('',*,*,#1447,.T.);
#1110=ORIENTED_EDGE('',*,*,#1448,.F.);
#1111=ORIENTED_EDGE('',*,*,#1448,.T.);
#1112=ORIENTED_EDGE('',*,*,#1449,.F.);
#1113=ORIENTED_EDGE('',*,*,#1449,.T.);
#1114=ORIENTED_EDGE('',*,*,#1450,.F.);
#1115=ORIENTED_EDGE('',*,*,#1450,.T.);
#1116=ORIENTED_EDGE('',*,*,#1451,.F.);
#1117=ORIENTED_EDGE('',*,*,#1452,.F.);
#1118=ORIENTED_EDGE('',*,*,#1451,.T.);
#1119=ORIENTED_EDGE('',*,*,#1452,.T.);
#1120=ORIENTED_EDGE('',*,*,#1453,.F.);
#1121=ORIENTED_EDGE('',*,*,#1453,.T.);
#1122=ORIENTED_EDGE('',*,*,#1454,.F.);
#1123=ORIENTED_EDGE('',*,*,#1454,.T.);
#1124=ORIENTED_EDGE('',*,*,#1455,.F.);
#1125=ORIENTED_EDGE('',*,*,#1455,.T.);
#1126=ORIENTED_EDGE('',*,*,#1456,.F.);
#1127=ORIENTED_EDGE('',*,*,#1456,.T.);
#1128=ORIENTED_EDGE('',*,*,#1457,.F.);
#1129=ORIENTED_EDGE('',*,*,#1457,.T.);
#1130=ORIENTED_EDGE('',*,*,#1458,.F.);
#1131=ORIENTED_EDGE('',*,*,#1458,.T.);
#1132=ORIENTED_EDGE('',*,*,#1459,.F.);
#1133=ORIENTED_EDGE('',*,*,#1460,.F.);
#1134=ORIENTED_EDGE('',*,*,#1459,.T.);
#1135=ORIENTED_EDGE('',*,*,#1460,.T.);
#1136=ORIENTED_EDGE('',*,*,#1461,.F.);
#1137=ORIENTED_EDGE('',*,*,#1461,.T.);
#1138=ORIENTED_EDGE('',*,*,#1462,.F.);
#1139=ORIENTED_EDGE('',*,*,#1462,.T.);
#1140=ORIENTED_EDGE('',*,*,#1463,.F.);
#1141=ORIENTED_EDGE('',*,*,#1463,.T.);
#1142=ORIENTED_EDGE('',*,*,#1464,.F.);
#1143=ORIENTED_EDGE('',*,*,#1464,.T.);
#1144=ORIENTED_EDGE('',*,*,#1465,.F.);
#1145=ORIENTED_EDGE('',*,*,#1465,.T.);
#1146=ORIENTED_EDGE('',*,*,#1466,.F.);
#1147=ORIENTED_EDGE('',*,*,#1466,.T.);
#1148=ORIENTED_EDGE('',*,*,#1467,.F.);
#1149=ORIENTED_EDGE('',*,*,#1468,.F.);
#1150=ORIENTED_EDGE('',*,*,#1467,.T.);
#1151=ORIENTED_EDGE('',*,*,#1468,.T.);
#1152=ORIENTED_EDGE('',*,*,#1469,.F.);
#1153=ORIENTED_EDGE('',*,*,#1469,.T.);
#1154=ORIENTED_EDGE('',*,*,#1470,.F.);
#1155=ORIENTED_EDGE('',*,*,#1470,.T.);
#1156=ORIENTED_EDGE('',*,*,#1471,.F.);
#1157=ORIENTED_EDGE('',*,*,#1471,.T.);
#1158=ORIENTED_EDGE('',*,*,#1472,.F.);
#1159=ORIENTED_EDGE('',*,*,#1472,.T.);
#1160=ORIENTED_EDGE('',*,*,#1473,.F.);
#1161=ORIENTED_EDGE('',*,*,#1473,.T.);
#1162=ORIENTED_EDGE('',*,*,#1474,.F.);
#1163=ORIENTED_EDGE('',*,*,#1474,.T.);
#1164=ORIENTED_EDGE('',*,*,#1475,.F.);
#1165=ORIENTED_EDGE('',*,*,#1476,.F.);
#1166=ORIENTED_EDGE('',*,*,#1475,.T.);
#1167=ORIENTED_EDGE('',*,*,#1476,.T.);
#1168=ORIENTED_EDGE('',*,*,#1477,.F.);
#1169=ORIENTED_EDGE('',*,*,#1477,.T.);
#1170=ORIENTED_EDGE('',*,*,#1478,.F.);
#1171=ORIENTED_EDGE('',*,*,#1478,.T.);
#1172=ORIENTED_EDGE('',*,*,#1479,.F.);
#1173=ORIENTED_EDGE('',*,*,#1479,.T.);
#1174=ORIENTED_EDGE('',*,*,#1480,.F.);
#1175=ORIENTED_EDGE('',*,*,#1480,.T.);
#1176=ORIENTED_EDGE('',*,*,#1481,.F.);
#1177=ORIENTED_EDGE('',*,*,#1481,.T.);
#1178=ORIENTED_EDGE('',*,*,#1482,.F.);
#1179=ORIENTED_EDGE('',*,*,#1482,.T.);
#1180=ORIENTED_EDGE('',*,*,#1483,.F.);
#1181=ORIENTED_EDGE('',*,*,#1484,.F.);
#1182=ORIENTED_EDGE('',*,*,#1483,.T.);
#1183=ORIENTED_EDGE('',*,*,#1484,.T.);
#1184=ORIENTED_EDGE('',*,*,#1485,.F.);
#1185=ORIENTED_EDGE('',*,*,#1485,.T.);
#1186=EDGE_CURVE('',#1486,#1486,#1718,.T.);
#1187=EDGE_CURVE('',#1487,#1487,#1719,.T.);
#1188=EDGE_CURVE('',#1488,#1488,#1720,.T.);
#1189=EDGE_CURVE('',#1489,#1489,#1721,.T.);
#1190=EDGE_CURVE('',#1490,#1490,#1722,.T.);
#1191=EDGE_CURVE('',#1491,#1491,#1723,.T.);
#1192=EDGE_CURVE('',#1492,#1492,#1724,.T.);
#1193=EDGE_CURVE('',#1493,#1493,#1725,.T.);
#1194=EDGE_CURVE('',#1494,#1494,#1726,.T.);
#1195=EDGE_CURVE('',#1495,#1495,#1727,.T.);
#1196=EDGE_CURVE('',#1496,#1496,#1728,.T.);
#1197=EDGE_CURVE('',#1497,#1497,#1729,.T.);
#1198=EDGE_CURVE('',#1498,#1499,#10,.T.);
#1199=EDGE_CURVE('',#1499,#1500,#11,.T.);
#1200=EDGE_CURVE('',#1501,#1500,#12,.T.);
#1201=EDGE_CURVE('',#1498,#1501,#13,.T.);
#1202=EDGE_CURVE('',#1502,#1498,#14,.T.);
#1203=EDGE_CURVE('',#1503,#1501,#15,.T.);
#1204=EDGE_CURVE('',#1502,#1503,#16,.T.);
#1205=EDGE_CURVE('',#1504,#1502,#17,.T.);
#1206=EDGE_CURVE('',#1505,#1503,#18,.T.);
#1207=EDGE_CURVE('',#1504,#1505,#19,.T.);
#1208=EDGE_CURVE('',#1506,#1504,#20,.T.);
#1209=EDGE_CURVE('',#1507,#1505,#21,.T.);
#1210=EDGE_CURVE('',#1506,#1507,#22,.T.);
#1211=EDGE_CURVE('',#1508,#1506,#23,.T.);
#1212=EDGE_CURVE('',#1509,#1507,#24,.T.);
#1213=EDGE_CURVE('',#1508,#1509,#25,.T.);
#1214=EDGE_CURVE('',#1510,#1509,#26,.T.);
#1215=EDGE_CURVE('',#1511,#1510,#27,.T.);
#1216=EDGE_CURVE('',#1511,#1508,#28,.T.);
#1217=EDGE_CURVE('',#1512,#1511,#29,.T.);
#1218=EDGE_CURVE('',#1513,#1510,#30,.T.);
#1219=EDGE_CURVE('',#1512,#1513,#31,.T.);
#1220=EDGE_CURVE('',#1514,#1512,#32,.T.);
#1221=EDGE_CURVE('',#1515,#1513,#33,.T.);
#1222=EDGE_CURVE('',#1514,#1515,#34,.T.);
#1223=EDGE_CURVE('',#1516,#1514,#35,.T.);
#1224=EDGE_CURVE('',#1517,#1515,#36,.T.);
#1225=EDGE_CURVE('',#1516,#1517,#37,.T.);
#1226=EDGE_CURVE('',#1518,#1517,#38,.T.);
#1227=EDGE_CURVE('',#1519,#1518,#39,.T.);
#1228=EDGE_CURVE('',#1519,#1516,#40,.T.);
#1229=EDGE_CURVE('',#1520,#1519,#41,.T.);
#1230=EDGE_CURVE('',#1521,#1518,#42,.T.);
#1231=EDGE_CURVE('',#1520,#1521,#43,.T.);
#1232=EDGE_CURVE('',#1522,#1520,#44,.T.);
#1233=EDGE_CURVE('',#1523,#1521,#45,.T.);
#1234=EDGE_CURVE('',#1522,#1523,#46,.T.);
#1235=EDGE_CURVE('',#1524,#1522,#47,.T.);
#1236=EDGE_CURVE('',#1525,#1523,#48,.T.);
#1237=EDGE_CURVE('',#1524,#1525,#49,.T.);
#1238=EDGE_CURVE('',#1526,#1525,#50,.T.);
#1239=EDGE_CURVE('',#1527,#1526,#51,.T.);
#1240=EDGE_CURVE('',#1527,#1524,#52,.T.);
#1241=EDGE_CURVE('',#1528,#1527,#53,.T.);
#1242=EDGE_CURVE('',#1529,#1526,#54,.T.);
#1243=EDGE_CURVE('',#1528,#1529,#55,.T.);
#1244=EDGE_CURVE('',#1530,#1528,#56,.T.);
#1245=EDGE_CURVE('',#1531,#1529,#57,.T.);
#1246=EDGE_CURVE('',#1530,#1531,#58,.T.);
#1247=EDGE_CURVE('',#1532,#1530,#59,.T.);
#1248=EDGE_CURVE('',#1533,#1531,#60,.T.);
#1249=EDGE_CURVE('',#1532,#1533,#61,.T.);
#1250=EDGE_CURVE('',#1534,#1533,#62,.T.);
#1251=EDGE_CURVE('',#1535,#1534,#63,.T.);
#1252=EDGE_CURVE('',#1535,#1532,#64,.T.);
#1253=EDGE_CURVE('',#1536,#1535,#65,.T.);
#1254=EDGE_CURVE('',#1537,#1534,#66,.T.);
#1255=EDGE_CURVE('',#1536,#1537,#67,.T.);
#1256=EDGE_CURVE('',#1538,#1536,#68,.T.);
#1257=EDGE_CURVE('',#1539,#1537,#69,.T.);
#1258=EDGE_CURVE('',#1538,#1539,#70,.T.);
#1259=EDGE_CURVE('',#1540,#1538,#71,.T.);
#1260=EDGE_CURVE('',#1541,#1539,#72,.T.);
#1261=EDGE_CURVE('',#1540,#1541,#73,.T.);
#1262=EDGE_CURVE('',#1542,#1541,#74,.T.);
#1263=EDGE_CURVE('',#1543,#1542,#75,.T.);
#1264=EDGE_CURVE('',#1543,#1540,#76,.T.);
#1265=EDGE_CURVE('',#1544,#1543,#77,.T.);
#1266=EDGE_CURVE('',#1545,#1542,#78,.T.);
#1267=EDGE_CURVE('',#1544,#1545,#79,.T.);
#1268=EDGE_CURVE('',#1546,#1544,#80,.T.);
#1269=EDGE_CURVE('',#1547,#1545,#81,.T.);
#1270=EDGE_CURVE('',#1546,#1547,#82,.T.);
#1271=EDGE_CURVE('',#1548,#1546,#83,.T.);
#1272=EDGE_CURVE('',#1549,#1547,#84,.T.);
#1273=EDGE_CURVE('',#1548,#1549,#85,.T.);
#1274=EDGE_CURVE('',#1550,#1549,#86,.T.);
#1275=EDGE_CURVE('',#1551,#1550,#87,.T.);
#1276=EDGE_CURVE('',#1551,#1548,#88,.T.);
#1277=EDGE_CURVE('',#1552,#1551,#89,.T.);
#1278=EDGE_CURVE('',#1553,#1550,#90,.T.);
#1279=EDGE_CURVE('',#1552,#1553,#91,.T.);
#1280=EDGE_CURVE('',#1554,#1552,#92,.T.);
#1281=EDGE_CURVE('',#1555,#1553,#93,.T.);
#1282=EDGE_CURVE('',#1554,#1555,#94,.T.);
#1283=EDGE_CURVE('',#1556,#1554,#95,.T.);
#1284=EDGE_CURVE('',#1557,#1555,#96,.T.);
#1285=EDGE_CURVE('',#1556,#1557,#97,.T.);
#1286=EDGE_CURVE('',#1558,#1556,#98,.T.);
#1287=EDGE_CURVE('',#1559,#1557,#99,.T.);
#1288=EDGE_CURVE('',#1558,#1559,#100,.T.);
#1289=EDGE_CURVE('',#1560,#1558,#101,.T.);
#1290=EDGE_CURVE('',#1561,#1559,#102,.T.);
#1291=EDGE_CURVE('',#1560,#1561,#103,.T.);
#1292=EDGE_CURVE('',#1562,#1560,#104,.T.);
#1293=EDGE_CURVE('',#1563,#1561,#105,.T.);
#1294=EDGE_CURVE('',#1562,#1563,#106,.T.);
#1295=EDGE_CURVE('',#1564,#1562,#107,.T.);
#1296=EDGE_CURVE('',#1565,#1563,#108,.T.);
#1297=EDGE_CURVE('',#1564,#1565,#109,.T.);
#1298=EDGE_CURVE('',#1566,#1564,#110,.T.);
#1299=EDGE_CURVE('',#1567,#1565,#111,.T.);
#1300=EDGE_CURVE('',#1566,#1567,#112,.T.);
#1301=EDGE_CURVE('',#1568,#1566,#113,.T.);
#1302=EDGE_CURVE('',#1569,#1567,#114,.T.);
#1303=EDGE_CURVE('',#1568,#1569,#115,.T.);
#1304=EDGE_CURVE('',#1570,#1568,#116,.T.);
#1305=EDGE_CURVE('',#1571,#1569,#117,.T.);
#1306=EDGE_CURVE('',#1570,#1571,#118,.T.);
#1307=EDGE_CURVE('',#1572,#1570,#119,.T.);
#1308=EDGE_CURVE('',#1573,#1571,#120,.T.);
#1309=EDGE_CURVE('',#1572,#1573,#121,.T.);
#1310=EDGE_CURVE('',#1574,#1572,#122,.T.);
#1311=EDGE_CURVE('',#1575,#1573,#123,.T.);
#1312=EDGE_CURVE('',#1574,#1575,#124,.T.);
#1313=EDGE_CURVE('',#1576,#1574,#125,.T.);
#1314=EDGE_CURVE('',#1577,#1575,#126,.T.);
#1315=EDGE_CURVE('',#1576,#1577,#127,.T.);
#1316=EDGE_CURVE('',#1578,#1577,#128,.T.);
#1317=EDGE_CURVE('',#1579,#1578,#129,.T.);
#1318=EDGE_CURVE('',#1579,#1576,#130,.T.);
#1319=EDGE_CURVE('',#1580,#1579,#131,.T.);
#1320=EDGE_CURVE('',#1581,#1578,#132,.T.);
#1321=EDGE_CURVE('',#1580,#1581,#133,.T.);
#1322=EDGE_CURVE('',#1582,#1580,#134,.T.);
#1323=EDGE_CURVE('',#1583,#1581,#135,.T.);
#1324=EDGE_CURVE('',#1582,#1583,#136,.T.);
#1325=EDGE_CURVE('',#1584,#1582,#137,.T.);
#1326=EDGE_CURVE('',#1585,#1583,#138,.T.);
#1327=EDGE_CURVE('',#1584,#1585,#139,.T.);
#1328=EDGE_CURVE('',#1586,#1584,#140,.T.);
#1329=EDGE_CURVE('',#1587,#1585,#141,.T.);
#1330=EDGE_CURVE('',#1586,#1587,#142,.T.);
#1331=EDGE_CURVE('',#1588,#1586,#143,.T.);
#1332=EDGE_CURVE('',#1589,#1587,#144,.T.);
#1333=EDGE_CURVE('',#1588,#1589,#145,.T.);
#1334=EDGE_CURVE('',#1590,#1588,#146,.T.);
#1335=EDGE_CURVE('',#1591,#1589,#147,.T.);
#1336=EDGE_CURVE('',#1590,#1591,#148,.T.);
#1337=EDGE_CURVE('',#1592,#1590,#149,.T.);
#1338=EDGE_CURVE('',#1593,#1591,#150,.T.);
#1339=EDGE_CURVE('',#1592,#1593,#151,.T.);
#1340=EDGE_CURVE('',#1594,#1592,#152,.T.);
#1341=EDGE_CURVE('',#1595,#1593,#153,.T.);
#1342=EDGE_CURVE('',#1594,#1595,#154,.T.);
#1343=EDGE_CURVE('',#1596,#1594,#155,.T.);
#1344=EDGE_CURVE('',#1597,#1595,#156,.T.);
#1345=EDGE_CURVE('',#1596,#1597,#157,.T.);
#1346=EDGE_CURVE('',#1598,#1596,#158,.T.);
#1347=EDGE_CURVE('',#1599,#1597,#159,.T.);
#1348=EDGE_CURVE('',#1598,#1599,#160,.T.);
#1349=EDGE_CURVE('',#1600,#1598,#161,.T.);
#1350=EDGE_CURVE('',#1601,#1599,#162,.T.);
#1351=EDGE_CURVE('',#1600,#1601,#163,.T.);
#1352=EDGE_CURVE('',#1602,#1600,#164,.T.);
#1353=EDGE_CURVE('',#1603,#1601,#165,.T.);
#1354=EDGE_CURVE('',#1602,#1603,#166,.T.);
#1355=EDGE_CURVE('',#1604,#1602,#167,.T.);
#1356=EDGE_CURVE('',#1605,#1603,#168,.T.);
#1357=EDGE_CURVE('',#1604,#1605,#169,.T.);
#1358=EDGE_CURVE('',#1606,#1604,#170,.T.);
#1359=EDGE_CURVE('',#1607,#1605,#171,.T.);
#1360=EDGE_CURVE('',#1606,#1607,#172,.T.);
#1361=EDGE_CURVE('',#1608,#1606,#173,.T.);
#1362=EDGE_CURVE('',#1609,#1607,#174,.T.);
#1363=EDGE_CURVE('',#1608,#1609,#175,.T.);
#1364=EDGE_CURVE('',#1610,#1608,#176,.T.);
#1365=EDGE_CURVE('',#1611,#1609,#177,.T.);
#1366=EDGE_CURVE('',#1610,#1611,#178,.T.);
#1367=EDGE_CURVE('',#1612,#1610,#179,.T.);
#1368=EDGE_CURVE('',#1613,#1611,#180,.T.);
#1369=EDGE_CURVE('',#1612,#1613,#181,.T.);
#1370=EDGE_CURVE('',#1614,#1612,#182,.T.);
#1371=EDGE_CURVE('',#1615,#1613,#183,.T.);
#1372=EDGE_CURVE('',#1614,#1615,#184,.T.);
#1373=EDGE_CURVE('',#1616,#1614,#185,.T.);
#1374=EDGE_CURVE('',#1617,#1615,#186,.T.);
#1375=EDGE_CURVE('',#1616,#1617,#187,.T.);
#1376=EDGE_CURVE('',#1618,#1616,#188,.T.);
#1377=EDGE_CURVE('',#1619,#1617,#189,.T.);
#1378=EDGE_CURVE('',#1618,#1619,#190,.T.);
#1379=EDGE_CURVE('',#1620,#1618,#191,.T.);
#1380=EDGE_CURVE('',#1621,#1619,#192,.T.);
#1381=EDGE_CURVE('',#1620,#1621,#193,.T.);
#1382=EDGE_CURVE('',#1622,#1620,#194,.T.);
#1383=EDGE_CURVE('',#1623,#1621,#195,.T.);
#1384=EDGE_CURVE('',#1622,#1623,#196,.T.);
#1385=EDGE_CURVE('',#1624,#1622,#197,.T.);
#1386=EDGE_CURVE('',#1625,#1623,#198,.T.);
#1387=EDGE_CURVE('',#1624,#1625,#199,.T.);
#1388=EDGE_CURVE('',#1626,#1624,#200,.T.);
#1389=EDGE_CURVE('',#1627,#1625,#201,.T.);
#1390=EDGE_CURVE('',#1626,#1627,#202,.T.);
#1391=EDGE_CURVE('',#1628,#1626,#203,.T.);
#1392=EDGE_CURVE('',#1629,#1627,#204,.T.);
#1393=EDGE_CURVE('',#1628,#1629,#205,.T.);
#1394=EDGE_CURVE('',#1630,#1628,#206,.T.);
#1395=EDGE_CURVE('',#1631,#1629,#207,.T.);
#1396=EDGE_CURVE('',#1630,#1631,#208,.T.);
#1397=EDGE_CURVE('',#1632,#1630,#209,.T.);
#1398=EDGE_CURVE('',#1633,#1631,#210,.T.);
#1399=EDGE_CURVE('',#1632,#1633,#211,.T.);
#1400=EDGE_CURVE('',#1499,#1632,#212,.T.);
#1401=EDGE_CURVE('',#1500,#1633,#213,.T.);
#1402=EDGE_CURVE('',#1634,#1634,#1730,.T.);
#1403=EDGE_CURVE('',#1635,#1635,#1731,.T.);
#1404=EDGE_CURVE('',#1636,#1636,#1732,.T.);
#1405=EDGE_CURVE('',#1637,#1637,#1733,.T.);
#1406=EDGE_CURVE('',#1638,#1638,#1734,.T.);
#1407=EDGE_CURVE('',#1639,#1639,#1735,.T.);
#1408=EDGE_CURVE('',#1640,#1640,#1736,.T.);
#1409=EDGE_CURVE('',#1641,#1641,#1737,.T.);
#1410=EDGE_CURVE('',#1642,#1642,#1738,.T.);
#1411=EDGE_CURVE('',#1643,#1643,#1739,.T.);
#1412=EDGE_CURVE('',#1644,#1644,#1740,.T.);
#1413=EDGE_CURVE('',#1645,#1645,#1741,.T.);
#1414=EDGE_CURVE('',#1646,#1646,#1742,.T.);
#1415=EDGE_CURVE('',#1647,#1647,#1743,.T.);
#1416=EDGE_CURVE('',#1648,#1648,#1744,.T.);
#1417=EDGE_CURVE('',#1649,#1649,#1745,.T.);
#1418=EDGE_CURVE('',#1650,#1650,#1746,.T.);
#1419=EDGE_CURVE('',#1651,#1651,#1747,.T.);
#1420=EDGE_CURVE('',#1652,#1652,#1748,.T.);
#1421=EDGE_CURVE('',#1653,#1653,#1749,.T.);
#1422=EDGE_CURVE('',#1654,#1654,#1750,.T.);
#1423=EDGE_CURVE('',#1655,#1655,#1751,.T.);
#1424=EDGE_CURVE('',#1656,#1656,#1752,.T.);
#1425=EDGE_CURVE('',#1657,#1657,#1753,.T.);
#1426=EDGE_CURVE('',#1658,#1658,#1754,.T.);
#1427=EDGE_CURVE('',#1659,#1659,#1755,.T.);
#1428=EDGE_CURVE('',#1660,#1660,#1756,.T.);
#1429=EDGE_CURVE('',#1661,#1661,#1757,.T.);
#1430=EDGE_CURVE('',#1662,#1662,#1758,.T.);
#1431=EDGE_CURVE('',#1663,#1663,#1759,.T.);
#1432=EDGE_CURVE('',#1664,#1664,#1760,.T.);
#1433=EDGE_CURVE('',#1665,#1665,#1761,.T.);
#1434=EDGE_CURVE('',#1666,#1666,#1762,.T.);
#1435=EDGE_CURVE('',#1667,#1667,#1763,.T.);
#1436=EDGE_CURVE('',#1668,#1668,#1764,.T.);
#1437=EDGE_CURVE('',#1669,#1669,#1765,.T.);
#1438=EDGE_CURVE('',#1670,#1670,#1766,.T.);
#1439=EDGE_CURVE('',#1671,#1671,#1767,.T.);
#1440=EDGE_CURVE('',#1672,#1672,#1768,.T.);
#1441=EDGE_CURVE('',#1673,#1673,#1769,.T.);
#1442=EDGE_CURVE('',#1674,#1674,#1770,.T.);
#1443=EDGE_CURVE('',#1675,#1675,#1771,.T.);
#1444=EDGE_CURVE('',#1676,#1676,#1772,.T.);
#1445=EDGE_CURVE('',#1677,#1677,#1773,.T.);
#1446=EDGE_CURVE('',#1678,#1678,#1774,.T.);
#1447=EDGE_CURVE('',#1679,#1679,#1775,.T.);
#1448=EDGE_CURVE('',#1680,#1680,#1776,.T.);
#1449=EDGE_CURVE('',#1681,#1681,#1777,.T.);
#1450=EDGE_CURVE('',#1682,#1682,#1778,.T.);
#1451=EDGE_CURVE('',#1683,#1683,#1779,.T.);
#1452=EDGE_CURVE('',#1684,#1684,#1780,.T.);
#1453=EDGE_CURVE('',#1685,#1685,#1781,.T.);
#1454=EDGE_CURVE('',#1686,#1686,#1782,.T.);
#1455=EDGE_CURVE('',#1687,#1687,#1783,.T.);
#1456=EDGE_CURVE('',#1688,#1688,#1784,.T.);
#1457=EDGE_CURVE('',#1689,#1689,#1785,.T.);
#1458=EDGE_CURVE('',#1690,#1690,#1786,.T.);
#1459=EDGE_CURVE('',#1691,#1691,#1787,.T.);
#1460=EDGE_CURVE('',#1692,#1692,#1788,.T.);
#1461=EDGE_CURVE('',#1693,#1693,#1789,.T.);
#1462=EDGE_CURVE('',#1694,#1694,#1790,.T.);
#1463=EDGE_CURVE('',#1695,#1695,#1791,.T.);
#1464=EDGE_CURVE('',#1696,#1696,#1792,.T.);
#1465=EDGE_CURVE('',#1697,#1697,#1793,.T.);
#1466=EDGE_CURVE('',#1698,#1698,#1794,.T.);
#1467=EDGE_CURVE('',#1699,#1699,#1795,.T.);
#1468=EDGE_CURVE('',#1700,#1700,#1796,.T.);
#1469=EDGE_CURVE('',#1701,#1701,#1797,.T.);
#1470=EDGE_CURVE('',#1702,#1702,#1798,.T.);
#1471=EDGE_CURVE('',#1703,#1703,#1799,.T.);
#1472=EDGE_CURVE('',#1704,#1704,#1800,.T.);
#1473=EDGE_CURVE('',#1705,#1705,#1801,.T.);
#1474=EDGE_CURVE('',#1706,#1706,#1802,.T.);
#1475=EDGE_CURVE('',#1707,#1707,#1803,.T.);
#1476=EDGE_CURVE('',#1708,#1708,#1804,.T.);
#1477=EDGE_CURVE('',#1709,#1709,#1805,.T.);
#1478=EDGE_CURVE('',#1710,#1710,#1806,.T.);
#1479=EDGE_CURVE('',#1711,#1711,#1807,.T.);
#1480=EDGE_CURVE('',#1712,#1712,#1808,.T.);
#1481=EDGE_CURVE('',#1713,#1713,#1809,.T.);
#1482=EDGE_CURVE('',#1714,#1714,#1810,.T.);
#1483=EDGE_CURVE('',#1715,#1715,#1811,.T.);
#1484=EDGE_CURVE('',#1716,#1716,#1812,.T.);
#1485=EDGE_CURVE('',#1717,#1717,#1813,.T.);
#1486=VERTEX_POINT('',#4145);
#1487=VERTEX_POINT('',#4148);
#1488=VERTEX_POINT('',#4151);
#1489=VERTEX_POINT('',#4154);
#1490=VERTEX_POINT('',#4157);
#1491=VERTEX_POINT('',#4160);
#1492=VERTEX_POINT('',#4163);
#1493=VERTEX_POINT('',#4166);
#1494=VERTEX_POINT('',#4171);
#1495=VERTEX_POINT('',#4173);
#1496=VERTEX_POINT('',#4176);
#1497=VERTEX_POINT('',#4179);
#1498=VERTEX_POINT('',#4182);
#1499=VERTEX_POINT('',#4183);
#1500=VERTEX_POINT('',#4185);
#1501=VERTEX_POINT('',#4187);
#1502=VERTEX_POINT('',#4191);
#1503=VERTEX_POINT('',#4193);
#1504=VERTEX_POINT('',#4197);
#1505=VERTEX_POINT('',#4199);
#1506=VERTEX_POINT('',#4203);
#1507=VERTEX_POINT('',#4205);
#1508=VERTEX_POINT('',#4209);
#1509=VERTEX_POINT('',#4211);
#1510=VERTEX_POINT('',#4215);
#1511=VERTEX_POINT('',#4217);
#1512=VERTEX_POINT('',#4221);
#1513=VERTEX_POINT('',#4223);
#1514=VERTEX_POINT('',#4227);
#1515=VERTEX_POINT('',#4229);
#1516=VERTEX_POINT('',#4233);
#1517=VERTEX_POINT('',#4235);
#1518=VERTEX_POINT('',#4239);
#1519=VERTEX_POINT('',#4241);
#1520=VERTEX_POINT('',#4245);
#1521=VERTEX_POINT('',#4247);
#1522=VERTEX_POINT('',#4251);
#1523=VERTEX_POINT('',#4253);
#1524=VERTEX_POINT('',#4257);
#1525=VERTEX_POINT('',#4259);
#1526=VERTEX_POINT('',#4263);
#1527=VERTEX_POINT('',#4265);
#1528=VERTEX_POINT('',#4269);
#1529=VERTEX_POINT('',#4271);
#1530=VERTEX_POINT('',#4275);
#1531=VERTEX_POINT('',#4277);
#1532=VERTEX_POINT('',#4281);
#1533=VERTEX_POINT('',#4283);
#1534=VERTEX_POINT('',#4287);
#1535=VERTEX_POINT('',#4289);
#1536=VERTEX_POINT('',#4293);
#1537=VERTEX_POINT('',#4295);
#1538=VERTEX_POINT('',#4299);
#1539=VERTEX_POINT('',#4301);
#1540=VERTEX_POINT('',#4305);
#1541=VERTEX_POINT('',#4307);
#1542=VERTEX_POINT('',#4311);
#1543=VERTEX_POINT('',#4313);
#1544=VERTEX_POINT('',#4317);
#1545=VERTEX_POINT('',#4319);
#1546=VERTEX_POINT('',#4323);
#1547=VERTEX_POINT('',#4325);
#1548=VERTEX_POINT('',#4329);
#1549=VERTEX_POINT('',#4331);
#1550=VERTEX_POINT('',#4335);
#1551=VERTEX_POINT('',#4337);
#1552=VERTEX_POINT('',#4341);
#1553=VERTEX_POINT('',#4343);
#1554=VERTEX_POINT('',#4347);
#1555=VERTEX_POINT('',#4349);
#1556=VERTEX_POINT('',#4353);
#1557=VERTEX_POINT('',#4355);
#1558=VERTEX_POINT('',#4359);
#1559=VERTEX_POINT('',#4361);
#1560=VERTEX_POINT('',#4365);
#1561=VERTEX_POINT('',#4367);
#1562=VERTEX_POINT('',#4371);
#1563=VERTEX_POINT('',#4373);
#1564=VERTEX_POINT('',#4377);
#1565=VERTEX_POINT('',#4379);
#1566=VERTEX_POINT('',#4383);
#1567=VERTEX_POINT('',#4385);
#1568=VERTEX_POINT('',#4389);
#1569=VERTEX_POINT('',#4391);
#1570=VERTEX_POINT('',#4395);
#1571=VERTEX_POINT('',#4397);
#1572=VERTEX_POINT('',#4401);
#1573=VERTEX_POINT('',#4403);
#1574=VERTEX_POINT('',#4407);
#1575=VERTEX_POINT('',#4409);
#1576=VERTEX_POINT('',#4413);
#1577=VERTEX_POINT('',#4415);
#1578=VERTEX_POINT('',#4419);
#1579=VERTEX_POINT('',#4421);
#1580=VERTEX_POINT('',#4425);
#1581=VERTEX_POINT('',#4427);
#1582=VERTEX_POINT('',#4431);
#1583=VERTEX_POINT('',#4433);
#1584=VERTEX_POINT('',#4437);
#1585=VERTEX_POINT('',#4439);
#1586=VERTEX_POINT('',#4443);
#1587=VERTEX_POINT('',#4445);
#1588=VERTEX_POINT('',#4449);
#1589=VERTEX_POINT('',#4451);
#1590=VERTEX_POINT('',#4455);
#1591=VERTEX_POINT('',#4457);
#1592=VERTEX_POINT('',#4461);
#1593=VERTEX_POINT('',#4463);
#1594=VERTEX_POINT('',#4467);
#1595=VERTEX_POINT('',#4469);
#1596=VERTEX_POINT('',#4473);
#1597=VERTEX_POINT('',#4475);
#1598=VERTEX_POINT('',#4479);
#1599=VERTEX_POINT('',#4481);
#1600=VERTEX_POINT('',#4485);
#1601=VERTEX_POINT('',#4487);
#1602=VERTEX_POINT('',#4491);
#1603=VERTEX_POINT('',#4493);
#1604=VERTEX_POINT('',#4497);
#1605=VERTEX_POINT('',#4499);
#1606=VERTEX_POINT('',#4503);
#1607=VERTEX_POINT('',#4505);
#1608=VERTEX_POINT('',#4509);
#1609=VERTEX_POINT('',#4511);
#1610=VERTEX_POINT('',#4515);
#1611=VERTEX_POINT('',#4517);
#1612=VERTEX_POINT('',#4521);
#1613=VERTEX_POINT('',#4523);
#1614=VERTEX_POINT('',#4527);
#1615=VERTEX_POINT('',#4529);
#1616=VERTEX_POINT('',#4533);
#1617=VERTEX_POINT('',#4535);
#1618=VERTEX_POINT('',#4539);
#1619=VERTEX_POINT('',#4541);
#1620=VERTEX_POINT('',#4545);
#1621=VERTEX_POINT('',#4547);
#1622=VERTEX_POINT('',#4551);
#1623=VERTEX_POINT('',#4553);
#1624=VERTEX_POINT('',#4557);
#1625=VERTEX_POINT('',#4559);
#1626=VERTEX_POINT('',#4563);
#1627=VERTEX_POINT('',#4565);
#1628=VERTEX_POINT('',#4569);
#1629=VERTEX_POINT('',#4571);
#1630=VERTEX_POINT('',#4575);
#1631=VERTEX_POINT('',#4577);
#1632=VERTEX_POINT('',#4581);
#1633=VERTEX_POINT('',#4583);
#1634=VERTEX_POINT('',#4590);
#1635=VERTEX_POINT('',#4592);
#1636=VERTEX_POINT('',#4594);
#1637=VERTEX_POINT('',#4596);
#1638=VERTEX_POINT('',#4598);
#1639=VERTEX_POINT('',#4600);
#1640=VERTEX_POINT('',#4602);
#1641=VERTEX_POINT('',#4605);
#1642=VERTEX_POINT('',#4607);
#1643=VERTEX_POINT('',#4610);
#1644=VERTEX_POINT('',#4613);
#1645=VERTEX_POINT('',#4615);
#1646=VERTEX_POINT('',#4618);
#1647=VERTEX_POINT('',#4621);
#1648=VERTEX_POINT('',#4623);
#1649=VERTEX_POINT('',#4626);
#1650=VERTEX_POINT('',#4629);
#1651=VERTEX_POINT('',#4631);
#1652=VERTEX_POINT('',#4634);
#1653=VERTEX_POINT('',#4637);
#1654=VERTEX_POINT('',#4639);
#1655=VERTEX_POINT('',#4642);
#1656=VERTEX_POINT('',#4645);
#1657=VERTEX_POINT('',#4647);
#1658=VERTEX_POINT('',#4650);
#1659=VERTEX_POINT('',#4653);
#1660=VERTEX_POINT('',#4655);
#1661=VERTEX_POINT('',#4658);
#1662=VERTEX_POINT('',#4670);
#1663=VERTEX_POINT('',#4673);
#1664=VERTEX_POINT('',#4676);
#1665=VERTEX_POINT('',#4679);
#1666=VERTEX_POINT('',#4682);
#1667=VERTEX_POINT('',#4685);
#1668=VERTEX_POINT('',#4688);
#1669=VERTEX_POINT('',#4691);
#1670=VERTEX_POINT('',#4696);
#1671=VERTEX_POINT('',#4699);
#1672=VERTEX_POINT('',#4702);
#1673=VERTEX_POINT('',#4705);
#1674=VERTEX_POINT('',#4708);
#1675=VERTEX_POINT('',#4711);
#1676=VERTEX_POINT('',#4714);
#1677=VERTEX_POINT('',#4717);
#1678=VERTEX_POINT('',#4722);
#1679=VERTEX_POINT('',#4725);
#1680=VERTEX_POINT('',#4728);
#1681=VERTEX_POINT('',#4731);
#1682=VERTEX_POINT('',#4734);
#1683=VERTEX_POINT('',#4737);
#1684=VERTEX_POINT('',#4740);
#1685=VERTEX_POINT('',#4743);
#1686=VERTEX_POINT('',#4748);
#1687=VERTEX_POINT('',#4751);
#1688=VERTEX_POINT('',#4754);
#1689=VERTEX_POINT('',#4757);
#1690=VERTEX_POINT('',#4760);
#1691=VERTEX_POINT('',#4763);
#1692=VERTEX_POINT('',#4766);
#1693=VERTEX_POINT('',#4769);
#1694=VERTEX_POINT('',#4774);
#1695=VERTEX_POINT('',#4777);
#1696=VERTEX_POINT('',#4780);
#1697=VERTEX_POINT('',#4783);
#1698=VERTEX_POINT('',#4786);
#1699=VERTEX_POINT('',#4789);
#1700=VERTEX_POINT('',#4792);
#1701=VERTEX_POINT('',#4795);
#1702=VERTEX_POINT('',#4800);
#1703=VERTEX_POINT('',#4803);
#1704=VERTEX_POINT('',#4806);
#1705=VERTEX_POINT('',#4809);
#1706=VERTEX_POINT('',#4812);
#1707=VERTEX_POINT('',#4815);
#1708=VERTEX_POINT('',#4818);
#1709=VERTEX_POINT('',#4821);
#1710=VERTEX_POINT('',#4826);
#1711=VERTEX_POINT('',#4829);
#1712=VERTEX_POINT('',#4832);
#1713=VERTEX_POINT('',#4835);
#1714=VERTEX_POINT('',#4838);
#1715=VERTEX_POINT('',#4841);
#1716=VERTEX_POINT('',#4844);
#1717=VERTEX_POINT('',#4847);
#1718=CIRCLE('',#3127,0.00023);
#1719=CIRCLE('',#3129,0.00023);
#1720=CIRCLE('',#3131,0.00066);
#1721=CIRCLE('',#3133,0.00066);
#1722=CIRCLE('',#3135,0.0009);
#1723=CIRCLE('',#3137,0.0009);
#1724=CIRCLE('',#3139,0.0003);
#1725=CIRCLE('',#3141,0.0003);
#1726=CIRCLE('',#3145,0.00066);
#1727=CIRCLE('',#3146,0.0009);
#1728=CIRCLE('',#3148,0.00066);
#1729=CIRCLE('',#3150,0.0009);
#1730=CIRCLE('',#3220,0.00066);
#1731=CIRCLE('',#3221,0.00066);
#1732=CIRCLE('',#3222,0.00066);
#1733=CIRCLE('',#3223,0.00066);
#1734=CIRCLE('',#3224,0.00066);
#1735=CIRCLE('',#3225,0.00066);
#1736=CIRCLE('',#3226,0.00066);
#1737=CIRCLE('',#3228,0.0009);
#1738=CIRCLE('',#3229,0.0009);
#1739=CIRCLE('',#3231,0.00066);
#1740=CIRCLE('',#3233,0.0009);
#1741=CIRCLE('',#3234,0.0009);
#1742=CIRCLE('',#3236,0.00066);
#1743=CIRCLE('',#3238,0.0009);
#1744=CIRCLE('',#3239,0.0009);
#1745=CIRCLE('',#3241,0.00066);
#1746=CIRCLE('',#3243,0.0009);
#1747=CIRCLE('',#3244,0.0009);
#1748=CIRCLE('',#3246,0.00066);
#1749=CIRCLE('',#3248,0.0009);
#1750=CIRCLE('',#3249,0.0009);
#1751=CIRCLE('',#3251,0.00066);
#1752=CIRCLE('',#3253,0.0009);
#1753=CIRCLE('',#3254,0.0009);
#1754=CIRCLE('',#3256,0.00066);
#1755=CIRCLE('',#3258,0.0009);
#1756=CIRCLE('',#3259,0.0009);
#1757=CIRCLE('',#3261,0.00066);
#1758=CIRCLE('',#3272,0.00023);
#1759=CIRCLE('',#3274,0.00023);
#1760=CIRCLE('',#3276,0.00066);
#1761=CIRCLE('',#3278,0.00066);
#1762=CIRCLE('',#3280,0.0009);
#1763=CIRCLE('',#3282,0.0009);
#1764=CIRCLE('',#3284,0.0003);
#1765=CIRCLE('',#3286,0.0003);
#1766=CIRCLE('',#3290,0.00023);
#1767=CIRCLE('',#3292,0.00023);
#1768=CIRCLE('',#3294,0.00066);
#1769=CIRCLE('',#3296,0.00066);
#1770=CIRCLE('',#3298,0.0009);
#1771=CIRCLE('',#3300,0.0009);
#1772=CIRCLE('',#3302,0.0003);
#1773=CIRCLE('',#3304,0.0003);
#1774=CIRCLE('',#3308,0.00023);
#1775=CIRCLE('',#3310,0.00023);
#1776=CIRCLE('',#3312,0.00066);
#1777=CIRCLE('',#3314,0.00066);
#1778=CIRCLE('',#3316,0.0009);
#1779=CIRCLE('',#3318,0.0009);
#1780=CIRCLE('',#3320,0.0003);
#1781=CIRCLE('',#3322,0.0003);
#1782=CIRCLE('',#3326,0.00023);
#1783=CIRCLE('',#3328,0.00023);
#1784=CIRCLE('',#3330,0.00066);
#1785=CIRCLE('',#3332,0.00066);
#1786=CIRCLE('',#3334,0.0009);
#1787=CIRCLE('',#3336,0.0009);
#1788=CIRCLE('',#3338,0.0003);
#1789=CIRCLE('',#3340,0.0003);
#1790=CIRCLE('',#3344,0.00023);
#1791=CIRCLE('',#3346,0.00023);
#1792=CIRCLE('',#3348,0.00066);
#1793=CIRCLE('',#3350,0.00066);
#1794=CIRCLE('',#3352,0.0009);
#1795=CIRCLE('',#3354,0.0009);
#1796=CIRCLE('',#3356,0.0003);
#1797=CIRCLE('',#3358,0.0003);
#1798=CIRCLE('',#3362,0.00023);
#1799=CIRCLE('',#3364,0.00023);
#1800=CIRCLE('',#3366,0.00066);
#1801=CIRCLE('',#3368,0.00066);
#1802=CIRCLE('',#3370,0.0009);
#1803=CIRCLE('',#3372,0.0009);
#1804=CIRCLE('',#3374,0.0003);
#1805=CIRCLE('',#3376,0.0003);
#1806=CIRCLE('',#3380,0.00023);
#1807=CIRCLE('',#3382,0.00023);
#1808=CIRCLE('',#3384,0.00066);
#1809=CIRCLE('',#3386,0.00066);
#1810=CIRCLE('',#3388,0.0009);
#1811=CIRCLE('',#3390,0.0009);
#1812=CIRCLE('',#3392,0.0003);
#1813=CIRCLE('',#3394,0.0003);
#1814=EDGE_LOOP('',(#586));
#1815=EDGE_LOOP('',(#587));
#1816=EDGE_LOOP('',(#588));
#1817=EDGE_LOOP('',(#589));
#1818=EDGE_LOOP('',(#590));
#1819=EDGE_LOOP('',(#591));
#1820=EDGE_LOOP('',(#592));
#1821=EDGE_LOOP('',(#593));
#1822=EDGE_LOOP('',(#594));
#1823=EDGE_LOOP('',(#595));
#1824=EDGE_LOOP('',(#596));
#1825=EDGE_LOOP('',(#597));
#1826=EDGE_LOOP('',(#598));
#1827=EDGE_LOOP('',(#599));
#1828=EDGE_LOOP('',(#600));
#1829=EDGE_LOOP('',(#601));
#1830=EDGE_LOOP('',(#602));
#1831=EDGE_LOOP('',(#603));
#1832=EDGE_LOOP('',(#604));
#1833=EDGE_LOOP('',(#605));
#1834=EDGE_LOOP('',(#606));
#1835=EDGE_LOOP('',(#607));
#1836=EDGE_LOOP('',(#608,#609,#610,#611));
#1837=EDGE_LOOP('',(#612,#613,#614,#615));
#1838=EDGE_LOOP('',(#616,#617,#618,#619));
#1839=EDGE_LOOP('',(#620,#621,#622,#623));
#1840=EDGE_LOOP('',(#624,#625,#626,#627));
#1841=EDGE_LOOP('',(#628,#629,#630,#631));
#1842=EDGE_LOOP('',(#632,#633,#634,#635));
#1843=EDGE_LOOP('',(#636,#637,#638,#639));
#1844=EDGE_LOOP('',(#640,#641,#642,#643));
#1845=EDGE_LOOP('',(#644,#645,#646,#647));
#1846=EDGE_LOOP('',(#648,#649,#650,#651));
#1847=EDGE_LOOP('',(#652,#653,#654,#655));
#1848=EDGE_LOOP('',(#656,#657,#658,#659));
#1849=EDGE_LOOP('',(#660,#661,#662,#663));
#1850=EDGE_LOOP('',(#664,#665,#666,#667));
#1851=EDGE_LOOP('',(#668,#669,#670,#671));
#1852=EDGE_LOOP('',(#672,#673,#674,#675));
#1853=EDGE_LOOP('',(#676,#677,#678,#679));
#1854=EDGE_LOOP('',(#680,#681,#682,#683));
#1855=EDGE_LOOP('',(#684,#685,#686,#687));
#1856=EDGE_LOOP('',(#688,#689,#690,#691));
#1857=EDGE_LOOP('',(#692,#693,#694,#695));
#1858=EDGE_LOOP('',(#696,#697,#698,#699));
#1859=EDGE_LOOP('',(#700,#701,#702,#703));
#1860=EDGE_LOOP('',(#704,#705,#706,#707));
#1861=EDGE_LOOP('',(#708,#709,#710,#711));
#1862=EDGE_LOOP('',(#712,#713,#714,#715));
#1863=EDGE_LOOP('',(#716,#717,#718,#719));
#1864=EDGE_LOOP('',(#720,#721,#722,#723));
#1865=EDGE_LOOP('',(#724,#725,#726,#727));
#1866=EDGE_LOOP('',(#728,#729,#730,#731));
#1867=EDGE_LOOP('',(#732,#733,#734,#735));
#1868=EDGE_LOOP('',(#736,#737,#738,#739));
#1869=EDGE_LOOP('',(#740,#741,#742,#743));
#1870=EDGE_LOOP('',(#744,#745,#746,#747));
#1871=EDGE_LOOP('',(#748,#749,#750,#751));
#1872=EDGE_LOOP('',(#752,#753,#754,#755));
#1873=EDGE_LOOP('',(#756,#757,#758,#759));
#1874=EDGE_LOOP('',(#760,#761,#762,#763));
#1875=EDGE_LOOP('',(#764,#765,#766,#767));
#1876=EDGE_LOOP('',(#768,#769,#770,#771));
#1877=EDGE_LOOP('',(#772,#773,#774,#775));
#1878=EDGE_LOOP('',(#776,#777,#778,#779));
#1879=EDGE_LOOP('',(#780,#781,#782,#783));
#1880=EDGE_LOOP('',(#784,#785,#786,#787));
#1881=EDGE_LOOP('',(#788,#789,#790,#791));
#1882=EDGE_LOOP('',(#792,#793,#794,#795));
#1883=EDGE_LOOP('',(#796,#797,#798,#799));
#1884=EDGE_LOOP('',(#800,#801,#802,#803));
#1885=EDGE_LOOP('',(#804,#805,#806,#807));
#1886=EDGE_LOOP('',(#808,#809,#810,#811));
#1887=EDGE_LOOP('',(#812,#813,#814,#815));
#1888=EDGE_LOOP('',(#816,#817,#818,#819));
#1889=EDGE_LOOP('',(#820,#821,#822,#823));
#1890=EDGE_LOOP('',(#824,#825,#826,#827));
#1891=EDGE_LOOP('',(#828,#829,#830,#831));
#1892=EDGE_LOOP('',(#832,#833,#834,#835));
#1893=EDGE_LOOP('',(#836,#837,#838,#839));
#1894=EDGE_LOOP('',(#840,#841,#842,#843));
#1895=EDGE_LOOP('',(#844,#845,#846,#847));
#1896=EDGE_LOOP('',(#848,#849,#850,#851));
#1897=EDGE_LOOP('',(#852,#853,#854,#855));
#1898=EDGE_LOOP('',(#856,#857,#858,#859));
#1899=EDGE_LOOP('',(#860,#861,#862,#863));
#1900=EDGE_LOOP('',(#864,#865,#866,#867));
#1901=EDGE_LOOP('',(#868,#869,#870,#871));
#1902=EDGE_LOOP('',(#872,#873,#874,#875));
#1903=EDGE_LOOP('',(#876,#877,#878,#879));
#1904=EDGE_LOOP('',(#880));
#1905=EDGE_LOOP('',(#881));
#1906=EDGE_LOOP('',(#882));
#1907=EDGE_LOOP('',(#883));
#1908=EDGE_LOOP('',(#884));
#1909=EDGE_LOOP('',(#885));
#1910=EDGE_LOOP('',(#886));
#1911=EDGE_LOOP('',(#887));
#1912=EDGE_LOOP('',(#888,#889,#890,#891,#892,#893,#894,#895,#896,#897,#898,
#899,#900,#901,#902,#903,#904,#905,#906,#907,#908,#909,#910,#911,#912,#913,
#914,#915,#916,#917,#918,#919,#920,#921,#922,#923,#924,#925,#926,#927,#928,
#929,#930,#931,#932,#933,#934,#935,#936,#937,#938,#939,#940,#941,#942,#943,
#944,#945,#946,#947,#948,#949,#950,#951,#952,#953,#954,#955));
#1913=EDGE_LOOP('',(#956));
#1914=EDGE_LOOP('',(#957));
#1915=EDGE_LOOP('',(#958));
#1916=EDGE_LOOP('',(#959));
#1917=EDGE_LOOP('',(#960));
#1918=EDGE_LOOP('',(#961));
#1919=EDGE_LOOP('',(#962));
#1920=EDGE_LOOP('',(#963));
#1921=EDGE_LOOP('',(#964));
#1922=EDGE_LOOP('',(#965));
#1923=EDGE_LOOP('',(#966));
#1924=EDGE_LOOP('',(#967));
#1925=EDGE_LOOP('',(#968));
#1926=EDGE_LOOP('',(#969));
#1927=EDGE_LOOP('',(#970));
#1928=EDGE_LOOP('',(#971));
#1929=EDGE_LOOP('',(#972));
#1930=EDGE_LOOP('',(#973));
#1931=EDGE_LOOP('',(#974));
#1932=EDGE_LOOP('',(#975));
#1933=EDGE_LOOP('',(#976));
#1934=EDGE_LOOP('',(#977));
#1935=EDGE_LOOP('',(#978));
#1936=EDGE_LOOP('',(#979));
#1937=EDGE_LOOP('',(#980));
#1938=EDGE_LOOP('',(#981));
#1939=EDGE_LOOP('',(#982));
#1940=EDGE_LOOP('',(#983));
#1941=EDGE_LOOP('',(#984));
#1942=EDGE_LOOP('',(#985));
#1943=EDGE_LOOP('',(#986));
#1944=EDGE_LOOP('',(#987));
#1945=EDGE_LOOP('',(#988));
#1946=EDGE_LOOP('',(#989));
#1947=EDGE_LOOP('',(#990));
#1948=EDGE_LOOP('',(#991));
#1949=EDGE_LOOP('',(#992,#993,#994,#995,#996,#997,#998,#999,#1000,#1001,
#1002,#1003,#1004,#1005,#1006,#1007,#1008,#1009,#1010,#1011,#1012,#1013,
#1014,#1015,#1016,#1017,#1018,#1019,#1020,#1021,#1022,#1023,#1024,#1025,
#1026,#1027,#1028,#1029,#1030,#1031,#1032,#1033,#1034,#1035,#1036,#1037,
#1038,#1039,#1040,#1041,#1042,#1043,#1044,#1045,#1046,#1047,#1048,#1049,
#1050,#1051,#1052,#1053,#1054,#1055,#1056,#1057,#1058,#1059));
#1950=EDGE_LOOP('',(#1060));
#1951=EDGE_LOOP('',(#1061));
#1952=EDGE_LOOP('',(#1062));
#1953=EDGE_LOOP('',(#1063));
#1954=EDGE_LOOP('',(#1064));
#1955=EDGE_LOOP('',(#1065));
#1956=EDGE_LOOP('',(#1066));
#1957=EDGE_LOOP('',(#1067));
#1958=EDGE_LOOP('',(#1068));
#1959=EDGE_LOOP('',(#1069));
#1960=EDGE_LOOP('',(#1070));
#1961=EDGE_LOOP('',(#1071));
#1962=EDGE_LOOP('',(#1072));
#1963=EDGE_LOOP('',(#1073));
#1964=EDGE_LOOP('',(#1074));
#1965=EDGE_LOOP('',(#1075));
#1966=EDGE_LOOP('',(#1076));
#1967=EDGE_LOOP('',(#1077));
#1968=EDGE_LOOP('',(#1078));
#1969=EDGE_LOOP('',(#1079));
#1970=EDGE_LOOP('',(#1080));
#1971=EDGE_LOOP('',(#1081));
#1972=EDGE_LOOP('',(#1082));
#1973=EDGE_LOOP('',(#1083));
#1974=EDGE_LOOP('',(#1084));
#1975=EDGE_LOOP('',(#1085));
#1976=EDGE_LOOP('',(#1086));
#1977=EDGE_LOOP('',(#1087));
#1978=EDGE_LOOP('',(#1088));
#1979=EDGE_LOOP('',(#1089));
#1980=EDGE_LOOP('',(#1090));
#1981=EDGE_LOOP('',(#1091));
#1982=EDGE_LOOP('',(#1092));
#1983=EDGE_LOOP('',(#1093));
#1984=EDGE_LOOP('',(#1094));
#1985=EDGE_LOOP('',(#1095));
#1986=EDGE_LOOP('',(#1096));
#1987=EDGE_LOOP('',(#1097));
#1988=EDGE_LOOP('',(#1098));
#1989=EDGE_LOOP('',(#1099));
#1990=EDGE_LOOP('',(#1100));
#1991=EDGE_LOOP('',(#1101));
#1992=EDGE_LOOP('',(#1102));
#1993=EDGE_LOOP('',(#1103));
#1994=EDGE_LOOP('',(#1104));
#1995=EDGE_LOOP('',(#1105));
#1996=EDGE_LOOP('',(#1106));
#1997=EDGE_LOOP('',(#1107));
#1998=EDGE_LOOP('',(#1108));
#1999=EDGE_LOOP('',(#1109));
#2000=EDGE_LOOP('',(#1110));
#2001=EDGE_LOOP('',(#1111));
#2002=EDGE_LOOP('',(#1112));
#2003=EDGE_LOOP('',(#1113));
#2004=EDGE_LOOP('',(#1114));
#2005=EDGE_LOOP('',(#1115));
#2006=EDGE_LOOP('',(#1116));
#2007=EDGE_LOOP('',(#1117));
#2008=EDGE_LOOP('',(#1118));
#2009=EDGE_LOOP('',(#1119));
#2010=EDGE_LOOP('',(#1120));
#2011=EDGE_LOOP('',(#1121));
#2012=EDGE_LOOP('',(#1122));
#2013=EDGE_LOOP('',(#1123));
#2014=EDGE_LOOP('',(#1124));
#2015=EDGE_LOOP('',(#1125));
#2016=EDGE_LOOP('',(#1126));
#2017=EDGE_LOOP('',(#1127));
#2018=EDGE_LOOP('',(#1128));
#2019=EDGE_LOOP('',(#1129));
#2020=EDGE_LOOP('',(#1130));
#2021=EDGE_LOOP('',(#1131));
#2022=EDGE_LOOP('',(#1132));
#2023=EDGE_LOOP('',(#1133));
#2024=EDGE_LOOP('',(#1134));
#2025=EDGE_LOOP('',(#1135));
#2026=EDGE_LOOP('',(#1136));
#2027=EDGE_LOOP('',(#1137));
#2028=EDGE_LOOP('',(#1138));
#2029=EDGE_LOOP('',(#1139));
#2030=EDGE_LOOP('',(#1140));
#2031=EDGE_LOOP('',(#1141));
#2032=EDGE_LOOP('',(#1142));
#2033=EDGE_LOOP('',(#1143));
#2034=EDGE_LOOP('',(#1144));
#2035=EDGE_LOOP('',(#1145));
#2036=EDGE_LOOP('',(#1146));
#2037=EDGE_LOOP('',(#1147));
#2038=EDGE_LOOP('',(#1148));
#2039=EDGE_LOOP('',(#1149));
#2040=EDGE_LOOP('',(#1150));
#2041=EDGE_LOOP('',(#1151));
#2042=EDGE_LOOP('',(#1152));
#2043=EDGE_LOOP('',(#1153));
#2044=EDGE_LOOP('',(#1154));
#2045=EDGE_LOOP('',(#1155));
#2046=EDGE_LOOP('',(#1156));
#2047=EDGE_LOOP('',(#1157));
#2048=EDGE_LOOP('',(#1158));
#2049=EDGE_LOOP('',(#1159));
#2050=EDGE_LOOP('',(#1160));
#2051=EDGE_LOOP('',(#1161));
#2052=EDGE_LOOP('',(#1162));
#2053=EDGE_LOOP('',(#1163));
#2054=EDGE_LOOP('',(#1164));
#2055=EDGE_LOOP('',(#1165));
#2056=EDGE_LOOP('',(#1166));
#2057=EDGE_LOOP('',(#1167));
#2058=EDGE_LOOP('',(#1168));
#2059=EDGE_LOOP('',(#1169));
#2060=EDGE_LOOP('',(#1170));
#2061=EDGE_LOOP('',(#1171));
#2062=EDGE_LOOP('',(#1172));
#2063=EDGE_LOOP('',(#1173));
#2064=EDGE_LOOP('',(#1174));
#2065=EDGE_LOOP('',(#1175));
#2066=EDGE_LOOP('',(#1176));
#2067=EDGE_LOOP('',(#1177));
#2068=EDGE_LOOP('',(#1178));
#2069=EDGE_LOOP('',(#1179));
#2070=EDGE_LOOP('',(#1180));
#2071=EDGE_LOOP('',(#1181));
#2072=EDGE_LOOP('',(#1182));
#2073=EDGE_LOOP('',(#1183));
#2074=EDGE_LOOP('',(#1184));
#2075=EDGE_LOOP('',(#1185));
#2076=FACE_BOUND('',#1814,.T.);
#2077=FACE_BOUND('',#1815,.T.);
#2078=FACE_BOUND('',#1816,.T.);
#2079=FACE_BOUND('',#1817,.T.);
#2080=FACE_BOUND('',#1818,.T.);
#2081=FACE_BOUND('',#1819,.T.);
#2082=FACE_BOUND('',#1820,.T.);
#2083=FACE_BOUND('',#1821,.T.);
#2084=FACE_BOUND('',#1822,.T.);
#2085=FACE_BOUND('',#1823,.T.);
#2086=FACE_BOUND('',#1824,.T.);
#2087=FACE_BOUND('',#1825,.T.);
#2088=FACE_BOUND('',#1826,.T.);
#2089=FACE_BOUND('',#1827,.T.);
#2090=FACE_BOUND('',#1828,.T.);
#2091=FACE_BOUND('',#1829,.T.);
#2092=FACE_BOUND('',#1830,.T.);
#2093=FACE_BOUND('',#1831,.T.);
#2094=FACE_BOUND('',#1832,.T.);
#2095=FACE_BOUND('',#1833,.T.);
#2096=FACE_BOUND('',#1834,.T.);
#2097=FACE_BOUND('',#1835,.T.);
#2098=FACE_BOUND('',#1836,.T.);
#2099=FACE_BOUND('',#1837,.T.);
#2100=FACE_BOUND('',#1838,.T.);
#2101=FACE_BOUND('',#1839,.T.);
#2102=FACE_BOUND('',#1840,.T.);
#2103=FACE_BOUND('',#1841,.T.);
#2104=FACE_BOUND('',#1842,.T.);
#2105=FACE_BOUND('',#1843,.T.);
#2106=FACE_BOUND('',#1844,.T.);
#2107=FACE_BOUND('',#1845,.T.);
#2108=FACE_BOUND('',#1846,.T.);
#2109=FACE_BOUND('',#1847,.T.);
#2110=FACE_BOUND('',#1848,.T.);
#2111=FACE_BOUND('',#1849,.T.);
#2112=FACE_BOUND('',#1850,.T.);
#2113=FACE_BOUND('',#1851,.T.);
#2114=FACE_BOUND('',#1852,.T.);
#2115=FACE_BOUND('',#1853,.T.);
#2116=FACE_BOUND('',#1854,.T.);
#2117=FACE_BOUND('',#1855,.T.);
#2118=FACE_BOUND('',#1856,.T.);
#2119=FACE_BOUND('',#1857,.T.);
#2120=FACE_BOUND('',#1858,.T.);
#2121=FACE_BOUND('',#1859,.T.);
#2122=FACE_BOUND('',#1860,.T.);
#2123=FACE_BOUND('',#1861,.T.);
#2124=FACE_BOUND('',#1862,.T.);
#2125=FACE_BOUND('',#1863,.T.);
#2126=FACE_BOUND('',#1864,.T.);
#2127=FACE_BOUND('',#1865,.T.);
#2128=FACE_BOUND('',#1866,.T.);
#2129=FACE_BOUND('',#1867,.T.);
#2130=FACE_BOUND('',#1868,.T.);
#2131=FACE_BOUND('',#1869,.T.);
#2132=FACE_BOUND('',#1870,.T.);
#2133=FACE_BOUND('',#1871,.T.);
#2134=FACE_BOUND('',#1872,.T.);
#2135=FACE_BOUND('',#1873,.T.);
#2136=FACE_BOUND('',#1874,.T.);
#2137=FACE_BOUND('',#1875,.T.);
#2138=FACE_BOUND('',#1876,.T.);
#2139=FACE_BOUND('',#1877,.T.);
#2140=FACE_BOUND('',#1878,.T.);
#2141=FACE_BOUND('',#1879,.T.);
#2142=FACE_BOUND('',#1880,.T.);
#2143=FACE_BOUND('',#1881,.T.);
#2144=FACE_BOUND('',#1882,.T.);
#2145=FACE_BOUND('',#1883,.T.);
#2146=FACE_BOUND('',#1884,.T.);
#2147=FACE_BOUND('',#1885,.T.);
#2148=FACE_BOUND('',#1886,.T.);
#2149=FACE_BOUND('',#1887,.T.);
#2150=FACE_BOUND('',#1888,.T.);
#2151=FACE_BOUND('',#1889,.T.);
#2152=FACE_BOUND('',#1890,.T.);
#2153=FACE_BOUND('',#1891,.T.);
#2154=FACE_BOUND('',#1892,.T.);
#2155=FACE_BOUND('',#1893,.T.);
#2156=FACE_BOUND('',#1894,.T.);
#2157=FACE_BOUND('',#1895,.T.);
#2158=FACE_BOUND('',#1896,.T.);
#2159=FACE_BOUND('',#1897,.T.);
#2160=FACE_BOUND('',#1898,.T.);
#2161=FACE_BOUND('',#1899,.T.);
#2162=FACE_BOUND('',#1900,.T.);
#2163=FACE_BOUND('',#1901,.T.);
#2164=FACE_BOUND('',#1902,.T.);
#2165=FACE_BOUND('',#1903,.T.);
#2166=FACE_BOUND('',#1904,.T.);
#2167=FACE_BOUND('',#1905,.T.);
#2168=FACE_BOUND('',#1906,.T.);
#2169=FACE_BOUND('',#1907,.T.);
#2170=FACE_BOUND('',#1908,.T.);
#2171=FACE_BOUND('',#1909,.T.);
#2172=FACE_BOUND('',#1910,.T.);
#2173=FACE_BOUND('',#1911,.T.);
#2174=FACE_BOUND('',#1912,.T.);
#2175=FACE_BOUND('',#1913,.T.);
#2176=FACE_BOUND('',#1914,.T.);
#2177=FACE_BOUND('',#1915,.T.);
#2178=FACE_BOUND('',#1916,.T.);
#2179=FACE_BOUND('',#1917,.T.);
#2180=FACE_BOUND('',#1918,.T.);
#2181=FACE_BOUND('',#1919,.T.);
#2182=FACE_BOUND('',#1920,.T.);
#2183=FACE_BOUND('',#1921,.T.);
#2184=FACE_BOUND('',#1922,.T.);
#2185=FACE_BOUND('',#1923,.T.);
#2186=FACE_BOUND('',#1924,.T.);
#2187=FACE_BOUND('',#1925,.T.);
#2188=FACE_BOUND('',#1926,.T.);
#2189=FACE_BOUND('',#1927,.T.);
#2190=FACE_BOUND('',#1928,.T.);
#2191=FACE_BOUND('',#1929,.T.);
#2192=FACE_BOUND('',#1930,.T.);
#2193=FACE_BOUND('',#1931,.T.);
#2194=FACE_BOUND('',#1932,.T.);
#2195=FACE_BOUND('',#1933,.T.);
#2196=FACE_BOUND('',#1934,.T.);
#2197=FACE_BOUND('',#1935,.T.);
#2198=FACE_BOUND('',#1936,.T.);
#2199=FACE_BOUND('',#1937,.T.);
#2200=FACE_BOUND('',#1938,.T.);
#2201=FACE_BOUND('',#1939,.T.);
#2202=FACE_BOUND('',#1940,.T.);
#2203=FACE_BOUND('',#1941,.T.);
#2204=FACE_BOUND('',#1942,.T.);
#2205=FACE_BOUND('',#1943,.T.);
#2206=FACE_BOUND('',#1944,.T.);
#2207=FACE_BOUND('',#1945,.T.);
#2208=FACE_BOUND('',#1946,.T.);
#2209=FACE_BOUND('',#1947,.T.);
#2210=FACE_BOUND('',#1948,.T.);
#2211=FACE_BOUND('',#1949,.T.);
#2212=FACE_BOUND('',#1950,.T.);
#2213=FACE_BOUND('',#1951,.T.);
#2214=FACE_BOUND('',#1952,.T.);
#2215=FACE_BOUND('',#1953,.T.);
#2216=FACE_BOUND('',#1954,.T.);
#2217=FACE_BOUND('',#1955,.T.);
#2218=FACE_BOUND('',#1956,.T.);
#2219=FACE_BOUND('',#1957,.T.);
#2220=FACE_BOUND('',#1958,.T.);
#2221=FACE_BOUND('',#1959,.T.);
#2222=FACE_BOUND('',#1960,.T.);
#2223=FACE_BOUND('',#1961,.T.);
#2224=FACE_BOUND('',#1962,.T.);
#2225=FACE_BOUND('',#1963,.T.);
#2226=FACE_BOUND('',#1964,.T.);
#2227=FACE_BOUND('',#1965,.T.);
#2228=FACE_BOUND('',#1966,.T.);
#2229=FACE_BOUND('',#1967,.T.);
#2230=FACE_BOUND('',#1968,.T.);
#2231=FACE_BOUND('',#1969,.T.);
#2232=FACE_BOUND('',#1970,.T.);
#2233=FACE_BOUND('',#1971,.T.);
#2234=FACE_BOUND('',#1972,.T.);
#2235=FACE_BOUND('',#1973,.T.);
#2236=FACE_BOUND('',#1974,.T.);
#2237=FACE_BOUND('',#1975,.T.);
#2238=FACE_BOUND('',#1976,.T.);
#2239=FACE_BOUND('',#1977,.T.);
#2240=FACE_BOUND('',#1978,.T.);
#2241=FACE_BOUND('',#1979,.T.);
#2242=FACE_BOUND('',#1980,.T.);
#2243=FACE_BOUND('',#1981,.T.);
#2244=FACE_BOUND('',#1982,.T.);
#2245=FACE_BOUND('',#1983,.T.);
#2246=FACE_BOUND('',#1984,.T.);
#2247=FACE_BOUND('',#1985,.T.);
#2248=FACE_BOUND('',#1986,.T.);
#2249=FACE_BOUND('',#1987,.T.);
#2250=FACE_BOUND('',#1988,.T.);
#2251=FACE_BOUND('',#1989,.T.);
#2252=FACE_BOUND('',#1990,.T.);
#2253=FACE_BOUND('',#1991,.T.);
#2254=FACE_BOUND('',#1992,.T.);
#2255=FACE_BOUND('',#1993,.T.);
#2256=FACE_BOUND('',#1994,.T.);
#2257=FACE_BOUND('',#1995,.T.);
#2258=FACE_BOUND('',#1996,.T.);
#2259=FACE_BOUND('',#1997,.T.);
#2260=FACE_BOUND('',#1998,.T.);
#2261=FACE_BOUND('',#1999,.T.);
#2262=FACE_BOUND('',#2000,.T.);
#2263=FACE_BOUND('',#2001,.T.);
#2264=FACE_BOUND('',#2002,.T.);
#2265=FACE_BOUND('',#2003,.T.);
#2266=FACE_BOUND('',#2004,.T.);
#2267=FACE_BOUND('',#2005,.T.);
#2268=FACE_BOUND('',#2006,.T.);
#2269=FACE_BOUND('',#2007,.T.);
#2270=FACE_BOUND('',#2008,.T.);
#2271=FACE_BOUND('',#2009,.T.);
#2272=FACE_BOUND('',#2010,.T.);
#2273=FACE_BOUND('',#2011,.T.);
#2274=FACE_BOUND('',#2012,.T.);
#2275=FACE_BOUND('',#2013,.T.);
#2276=FACE_BOUND('',#2014,.T.);
#2277=FACE_BOUND('',#2015,.T.);
#2278=FACE_BOUND('',#2016,.T.);
#2279=FACE_BOUND('',#2017,.T.);
#2280=FACE_BOUND('',#2018,.T.);
#2281=FACE_BOUND('',#2019,.T.);
#2282=FACE_BOUND('',#2020,.T.);
#2283=FACE_BOUND('',#2021,.T.);
#2284=FACE_BOUND('',#2022,.T.);
#2285=FACE_BOUND('',#2023,.T.);
#2286=FACE_BOUND('',#2024,.T.);
#2287=FACE_BOUND('',#2025,.T.);
#2288=FACE_BOUND('',#2026,.T.);
#2289=FACE_BOUND('',#2027,.T.);
#2290=FACE_BOUND('',#2028,.T.);
#2291=FACE_BOUND('',#2029,.T.);
#2292=FACE_BOUND('',#2030,.T.);
#2293=FACE_BOUND('',#2031,.T.);
#2294=FACE_BOUND('',#2032,.T.);
#2295=FACE_BOUND('',#2033,.T.);
#2296=FACE_BOUND('',#2034,.T.);
#2297=FACE_BOUND('',#2035,.T.);
#2298=FACE_BOUND('',#2036,.T.);
#2299=FACE_BOUND('',#2037,.T.);
#2300=FACE_BOUND('',#2038,.T.);
#2301=FACE_BOUND('',#2039,.T.);
#2302=FACE_BOUND('',#2040,.T.);
#2303=FACE_BOUND('',#2041,.T.);
#2304=FACE_BOUND('',#2042,.T.);
#2305=FACE_BOUND('',#2043,.T.);
#2306=FACE_BOUND('',#2044,.T.);
#2307=FACE_BOUND('',#2045,.T.);
#2308=FACE_BOUND('',#2046,.T.);
#2309=FACE_BOUND('',#2047,.T.);
#2310=FACE_BOUND('',#2048,.T.);
#2311=FACE_BOUND('',#2049,.T.);
#2312=FACE_BOUND('',#2050,.T.);
#2313=FACE_BOUND('',#2051,.T.);
#2314=FACE_BOUND('',#2052,.T.);
#2315=FACE_BOUND('',#2053,.T.);
#2316=FACE_BOUND('',#2054,.T.);
#2317=FACE_BOUND('',#2055,.T.);
#2318=FACE_BOUND('',#2056,.T.);
#2319=FACE_BOUND('',#2057,.T.);
#2320=FACE_BOUND('',#2058,.T.);
#2321=FACE_BOUND('',#2059,.T.);
#2322=FACE_BOUND('',#2060,.T.);
#2323=FACE_BOUND('',#2061,.T.);
#2324=FACE_BOUND('',#2062,.T.);
#2325=FACE_BOUND('',#2063,.T.);
#2326=FACE_BOUND('',#2064,.T.);
#2327=FACE_BOUND('',#2065,.T.);
#2328=FACE_BOUND('',#2066,.T.);
#2329=FACE_BOUND('',#2067,.T.);
#2330=FACE_BOUND('',#2068,.T.);
#2331=FACE_BOUND('',#2069,.T.);
#2332=FACE_BOUND('',#2070,.T.);
#2333=FACE_BOUND('',#2071,.T.);
#2334=FACE_BOUND('',#2072,.T.);
#2335=FACE_BOUND('',#2073,.T.);
#2336=FACE_BOUND('',#2074,.T.);
#2337=FACE_BOUND('',#2075,.T.);
#2338=SPHERICAL_SURFACE('',#3126,0.00023);
#2339=SPHERICAL_SURFACE('',#3142,0.0003);
#2340=SPHERICAL_SURFACE('',#3271,0.00023);
#2341=SPHERICAL_SURFACE('',#3287,0.0003);
#2342=SPHERICAL_SURFACE('',#3289,0.00023);
#2343=SPHERICAL_SURFACE('',#3305,0.0003);
#2344=SPHERICAL_SURFACE('',#3307,0.00023);
#2345=SPHERICAL_SURFACE('',#3323,0.0003);
#2346=SPHERICAL_SURFACE('',#3325,0.00023);
#2347=SPHERICAL_SURFACE('',#3341,0.0003);
#2348=SPHERICAL_SURFACE('',#3343,0.00023);
#2349=SPHERICAL_SURFACE('',#3359,0.0003);
#2350=SPHERICAL_SURFACE('',#3361,0.00023);
#2351=SPHERICAL_SURFACE('',#3377,0.0003);
#2352=SPHERICAL_SURFACE('',#3379,0.00023);
#2353=SPHERICAL_SURFACE('',#3395,0.0003);
#2354=OVER_RIDING_STYLED_ITEM('',(#2611),#2426,#2601);
#2355=OVER_RIDING_STYLED_ITEM('',(#2612),#2427,#2601);
#2356=OVER_RIDING_STYLED_ITEM('',(#2613),#2428,#2601);
#2357=OVER_RIDING_STYLED_ITEM('',(#2614),#2429,#2601);
#2358=OVER_RIDING_STYLED_ITEM('',(#2615),#2430,#2601);
#2359=OVER_RIDING_STYLED_ITEM('',(#2616),#2431,#2601);
#2360=OVER_RIDING_STYLED_ITEM('',(#2617),#2432,#2601);
#2361=OVER_RIDING_STYLED_ITEM('',(#2618),#2433,#2601);
#2362=OVER_RIDING_STYLED_ITEM('',(#2619),#2434,#2601);
#2363=OVER_RIDING_STYLED_ITEM('',(#2622),#2529,#2603);
#2364=OVER_RIDING_STYLED_ITEM('',(#2623),#2530,#2603);
#2365=OVER_RIDING_STYLED_ITEM('',(#2624),#2531,#2603);
#2366=OVER_RIDING_STYLED_ITEM('',(#2625),#2532,#2603);
#2367=OVER_RIDING_STYLED_ITEM('',(#2626),#2533,#2603);
#2368=OVER_RIDING_STYLED_ITEM('',(#2627),#2534,#2603);
#2369=OVER_RIDING_STYLED_ITEM('',(#2628),#2535,#2603);
#2370=OVER_RIDING_STYLED_ITEM('',(#2629),#2536,#2603);
#2371=OVER_RIDING_STYLED_ITEM('',(#2630),#2537,#2603);
#2372=OVER_RIDING_STYLED_ITEM('',(#2632),#2538,#2604);
#2373=OVER_RIDING_STYLED_ITEM('',(#2633),#2539,#2604);
#2374=OVER_RIDING_STYLED_ITEM('',(#2634),#2540,#2604);
#2375=OVER_RIDING_STYLED_ITEM('',(#2635),#2541,#2604);
#2376=OVER_RIDING_STYLED_ITEM('',(#2636),#2542,#2604);
#2377=OVER_RIDING_STYLED_ITEM('',(#2637),#2543,#2604);
#2378=OVER_RIDING_STYLED_ITEM('',(#2638),#2544,#2604);
#2379=OVER_RIDING_STYLED_ITEM('',(#2639),#2545,#2604);
#2380=OVER_RIDING_STYLED_ITEM('',(#2640),#2546,#2604);
#2381=OVER_RIDING_STYLED_ITEM('',(#2642),#2547,#2605);
#2382=OVER_RIDING_STYLED_ITEM('',(#2643),#2548,#2605);
#2383=OVER_RIDING_STYLED_ITEM('',(#2644),#2549,#2605);
#2384=OVER_RIDING_STYLED_ITEM('',(#2645),#2550,#2605);
#2385=OVER_RIDING_STYLED_ITEM('',(#2646),#2551,#2605);
#2386=OVER_RIDING_STYLED_ITEM('',(#2647),#2552,#2605);
#2387=OVER_RIDING_STYLED_ITEM('',(#2648),#2553,#2605);
#2388=OVER_RIDING_STYLED_ITEM('',(#2649),#2554,#2605);
#2389=OVER_RIDING_STYLED_ITEM('',(#2650),#2555,#2605);
#2390=OVER_RIDING_STYLED_ITEM('',(#2652),#2556,#2606);
#2391=OVER_RIDING_STYLED_ITEM('',(#2653),#2557,#2606);
#2392=OVER_RIDING_STYLED_ITEM('',(#2654),#2558,#2606);
#2393=OVER_RIDING_STYLED_ITEM('',(#2655),#2559,#2606);
#2394=OVER_RIDING_STYLED_ITEM('',(#2656),#2560,#2606);
#2395=OVER_RIDING_STYLED_ITEM('',(#2657),#2561,#2606);
#2396=OVER_RIDING_STYLED_ITEM('',(#2658),#2562,#2606);
#2397=OVER_RIDING_STYLED_ITEM('',(#2659),#2563,#2606);
#2398=OVER_RIDING_STYLED_ITEM('',(#2660),#2564,#2606);
#2399=OVER_RIDING_STYLED_ITEM('',(#2662),#2565,#2607);
#2400=OVER_RIDING_STYLED_ITEM('',(#2663),#2566,#2607);
#2401=OVER_RIDING_STYLED_ITEM('',(#2664),#2567,#2607);
#2402=OVER_RIDING_STYLED_ITEM('',(#2665),#2568,#2607);
#2403=OVER_RIDING_STYLED_ITEM('',(#2666),#2569,#2607);
#2404=OVER_RIDING_STYLED_ITEM('',(#2667),#2570,#2607);
#2405=OVER_RIDING_STYLED_ITEM('',(#2668),#2571,#2607);
#2406=OVER_RIDING_STYLED_ITEM('',(#2669),#2572,#2607);
#2407=OVER_RIDING_STYLED_ITEM('',(#2670),#2573,#2607);
#2408=OVER_RIDING_STYLED_ITEM('',(#2672),#2574,#2608);
#2409=OVER_RIDING_STYLED_ITEM('',(#2673),#2575,#2608);
#2410=OVER_RIDING_STYLED_ITEM('',(#2674),#2576,#2608);
#2411=OVER_RIDING_STYLED_ITEM('',(#2675),#2577,#2608);
#2412=OVER_RIDING_STYLED_ITEM('',(#2676),#2578,#2608);
#2413=OVER_RIDING_STYLED_ITEM('',(#2677),#2579,#2608);
#2414=OVER_RIDING_STYLED_ITEM('',(#2678),#2580,#2608);
#2415=OVER_RIDING_STYLED_ITEM('',(#2679),#2581,#2608);
#2416=OVER_RIDING_STYLED_ITEM('',(#2680),#2582,#2608);
#2417=OVER_RIDING_STYLED_ITEM('',(#2682),#2583,#2609);
#2418=OVER_RIDING_STYLED_ITEM('',(#2683),#2584,#2609);
#2419=OVER_RIDING_STYLED_ITEM('',(#2684),#2585,#2609);
#2420=OVER_RIDING_STYLED_ITEM('',(#2685),#2586,#2609);
#2421=OVER_RIDING_STYLED_ITEM('',(#2686),#2587,#2609);
#2422=OVER_RIDING_STYLED_ITEM('',(#2687),#2588,#2609);
#2423=OVER_RIDING_STYLED_ITEM('',(#2688),#2589,#2609);
#2424=OVER_RIDING_STYLED_ITEM('',(#2689),#2590,#2609);
#2425=OVER_RIDING_STYLED_ITEM('',(#2690),#2591,#2609);
#2426=ADVANCED_FACE('',(#2076),#2338,.T.);
#2427=ADVANCED_FACE('',(#2077,#2078),#538,.T.);
#2428=ADVANCED_FACE('',(#2079,#2080),#530,.T.);
#2429=ADVANCED_FACE('',(#2081,#2082),#539,.T.);
#2430=ADVANCED_FACE('',(#2083,#2084),#436,.T.);
#2431=ADVANCED_FACE('',(#2085,#2086),#540,.T.);
#2432=ADVANCED_FACE('',(#2087,#2088),#437,.T.);
#2433=ADVANCED_FACE('',(#2089,#2090),#541,.T.);
#2434=ADVANCED_FACE('',(#2091),#2339,.T.);
#2435=ADVANCED_FACE('',(#2092,#2093),#438,.T.);
#2436=ADVANCED_FACE('',(#2094,#2095),#542,.F.);
#2437=ADVANCED_FACE('',(#2096,#2097),#543,.F.);
#2438=ADVANCED_FACE('',(#2098),#439,.T.);
#2439=ADVANCED_FACE('',(#2099),#440,.T.);
#2440=ADVANCED_FACE('',(#2100),#441,.T.);
#2441=ADVANCED_FACE('',(#2101),#442,.T.);
#2442=ADVANCED_FACE('',(#2102),#443,.T.);
#2443=ADVANCED_FACE('',(#2103),#444,.T.);
#2444=ADVANCED_FACE('',(#2104),#445,.T.);
#2445=ADVANCED_FACE('',(#2105),#446,.T.);
#2446=ADVANCED_FACE('',(#2106),#447,.T.);
#2447=ADVANCED_FACE('',(#2107),#448,.T.);
#2448=ADVANCED_FACE('',(#2108),#449,.T.);
#2449=ADVANCED_FACE('',(#2109),#450,.T.);
#2450=ADVANCED_FACE('',(#2110),#451,.T.);
#2451=ADVANCED_FACE('',(#2111),#452,.T.);
#2452=ADVANCED_FACE('',(#2112),#453,.T.);
#2453=ADVANCED_FACE('',(#2113),#454,.T.);
#2454=ADVANCED_FACE('',(#2114),#455,.T.);
#2455=ADVANCED_FACE('',(#2115),#456,.T.);
#2456=ADVANCED_FACE('',(#2116),#457,.T.);
#2457=ADVANCED_FACE('',(#2117),#458,.T.);
#2458=ADVANCED_FACE('',(#2118),#459,.T.);
#2459=ADVANCED_FACE('',(#2119),#460,.T.);
#2460=ADVANCED_FACE('',(#2120),#461,.T.);
#2461=ADVANCED_FACE('',(#2121),#462,.T.);
#2462=ADVANCED_FACE('',(#2122),#463,.T.);
#2463=ADVANCED_FACE('',(#2123),#464,.T.);
#2464=ADVANCED_FACE('',(#2124),#465,.T.);
#2465=ADVANCED_FACE('',(#2125),#466,.T.);
#2466=ADVANCED_FACE('',(#2126),#467,.T.);
#2467=ADVANCED_FACE('',(#2127),#468,.T.);
#2468=ADVANCED_FACE('',(#2128),#469,.T.);
#2469=ADVANCED_FACE('',(#2129),#470,.T.);
#2470=ADVANCED_FACE('',(#2130),#471,.T.);
#2471=ADVANCED_FACE('',(#2131),#472,.T.);
#2472=ADVANCED_FACE('',(#2132),#473,.T.);
#2473=ADVANCED_FACE('',(#2133),#474,.T.);
#2474=ADVANCED_FACE('',(#2134),#475,.T.);
#2475=ADVANCED_FACE('',(#2135),#476,.T.);
#2476=ADVANCED_FACE('',(#2136),#477,.T.);
#2477=ADVANCED_FACE('',(#2137),#478,.T.);
#2478=ADVANCED_FACE('',(#2138),#479,.T.);
#2479=ADVANCED_FACE('',(#2139),#480,.T.);
#2480=ADVANCED_FACE('',(#2140),#481,.T.);
#2481=ADVANCED_FACE('',(#2141),#482,.T.);
#2482=ADVANCED_FACE('',(#2142),#483,.T.);
#2483=ADVANCED_FACE('',(#2143),#484,.T.);
#2484=ADVANCED_FACE('',(#2144),#485,.T.);
#2485=ADVANCED_FACE('',(#2145),#486,.T.);
#2486=ADVANCED_FACE('',(#2146),#487,.T.);
#2487=ADVANCED_FACE('',(#2147),#488,.T.);
#2488=ADVANCED_FACE('',(#2148),#489,.T.);
#2489=ADVANCED_FACE('',(#2149),#490,.T.);
#2490=ADVANCED_FACE('',(#2150),#491,.T.);
#2491=ADVANCED_FACE('',(#2151),#492,.T.);
#2492=ADVANCED_FACE('',(#2152),#493,.T.);
#2493=ADVANCED_FACE('',(#2153),#494,.T.);
#2494=ADVANCED_FACE('',(#2154),#495,.T.);
#2495=ADVANCED_FACE('',(#2155),#496,.T.);
#2496=ADVANCED_FACE('',(#2156),#497,.T.);
#2497=ADVANCED_FACE('',(#2157),#498,.T.);
#2498=ADVANCED_FACE('',(#2158),#499,.T.);
#2499=ADVANCED_FACE('',(#2159),#500,.T.);
#2500=ADVANCED_FACE('',(#2160),#501,.T.);
#2501=ADVANCED_FACE('',(#2161),#502,.T.);
#2502=ADVANCED_FACE('',(#2162),#503,.T.);
#2503=ADVANCED_FACE('',(#2163),#504,.T.);
#2504=ADVANCED_FACE('',(#2164),#505,.T.);
#2505=ADVANCED_FACE('',(#2165),#506,.T.);
#2506=ADVANCED_FACE('',(#2166,#2167,#2168,#2169,#2170,#2171,#2172,#2173,
#2174),#507,.F.);
#2507=ADVANCED_FACE('',(#2175,#2176),#544,.F.);
#2508=ADVANCED_FACE('',(#2177,#2178),#508,.T.);
#2509=ADVANCED_FACE('',(#2179,#2180),#545,.F.);
#2510=ADVANCED_FACE('',(#2181,#2182),#509,.T.);
#2511=ADVANCED_FACE('',(#2183,#2184),#546,.F.);
#2512=ADVANCED_FACE('',(#2185,#2186),#510,.T.);
#2513=ADVANCED_FACE('',(#2187,#2188),#547,.F.);
#2514=ADVANCED_FACE('',(#2189,#2190),#511,.T.);
#2515=ADVANCED_FACE('',(#2191,#2192),#548,.F.);
#2516=ADVANCED_FACE('',(#2193,#2194),#512,.T.);
#2517=ADVANCED_FACE('',(#2195,#2196),#549,.F.);
#2518=ADVANCED_FACE('',(#2197,#2198),#513,.T.);
#2519=ADVANCED_FACE('',(#2199,#2200),#550,.F.);
#2520=ADVANCED_FACE('',(#2201,#2202),#514,.T.);
#2521=ADVANCED_FACE('',(#2203,#2204,#2205,#2206,#2207,#2208,#2209,#2210,
#2211),#515,.T.);
#2522=ADVANCED_FACE('',(#2212,#2213),#551,.F.);
#2523=ADVANCED_FACE('',(#2214,#2215),#552,.F.);
#2524=ADVANCED_FACE('',(#2216,#2217),#553,.F.);
#2525=ADVANCED_FACE('',(#2218,#2219),#554,.F.);
#2526=ADVANCED_FACE('',(#2220,#2221),#555,.F.);
#2527=ADVANCED_FACE('',(#2222,#2223),#556,.F.);
#2528=ADVANCED_FACE('',(#2224,#2225),#557,.F.);
#2529=ADVANCED_FACE('',(#2226),#2340,.T.);
#2530=ADVANCED_FACE('',(#2227,#2228),#558,.T.);
#2531=ADVANCED_FACE('',(#2229,#2230),#531,.T.);
#2532=ADVANCED_FACE('',(#2231,#2232),#559,.T.);
#2533=ADVANCED_FACE('',(#2233,#2234),#516,.T.);
#2534=ADVANCED_FACE('',(#2235,#2236),#560,.T.);
#2535=ADVANCED_FACE('',(#2237,#2238),#517,.T.);
#2536=ADVANCED_FACE('',(#2239,#2240),#561,.T.);
#2537=ADVANCED_FACE('',(#2241),#2341,.T.);
#2538=ADVANCED_FACE('',(#2242),#2342,.T.);
#2539=ADVANCED_FACE('',(#2243,#2244),#562,.T.);
#2540=ADVANCED_FACE('',(#2245,#2246),#532,.T.);
#2541=ADVANCED_FACE('',(#2247,#2248),#563,.T.);
#2542=ADVANCED_FACE('',(#2249,#2250),#518,.T.);
#2543=ADVANCED_FACE('',(#2251,#2252),#564,.T.);
#2544=ADVANCED_FACE('',(#2253,#2254),#519,.T.);
#2545=ADVANCED_FACE('',(#2255,#2256),#565,.T.);
#2546=ADVANCED_FACE('',(#2257),#2343,.T.);
#2547=ADVANCED_FACE('',(#2258),#2344,.T.);
#2548=ADVANCED_FACE('',(#2259,#2260),#566,.T.);
#2549=ADVANCED_FACE('',(#2261,#2262),#533,.T.);
#2550=ADVANCED_FACE('',(#2263,#2264),#567,.T.);
#2551=ADVANCED_FACE('',(#2265,#2266),#520,.T.);
#2552=ADVANCED_FACE('',(#2267,#2268),#568,.T.);
#2553=ADVANCED_FACE('',(#2269,#2270),#521,.T.);
#2554=ADVANCED_FACE('',(#2271,#2272),#569,.T.);
#2555=ADVANCED_FACE('',(#2273),#2345,.T.);
#2556=ADVANCED_FACE('',(#2274),#2346,.T.);
#2557=ADVANCED_FACE('',(#2275,#2276),#570,.T.);
#2558=ADVANCED_FACE('',(#2277,#2278),#534,.T.);
#2559=ADVANCED_FACE('',(#2279,#2280),#571,.T.);
#2560=ADVANCED_FACE('',(#2281,#2282),#522,.T.);
#2561=ADVANCED_FACE('',(#2283,#2284),#572,.T.);
#2562=ADVANCED_FACE('',(#2285,#2286),#523,.T.);
#2563=ADVANCED_FACE('',(#2287,#2288),#573,.T.);
#2564=ADVANCED_FACE('',(#2289),#2347,.T.);
#2565=ADVANCED_FACE('',(#2290),#2348,.T.);
#2566=ADVANCED_FACE('',(#2291,#2292),#574,.T.);
#2567=ADVANCED_FACE('',(#2293,#2294),#535,.T.);
#2568=ADVANCED_FACE('',(#2295,#2296),#575,.T.);
#2569=ADVANCED_FACE('',(#2297,#2298),#524,.T.);
#2570=ADVANCED_FACE('',(#2299,#2300),#576,.T.);
#2571=ADVANCED_FACE('',(#2301,#2302),#525,.T.);
#2572=ADVANCED_FACE('',(#2303,#2304),#577,.T.);
#2573=ADVANCED_FACE('',(#2305),#2349,.T.);
#2574=ADVANCED_FACE('',(#2306),#2350,.T.);
#2575=ADVANCED_FACE('',(#2307,#2308),#578,.T.);
#2576=ADVANCED_FACE('',(#2309,#2310),#536,.T.);
#2577=ADVANCED_FACE('',(#2311,#2312),#579,.T.);
#2578=ADVANCED_FACE('',(#2313,#2314),#526,.T.);
#2579=ADVANCED_FACE('',(#2315,#2316),#580,.T.);
#2580=ADVANCED_FACE('',(#2317,#2318),#527,.T.);
#2581=ADVANCED_FACE('',(#2319,#2320),#581,.T.);
#2582=ADVANCED_FACE('',(#2321),#2351,.T.);
#2583=ADVANCED_FACE('',(#2322),#2352,.T.);
#2584=ADVANCED_FACE('',(#2323,#2324),#582,.T.);
#2585=ADVANCED_FACE('',(#2325,#2326),#537,.T.);
#2586=ADVANCED_FACE('',(#2327,#2328),#583,.T.);
#2587=ADVANCED_FACE('',(#2329,#2330),#528,.T.);
#2588=ADVANCED_FACE('',(#2331,#2332),#584,.T.);
#2589=ADVANCED_FACE('',(#2333,#2334),#529,.T.);
#2590=ADVANCED_FACE('',(#2335,#2336),#585,.T.);
#2591=ADVANCED_FACE('',(#2337),#2353,.T.);
#2592=CLOSED_SHELL('',(#2426,#2427,#2428,#2429,#2430,#2431,#2432,#2433,
#2434));
#2593=CLOSED_SHELL('',(#2435,#2436,#2437,#2438,#2439,#2440,#2441,#2442,
#2443,#2444,#2445,#2446,#2447,#2448,#2449,#2450,#2451,#2452,#2453,#2454,
#2455,#2456,#2457,#2458,#2459,#2460,#2461,#2462,#2463,#2464,#2465,#2466,
#2467,#2468,#2469,#2470,#2471,#2472,#2473,#2474,#2475,#2476,#2477,#2478,
#2479,#2480,#2481,#2482,#2483,#2484,#2485,#2486,#2487,#2488,#2489,#2490,
#2491,#2492,#2493,#2494,#2495,#2496,#2497,#2498,#2499,#2500,#2501,#2502,
#2503,#2504,#2505,#2506,#2507,#2508,#2509,#2510,#2511,#2512,#2513,#2514,
#2515,#2516,#2517,#2518,#2519,#2520,#2521,#2522,#2523,#2524,#2525,#2526,
#2527,#2528));
#2594=CLOSED_SHELL('',(#2529,#2530,#2531,#2532,#2533,#2534,#2535,#2536,
#2537));
#2595=CLOSED_SHELL('',(#2538,#2539,#2540,#2541,#2542,#2543,#2544,#2545,
#2546));
#2596=CLOSED_SHELL('',(#2547,#2548,#2549,#2550,#2551,#2552,#2553,#2554,
#2555));
#2597=CLOSED_SHELL('',(#2556,#2557,#2558,#2559,#2560,#2561,#2562,#2563,
#2564));
#2598=CLOSED_SHELL('',(#2565,#2566,#2567,#2568,#2569,#2570,#2571,#2572,
#2573));
#2599=CLOSED_SHELL('',(#2574,#2575,#2576,#2577,#2578,#2579,#2580,#2581,
#2582));
#2600=CLOSED_SHELL('',(#2583,#2584,#2585,#2586,#2587,#2588,#2589,#2590,
#2591));
#2601=STYLED_ITEM('',(#2610),#3098);
#2602=STYLED_ITEM('',(#2620),#3099);
#2603=STYLED_ITEM('',(#2621),#3100);
#2604=STYLED_ITEM('',(#2631),#3101);
#2605=STYLED_ITEM('',(#2641),#3102);
#2606=STYLED_ITEM('',(#2651),#3103);
#2607=STYLED_ITEM('',(#2661),#3104);
#2608=STYLED_ITEM('',(#2671),#3105);
#2609=STYLED_ITEM('',(#2681),#3106);
#2610=PRESENTATION_STYLE_ASSIGNMENT((#2691));
#2611=PRESENTATION_STYLE_ASSIGNMENT((#2692));
#2612=PRESENTATION_STYLE_ASSIGNMENT((#2693));
#2613=PRESENTATION_STYLE_ASSIGNMENT((#2694));
#2614=PRESENTATION_STYLE_ASSIGNMENT((#2695));
#2615=PRESENTATION_STYLE_ASSIGNMENT((#2696));
#2616=PRESENTATION_STYLE_ASSIGNMENT((#2697));
#2617=PRESENTATION_STYLE_ASSIGNMENT((#2698));
#2618=PRESENTATION_STYLE_ASSIGNMENT((#2699));
#2619=PRESENTATION_STYLE_ASSIGNMENT((#2700));
#2620=PRESENTATION_STYLE_ASSIGNMENT((#2701));
#2621=PRESENTATION_STYLE_ASSIGNMENT((#2702));
#2622=PRESENTATION_STYLE_ASSIGNMENT((#2703));
#2623=PRESENTATION_STYLE_ASSIGNMENT((#2704));
#2624=PRESENTATION_STYLE_ASSIGNMENT((#2705));
#2625=PRESENTATION_STYLE_ASSIGNMENT((#2706));
#2626=PRESENTATION_STYLE_ASSIGNMENT((#2707));
#2627=PRESENTATION_STYLE_ASSIGNMENT((#2708));
#2628=PRESENTATION_STYLE_ASSIGNMENT((#2709));
#2629=PRESENTATION_STYLE_ASSIGNMENT((#2710));
#2630=PRESENTATION_STYLE_ASSIGNMENT((#2711));
#2631=PRESENTATION_STYLE_ASSIGNMENT((#2712));
#2632=PRESENTATION_STYLE_ASSIGNMENT((#2713));
#2633=PRESENTATION_STYLE_ASSIGNMENT((#2714));
#2634=PRESENTATION_STYLE_ASSIGNMENT((#2715));
#2635=PRESENTATION_STYLE_ASSIGNMENT((#2716));
#2636=PRESENTATION_STYLE_ASSIGNMENT((#2717));
#2637=PRESENTATION_STYLE_ASSIGNMENT((#2718));
#2638=PRESENTATION_STYLE_ASSIGNMENT((#2719));
#2639=PRESENTATION_STYLE_ASSIGNMENT((#2720));
#2640=PRESENTATION_STYLE_ASSIGNMENT((#2721));
#2641=PRESENTATION_STYLE_ASSIGNMENT((#2722));
#2642=PRESENTATION_STYLE_ASSIGNMENT((#2723));
#2643=PRESENTATION_STYLE_ASSIGNMENT((#2724));
#2644=PRESENTATION_STYLE_ASSIGNMENT((#2725));
#2645=PRESENTATION_STYLE_ASSIGNMENT((#2726));
#2646=PRESENTATION_STYLE_ASSIGNMENT((#2727));
#2647=PRESENTATION_STYLE_ASSIGNMENT((#2728));
#2648=PRESENTATION_STYLE_ASSIGNMENT((#2729));
#2649=PRESENTATION_STYLE_ASSIGNMENT((#2730));
#2650=PRESENTATION_STYLE_ASSIGNMENT((#2731));
#2651=PRESENTATION_STYLE_ASSIGNMENT((#2732));
#2652=PRESENTATION_STYLE_ASSIGNMENT((#2733));
#2653=PRESENTATION_STYLE_ASSIGNMENT((#2734));
#2654=PRESENTATION_STYLE_ASSIGNMENT((#2735));
#2655=PRESENTATION_STYLE_ASSIGNMENT((#2736));
#2656=PRESENTATION_STYLE_ASSIGNMENT((#2737));
#2657=PRESENTATION_STYLE_ASSIGNMENT((#2738));
#2658=PRESENTATION_STYLE_ASSIGNMENT((#2739));
#2659=PRESENTATION_STYLE_ASSIGNMENT((#2740));
#2660=PRESENTATION_STYLE_ASSIGNMENT((#2741));
#2661=PRESENTATION_STYLE_ASSIGNMENT((#2742));
#2662=PRESENTATION_STYLE_ASSIGNMENT((#2743));
#2663=PRESENTATION_STYLE_ASSIGNMENT((#2744));
#2664=PRESENTATION_STYLE_ASSIGNMENT((#2745));
#2665=PRESENTATION_STYLE_ASSIGNMENT((#2746));
#2666=PRESENTATION_STYLE_ASSIGNMENT((#2747));
#2667=PRESENTATION_STYLE_ASSIGNMENT((#2748));
#2668=PRESENTATION_STYLE_ASSIGNMENT((#2749));
#2669=PRESENTATION_STYLE_ASSIGNMENT((#2750));
#2670=PRESENTATION_STYLE_ASSIGNMENT((#2751));
#2671=PRESENTATION_STYLE_ASSIGNMENT((#2752));
#2672=PRESENTATION_STYLE_ASSIGNMENT((#2753));
#2673=PRESENTATION_STYLE_ASSIGNMENT((#2754));
#2674=PRESENTATION_STYLE_ASSIGNMENT((#2755));
#2675=PRESENTATION_STYLE_ASSIGNMENT((#2756));
#2676=PRESENTATION_STYLE_ASSIGNMENT((#2757));
#2677=PRESENTATION_STYLE_ASSIGNMENT((#2758));
#2678=PRESENTATION_STYLE_ASSIGNMENT((#2759));
#2679=PRESENTATION_STYLE_ASSIGNMENT((#2760));
#2680=PRESENTATION_STYLE_ASSIGNMENT((#2761));
#2681=PRESENTATION_STYLE_ASSIGNMENT((#2762));
#2682=PRESENTATION_STYLE_ASSIGNMENT((#2763));
#2683=PRESENTATION_STYLE_ASSIGNMENT((#2764));
#2684=PRESENTATION_STYLE_ASSIGNMENT((#2765));
#2685=PRESENTATION_STYLE_ASSIGNMENT((#2766));
#2686=PRESENTATION_STYLE_ASSIGNMENT((#2767));
#2687=PRESENTATION_STYLE_ASSIGNMENT((#2768));
#2688=PRESENTATION_STYLE_ASSIGNMENT((#2769));
#2689=PRESENTATION_STYLE_ASSIGNMENT((#2770));
#2690=PRESENTATION_STYLE_ASSIGNMENT((#2771));
#2691=SURFACE_STYLE_USAGE(.BOTH.,#2772);
#2692=SURFACE_STYLE_USAGE(.BOTH.,#2773);
#2693=SURFACE_STYLE_USAGE(.BOTH.,#2774);
#2694=SURFACE_STYLE_USAGE(.BOTH.,#2775);
#2695=SURFACE_STYLE_USAGE(.BOTH.,#2776);
#2696=SURFACE_STYLE_USAGE(.BOTH.,#2777);
#2697=SURFACE_STYLE_USAGE(.BOTH.,#2778);
#2698=SURFACE_STYLE_USAGE(.BOTH.,#2779);
#2699=SURFACE_STYLE_USAGE(.BOTH.,#2780);
#2700=SURFACE_STYLE_USAGE(.BOTH.,#2781);
#2701=SURFACE_STYLE_USAGE(.BOTH.,#2782);
#2702=SURFACE_STYLE_USAGE(.BOTH.,#2783);
#2703=SURFACE_STYLE_USAGE(.BOTH.,#2784);
#2704=SURFACE_STYLE_USAGE(.BOTH.,#2785);
#2705=SURFACE_STYLE_USAGE(.BOTH.,#2786);
#2706=SURFACE_STYLE_USAGE(.BOTH.,#2787);
#2707=SURFACE_STYLE_USAGE(.BOTH.,#2788);
#2708=SURFACE_STYLE_USAGE(.BOTH.,#2789);
#2709=SURFACE_STYLE_USAGE(.BOTH.,#2790);
#2710=SURFACE_STYLE_USAGE(.BOTH.,#2791);
#2711=SURFACE_STYLE_USAGE(.BOTH.,#2792);
#2712=SURFACE_STYLE_USAGE(.BOTH.,#2793);
#2713=SURFACE_STYLE_USAGE(.BOTH.,#2794);
#2714=SURFACE_STYLE_USAGE(.BOTH.,#2795);
#2715=SURFACE_STYLE_USAGE(.BOTH.,#2796);
#2716=SURFACE_STYLE_USAGE(.BOTH.,#2797);
#2717=SURFACE_STYLE_USAGE(.BOTH.,#2798);
#2718=SURFACE_STYLE_USAGE(.BOTH.,#2799);
#2719=SURFACE_STYLE_USAGE(.BOTH.,#2800);
#2720=SURFACE_STYLE_USAGE(.BOTH.,#2801);
#2721=SURFACE_STYLE_USAGE(.BOTH.,#2802);
#2722=SURFACE_STYLE_USAGE(.BOTH.,#2803);
#2723=SURFACE_STYLE_USAGE(.BOTH.,#2804);
#2724=SURFACE_STYLE_USAGE(.BOTH.,#2805);
#2725=SURFACE_STYLE_USAGE(.BOTH.,#2806);
#2726=SURFACE_STYLE_USAGE(.BOTH.,#2807);
#2727=SURFACE_STYLE_USAGE(.BOTH.,#2808);
#2728=SURFACE_STYLE_USAGE(.BOTH.,#2809);
#2729=SURFACE_STYLE_USAGE(.BOTH.,#2810);
#2730=SURFACE_STYLE_USAGE(.BOTH.,#2811);
#2731=SURFACE_STYLE_USAGE(.BOTH.,#2812);
#2732=SURFACE_STYLE_USAGE(.BOTH.,#2813);
#2733=SURFACE_STYLE_USAGE(.BOTH.,#2814);
#2734=SURFACE_STYLE_USAGE(.BOTH.,#2815);
#2735=SURFACE_STYLE_USAGE(.BOTH.,#2816);
#2736=SURFACE_STYLE_USAGE(.BOTH.,#2817);
#2737=SURFACE_STYLE_USAGE(.BOTH.,#2818);
#2738=SURFACE_STYLE_USAGE(.BOTH.,#2819);
#2739=SURFACE_STYLE_USAGE(.BOTH.,#2820);
#2740=SURFACE_STYLE_USAGE(.BOTH.,#2821);
#2741=SURFACE_STYLE_USAGE(.BOTH.,#2822);
#2742=SURFACE_STYLE_USAGE(.BOTH.,#2823);
#2743=SURFACE_STYLE_USAGE(.BOTH.,#2824);
#2744=SURFACE_STYLE_USAGE(.BOTH.,#2825);
#2745=SURFACE_STYLE_USAGE(.BOTH.,#2826);
#2746=SURFACE_STYLE_USAGE(.BOTH.,#2827);
#2747=SURFACE_STYLE_USAGE(.BOTH.,#2828);
#2748=SURFACE_STYLE_USAGE(.BOTH.,#2829);
#2749=SURFACE_STYLE_USAGE(.BOTH.,#2830);
#2750=SURFACE_STYLE_USAGE(.BOTH.,#2831);
#2751=SURFACE_STYLE_USAGE(.BOTH.,#2832);
#2752=SURFACE_STYLE_USAGE(.BOTH.,#2833);
#2753=SURFACE_STYLE_USAGE(.BOTH.,#2834);
#2754=SURFACE_STYLE_USAGE(.BOTH.,#2835);
#2755=SURFACE_STYLE_USAGE(.BOTH.,#2836);
#2756=SURFACE_STYLE_USAGE(.BOTH.,#2837);
#2757=SURFACE_STYLE_USAGE(.BOTH.,#2838);
#2758=SURFACE_STYLE_USAGE(.BOTH.,#2839);
#2759=SURFACE_STYLE_USAGE(.BOTH.,#2840);
#2760=SURFACE_STYLE_USAGE(.BOTH.,#2841);
#2761=SURFACE_STYLE_USAGE(.BOTH.,#2842);
#2762=SURFACE_STYLE_USAGE(.BOTH.,#2843);
#2763=SURFACE_STYLE_USAGE(.BOTH.,#2844);
#2764=SURFACE_STYLE_USAGE(.BOTH.,#2845);
#2765=SURFACE_STYLE_USAGE(.BOTH.,#2846);
#2766=SURFACE_STYLE_USAGE(.BOTH.,#2847);
#2767=SURFACE_STYLE_USAGE(.BOTH.,#2848);
#2768=SURFACE_STYLE_USAGE(.BOTH.,#2849);
#2769=SURFACE_STYLE_USAGE(.BOTH.,#2850);
#2770=SURFACE_STYLE_USAGE(.BOTH.,#2851);
#2771=SURFACE_STYLE_USAGE(.BOTH.,#2852);
#2772=SURFACE_SIDE_STYLE('',(#2853));
#2773=SURFACE_SIDE_STYLE('',(#2854));
#2774=SURFACE_SIDE_STYLE('',(#2855));
#2775=SURFACE_SIDE_STYLE('',(#2856));
#2776=SURFACE_SIDE_STYLE('',(#2857));
#2777=SURFACE_SIDE_STYLE('',(#2858));
#2778=SURFACE_SIDE_STYLE('',(#2859));
#2779=SURFACE_SIDE_STYLE('',(#2860));
#2780=SURFACE_SIDE_STYLE('',(#2861));
#2781=SURFACE_SIDE_STYLE('',(#2862));
#2782=SURFACE_SIDE_STYLE('',(#2863));
#2783=SURFACE_SIDE_STYLE('',(#2864));
#2784=SURFACE_SIDE_STYLE('',(#2865));
#2785=SURFACE_SIDE_STYLE('',(#2866));
#2786=SURFACE_SIDE_STYLE('',(#2867));
#2787=SURFACE_SIDE_STYLE('',(#2868));
#2788=SURFACE_SIDE_STYLE('',(#2869));
#2789=SURFACE_SIDE_STYLE('',(#2870));
#2790=SURFACE_SIDE_STYLE('',(#2871));
#2791=SURFACE_SIDE_STYLE('',(#2872));
#2792=SURFACE_SIDE_STYLE('',(#2873));
#2793=SURFACE_SIDE_STYLE('',(#2874));
#2794=SURFACE_SIDE_STYLE('',(#2875));
#2795=SURFACE_SIDE_STYLE('',(#2876));
#2796=SURFACE_SIDE_STYLE('',(#2877));
#2797=SURFACE_SIDE_STYLE('',(#2878));
#2798=SURFACE_SIDE_STYLE('',(#2879));
#2799=SURFACE_SIDE_STYLE('',(#2880));
#2800=SURFACE_SIDE_STYLE('',(#2881));
#2801=SURFACE_SIDE_STYLE('',(#2882));
#2802=SURFACE_SIDE_STYLE('',(#2883));
#2803=SURFACE_SIDE_STYLE('',(#2884));
#2804=SURFACE_SIDE_STYLE('',(#2885));
#2805=SURFACE_SIDE_STYLE('',(#2886));
#2806=SURFACE_SIDE_STYLE('',(#2887));
#2807=SURFACE_SIDE_STYLE('',(#2888));
#2808=SURFACE_SIDE_STYLE('',(#2889));
#2809=SURFACE_SIDE_STYLE('',(#2890));
#2810=SURFACE_SIDE_STYLE('',(#2891));
#2811=SURFACE_SIDE_STYLE('',(#2892));
#2812=SURFACE_SIDE_STYLE('',(#2893));
#2813=SURFACE_SIDE_STYLE('',(#2894));
#2814=SURFACE_SIDE_STYLE('',(#2895));
#2815=SURFACE_SIDE_STYLE('',(#2896));
#2816=SURFACE_SIDE_STYLE('',(#2897));
#2817=SURFACE_SIDE_STYLE('',(#2898));
#2818=SURFACE_SIDE_STYLE('',(#2899));
#2819=SURFACE_SIDE_STYLE('',(#2900));
#2820=SURFACE_SIDE_STYLE('',(#2901));
#2821=SURFACE_SIDE_STYLE('',(#2902));
#2822=SURFACE_SIDE_STYLE('',(#2903));
#2823=SURFACE_SIDE_STYLE('',(#2904));
#2824=SURFACE_SIDE_STYLE('',(#2905));
#2825=SURFACE_SIDE_STYLE('',(#2906));
#2826=SURFACE_SIDE_STYLE('',(#2907));
#2827=SURFACE_SIDE_STYLE('',(#2908));
#2828=SURFACE_SIDE_STYLE('',(#2909));
#2829=SURFACE_SIDE_STYLE('',(#2910));
#2830=SURFACE_SIDE_STYLE('',(#2911));
#2831=SURFACE_SIDE_STYLE('',(#2912));
#2832=SURFACE_SIDE_STYLE('',(#2913));
#2833=SURFACE_SIDE_STYLE('',(#2914));
#2834=SURFACE_SIDE_STYLE('',(#2915));
#2835=SURFACE_SIDE_STYLE('',(#2916));
#2836=SURFACE_SIDE_STYLE('',(#2917));
#2837=SURFACE_SIDE_STYLE('',(#2918));
#2838=SURFACE_SIDE_STYLE('',(#2919));
#2839=SURFACE_SIDE_STYLE('',(#2920));
#2840=SURFACE_SIDE_STYLE('',(#2921));
#2841=SURFACE_SIDE_STYLE('',(#2922));
#2842=SURFACE_SIDE_STYLE('',(#2923));
#2843=SURFACE_SIDE_STYLE('',(#2924));
#2844=SURFACE_SIDE_STYLE('',(#2925));
#2845=SURFACE_SIDE_STYLE('',(#2926));
#2846=SURFACE_SIDE_STYLE('',(#2927));
#2847=SURFACE_SIDE_STYLE('',(#2928));
#2848=SURFACE_SIDE_STYLE('',(#2929));
#2849=SURFACE_SIDE_STYLE('',(#2930));
#2850=SURFACE_SIDE_STYLE('',(#2931));
#2851=SURFACE_SIDE_STYLE('',(#2932));
#2852=SURFACE_SIDE_STYLE('',(#2933));
#2853=SURFACE_STYLE_FILL_AREA(#2934);
#2854=SURFACE_STYLE_FILL_AREA(#2935);
#2855=SURFACE_STYLE_FILL_AREA(#2936);
#2856=SURFACE_STYLE_FILL_AREA(#2937);
#2857=SURFACE_STYLE_FILL_AREA(#2938);
#2858=SURFACE_STYLE_FILL_AREA(#2939);
#2859=SURFACE_STYLE_FILL_AREA(#2940);
#2860=SURFACE_STYLE_FILL_AREA(#2941);
#2861=SURFACE_STYLE_FILL_AREA(#2942);
#2862=SURFACE_STYLE_FILL_AREA(#2943);
#2863=SURFACE_STYLE_FILL_AREA(#2944);
#2864=SURFACE_STYLE_FILL_AREA(#2945);
#2865=SURFACE_STYLE_FILL_AREA(#2946);
#2866=SURFACE_STYLE_FILL_AREA(#2947);
#2867=SURFACE_STYLE_FILL_AREA(#2948);
#2868=SURFACE_STYLE_FILL_AREA(#2949);
#2869=SURFACE_STYLE_FILL_AREA(#2950);
#2870=SURFACE_STYLE_FILL_AREA(#2951);
#2871=SURFACE_STYLE_FILL_AREA(#2952);
#2872=SURFACE_STYLE_FILL_AREA(#2953);
#2873=SURFACE_STYLE_FILL_AREA(#2954);
#2874=SURFACE_STYLE_FILL_AREA(#2955);
#2875=SURFACE_STYLE_FILL_AREA(#2956);
#2876=SURFACE_STYLE_FILL_AREA(#2957);
#2877=SURFACE_STYLE_FILL_AREA(#2958);
#2878=SURFACE_STYLE_FILL_AREA(#2959);
#2879=SURFACE_STYLE_FILL_AREA(#2960);
#2880=SURFACE_STYLE_FILL_AREA(#2961);
#2881=SURFACE_STYLE_FILL_AREA(#2962);
#2882=SURFACE_STYLE_FILL_AREA(#2963);
#2883=SURFACE_STYLE_FILL_AREA(#2964);
#2884=SURFACE_STYLE_FILL_AREA(#2965);
#2885=SURFACE_STYLE_FILL_AREA(#2966);
#2886=SURFACE_STYLE_FILL_AREA(#2967);
#2887=SURFACE_STYLE_FILL_AREA(#2968);
#2888=SURFACE_STYLE_FILL_AREA(#2969);
#2889=SURFACE_STYLE_FILL_AREA(#2970);
#2890=SURFACE_STYLE_FILL_AREA(#2971);
#2891=SURFACE_STYLE_FILL_AREA(#2972);
#2892=SURFACE_STYLE_FILL_AREA(#2973);
#2893=SURFACE_STYLE_FILL_AREA(#2974);
#2894=SURFACE_STYLE_FILL_AREA(#2975);
#2895=SURFACE_STYLE_FILL_AREA(#2976);
#2896=SURFACE_STYLE_FILL_AREA(#2977);
#2897=SURFACE_STYLE_FILL_AREA(#2978);
#2898=SURFACE_STYLE_FILL_AREA(#2979);
#2899=SURFACE_STYLE_FILL_AREA(#2980);
#2900=SURFACE_STYLE_FILL_AREA(#2981);
#2901=SURFACE_STYLE_FILL_AREA(#2982);
#2902=SURFACE_STYLE_FILL_AREA(#2983);
#2903=SURFACE_STYLE_FILL_AREA(#2984);
#2904=SURFACE_STYLE_FILL_AREA(#2985);
#2905=SURFACE_STYLE_FILL_AREA(#2986);
#2906=SURFACE_STYLE_FILL_AREA(#2987);
#2907=SURFACE_STYLE_FILL_AREA(#2988);
#2908=SURFACE_STYLE_FILL_AREA(#2989);
#2909=SURFACE_STYLE_FILL_AREA(#2990);
#2910=SURFACE_STYLE_FILL_AREA(#2991);
#2911=SURFACE_STYLE_FILL_AREA(#2992);
#2912=SURFACE_STYLE_FILL_AREA(#2993);
#2913=SURFACE_STYLE_FILL_AREA(#2994);
#2914=SURFACE_STYLE_FILL_AREA(#2995);
#2915=SURFACE_STYLE_FILL_AREA(#2996);
#2916=SURFACE_STYLE_FILL_AREA(#2997);
#2917=SURFACE_STYLE_FILL_AREA(#2998);
#2918=SURFACE_STYLE_FILL_AREA(#2999);
#2919=SURFACE_STYLE_FILL_AREA(#3000);
#2920=SURFACE_STYLE_FILL_AREA(#3001);
#2921=SURFACE_STYLE_FILL_AREA(#3002);
#2922=SURFACE_STYLE_FILL_AREA(#3003);
#2923=SURFACE_STYLE_FILL_AREA(#3004);
#2924=SURFACE_STYLE_FILL_AREA(#3005);
#2925=SURFACE_STYLE_FILL_AREA(#3006);
#2926=SURFACE_STYLE_FILL_AREA(#3007);
#2927=SURFACE_STYLE_FILL_AREA(#3008);
#2928=SURFACE_STYLE_FILL_AREA(#3009);
#2929=SURFACE_STYLE_FILL_AREA(#3010);
#2930=SURFACE_STYLE_FILL_AREA(#3011);
#2931=SURFACE_STYLE_FILL_AREA(#3012);
#2932=SURFACE_STYLE_FILL_AREA(#3013);
#2933=SURFACE_STYLE_FILL_AREA(#3014);
#2934=FILL_AREA_STYLE('',(#3015));
#2935=FILL_AREA_STYLE('',(#3016));
#2936=FILL_AREA_STYLE('',(#3017));
#2937=FILL_AREA_STYLE('',(#3018));
#2938=FILL_AREA_STYLE('',(#3019));
#2939=FILL_AREA_STYLE('',(#3020));
#2940=FILL_AREA_STYLE('',(#3021));
#2941=FILL_AREA_STYLE('',(#3022));
#2942=FILL_AREA_STYLE('',(#3023));
#2943=FILL_AREA_STYLE('',(#3024));
#2944=FILL_AREA_STYLE('',(#3025));
#2945=FILL_AREA_STYLE('',(#3026));
#2946=FILL_AREA_STYLE('',(#3027));
#2947=FILL_AREA_STYLE('',(#3028));
#2948=FILL_AREA_STYLE('',(#3029));
#2949=FILL_AREA_STYLE('',(#3030));
#2950=FILL_AREA_STYLE('',(#3031));
#2951=FILL_AREA_STYLE('',(#3032));
#2952=FILL_AREA_STYLE('',(#3033));
#2953=FILL_AREA_STYLE('',(#3034));
#2954=FILL_AREA_STYLE('',(#3035));
#2955=FILL_AREA_STYLE('',(#3036));
#2956=FILL_AREA_STYLE('',(#3037));
#2957=FILL_AREA_STYLE('',(#3038));
#2958=FILL_AREA_STYLE('',(#3039));
#2959=FILL_AREA_STYLE('',(#3040));
#2960=FILL_AREA_STYLE('',(#3041));
#2961=FILL_AREA_STYLE('',(#3042));
#2962=FILL_AREA_STYLE('',(#3043));
#2963=FILL_AREA_STYLE('',(#3044));
#2964=FILL_AREA_STYLE('',(#3045));
#2965=FILL_AREA_STYLE('',(#3046));
#2966=FILL_AREA_STYLE('',(#3047));
#2967=FILL_AREA_STYLE('',(#3048));
#2968=FILL_AREA_STYLE('',(#3049));
#2969=FILL_AREA_STYLE('',(#3050));
#2970=FILL_AREA_STYLE('',(#3051));
#2971=FILL_AREA_STYLE('',(#3052));
#2972=FILL_AREA_STYLE('',(#3053));
#2973=FILL_AREA_STYLE('',(#3054));
#2974=FILL_AREA_STYLE('',(#3055));
#2975=FILL_AREA_STYLE('',(#3056));
#2976=FILL_AREA_STYLE('',(#3057));
#2977=FILL_AREA_STYLE('',(#3058));
#2978=FILL_AREA_STYLE('',(#3059));
#2979=FILL_AREA_STYLE('',(#3060));
#2980=FILL_AREA_STYLE('',(#3061));
#2981=FILL_AREA_STYLE('',(#3062));
#2982=FILL_AREA_STYLE('',(#3063));
#2983=FILL_AREA_STYLE('',(#3064));
#2984=FILL_AREA_STYLE('',(#3065));
#2985=FILL_AREA_STYLE('',(#3066));
#2986=FILL_AREA_STYLE('',(#3067));
#2987=FILL_AREA_STYLE('',(#3068));
#2988=FILL_AREA_STYLE('',(#3069));
#2989=FILL_AREA_STYLE('',(#3070));
#2990=FILL_AREA_STYLE('',(#3071));
#2991=FILL_AREA_STYLE('',(#3072));
#2992=FILL_AREA_STYLE('',(#3073));
#2993=FILL_AREA_STYLE('',(#3074));
#2994=FILL_AREA_STYLE('',(#3075));
#2995=FILL_AREA_STYLE('',(#3076));
#2996=FILL_AREA_STYLE('',(#3077));
#2997=FILL_AREA_STYLE('',(#3078));
#2998=FILL_AREA_STYLE('',(#3079));
#2999=FILL_AREA_STYLE('',(#3080));
#3000=FILL_AREA_STYLE('',(#3081));
#3001=FILL_AREA_STYLE('',(#3082));
#3002=FILL_AREA_STYLE('',(#3083));
#3003=FILL_AREA_STYLE('',(#3084));
#3004=FILL_AREA_STYLE('',(#3085));
#3005=FILL_AREA_STYLE('',(#3086));
#3006=FILL_AREA_STYLE('',(#3087));
#3007=FILL_AREA_STYLE('',(#3088));
#3008=FILL_AREA_STYLE('',(#3089));
#3009=FILL_AREA_STYLE('',(#3090));
#3010=FILL_AREA_STYLE('',(#3091));
#3011=FILL_AREA_STYLE('',(#3092));
#3012=FILL_AREA_STYLE('',(#3093));
#3013=FILL_AREA_STYLE('',(#3094));
#3014=FILL_AREA_STYLE('',(#3095));
#3015=FILL_AREA_STYLE_COLOUR('',#3096);
#3016=FILL_AREA_STYLE_COLOUR('',#3097);
#3017=FILL_AREA_STYLE_COLOUR('',#3097);
#3018=FILL_AREA_STYLE_COLOUR('',#3097);
#3019=FILL_AREA_STYLE_COLOUR('',#3097);
#3020=FILL_AREA_STYLE_COLOUR('',#3097);
#3021=FILL_AREA_STYLE_COLOUR('',#3097);
#3022=FILL_AREA_STYLE_COLOUR('',#3097);
#3023=FILL_AREA_STYLE_COLOUR('',#3097);
#3024=FILL_AREA_STYLE_COLOUR('',#3097);
#3025=FILL_AREA_STYLE_COLOUR('',#3096);
#3026=FILL_AREA_STYLE_COLOUR('',#3096);
#3027=FILL_AREA_STYLE_COLOUR('',#3097);
#3028=FILL_AREA_STYLE_COLOUR('',#3097);
#3029=FILL_AREA_STYLE_COLOUR('',#3097);
#3030=FILL_AREA_STYLE_COLOUR('',#3097);
#3031=FILL_AREA_STYLE_COLOUR('',#3097);
#3032=FILL_AREA_STYLE_COLOUR('',#3097);
#3033=FILL_AREA_STYLE_COLOUR('',#3097);
#3034=FILL_AREA_STYLE_COLOUR('',#3097);
#3035=FILL_AREA_STYLE_COLOUR('',#3097);
#3036=FILL_AREA_STYLE_COLOUR('',#3096);
#3037=FILL_AREA_STYLE_COLOUR('',#3097);
#3038=FILL_AREA_STYLE_COLOUR('',#3097);
#3039=FILL_AREA_STYLE_COLOUR('',#3097);
#3040=FILL_AREA_STYLE_COLOUR('',#3097);
#3041=FILL_AREA_STYLE_COLOUR('',#3097);
#3042=FILL_AREA_STYLE_COLOUR('',#3097);
#3043=FILL_AREA_STYLE_COLOUR('',#3097);
#3044=FILL_AREA_STYLE_COLOUR('',#3097);
#3045=FILL_AREA_STYLE_COLOUR('',#3097);
#3046=FILL_AREA_STYLE_COLOUR('',#3096);
#3047=FILL_AREA_STYLE_COLOUR('',#3097);
#3048=FILL_AREA_STYLE_COLOUR('',#3097);
#3049=FILL_AREA_STYLE_COLOUR('',#3097);
#3050=FILL_AREA_STYLE_COLOUR('',#3097);
#3051=FILL_AREA_STYLE_COLOUR('',#3097);
#3052=FILL_AREA_STYLE_COLOUR('',#3097);
#3053=FILL_AREA_STYLE_COLOUR('',#3097);
#3054=FILL_AREA_STYLE_COLOUR('',#3097);
#3055=FILL_AREA_STYLE_COLOUR('',#3097);
#3056=FILL_AREA_STYLE_COLOUR('',#3096);
#3057=FILL_AREA_STYLE_COLOUR('',#3097);
#3058=FILL_AREA_STYLE_COLOUR('',#3097);
#3059=FILL_AREA_STYLE_COLOUR('',#3097);
#3060=FILL_AREA_STYLE_COLOUR('',#3097);
#3061=FILL_AREA_STYLE_COLOUR('',#3097);
#3062=FILL_AREA_STYLE_COLOUR('',#3097);
#3063=FILL_AREA_STYLE_COLOUR('',#3097);
#3064=FILL_AREA_STYLE_COLOUR('',#3097);
#3065=FILL_AREA_STYLE_COLOUR('',#3097);
#3066=FILL_AREA_STYLE_COLOUR('',#3096);
#3067=FILL_AREA_STYLE_COLOUR('',#3097);
#3068=FILL_AREA_STYLE_COLOUR('',#3097);
#3069=FILL_AREA_STYLE_COLOUR('',#3097);
#3070=FILL_AREA_STYLE_COLOUR('',#3097);
#3071=FILL_AREA_STYLE_COLOUR('',#3097);
#3072=FILL_AREA_STYLE_COLOUR('',#3097);
#3073=FILL_AREA_STYLE_COLOUR('',#3097);
#3074=FILL_AREA_STYLE_COLOUR('',#3097);
#3075=FILL_AREA_STYLE_COLOUR('',#3097);
#3076=FILL_AREA_STYLE_COLOUR('',#3096);
#3077=FILL_AREA_STYLE_COLOUR('',#3097);
#3078=FILL_AREA_STYLE_COLOUR('',#3097);
#3079=FILL_AREA_STYLE_COLOUR('',#3097);
#3080=FILL_AREA_STYLE_COLOUR('',#3097);
#3081=FILL_AREA_STYLE_COLOUR('',#3097);
#3082=FILL_AREA_STYLE_COLOUR('',#3097);
#3083=FILL_AREA_STYLE_COLOUR('',#3097);
#3084=FILL_AREA_STYLE_COLOUR('',#3097);
#3085=FILL_AREA_STYLE_COLOUR('',#3097);
#3086=FILL_AREA_STYLE_COLOUR('',#3096);
#3087=FILL_AREA_STYLE_COLOUR('',#3097);
#3088=FILL_AREA_STYLE_COLOUR('',#3097);
#3089=FILL_AREA_STYLE_COLOUR('',#3097);
#3090=FILL_AREA_STYLE_COLOUR('',#3097);
#3091=FILL_AREA_STYLE_COLOUR('',#3097);
#3092=FILL_AREA_STYLE_COLOUR('',#3097);
#3093=FILL_AREA_STYLE_COLOUR('',#3097);
#3094=FILL_AREA_STYLE_COLOUR('',#3097);
#3095=FILL_AREA_STYLE_COLOUR('',#3097);
#3096=COLOUR_RGB('',0.156862745098039,0.156862745098039,0.156862745098039);
#3097=COLOUR_RGB('',0.968627450980392,0.87843137254902,0.6);
#3098=MANIFOLD_SOLID_BREP('8 pin header v1_1',#2592);
#3099=MANIFOLD_SOLID_BREP('8 pin header v1_1',#2593);
#3100=MANIFOLD_SOLID_BREP('8 pin header v1_1',#2594);
#3101=MANIFOLD_SOLID_BREP('8 pin header v1_1',#2595);
#3102=MANIFOLD_SOLID_BREP('8 pin header v1_1',#2596);
#3103=MANIFOLD_SOLID_BREP('8 pin header v1_1',#2597);
#3104=MANIFOLD_SOLID_BREP('8 pin header v1_1',#2598);
#3105=MANIFOLD_SOLID_BREP('8 pin header v1_1',#2599);
#3106=MANIFOLD_SOLID_BREP('8 pin header v1_1',#2600);
#3107=SHAPE_DEFINITION_REPRESENTATION(#4903,#3116);
#3108=SHAPE_DEFINITION_REPRESENTATION(#4904,#3117);
#3109=SHAPE_DEFINITION_REPRESENTATION(#4905,#3118);
#3110=SHAPE_DEFINITION_REPRESENTATION(#4906,#3119);
#3111=SHAPE_DEFINITION_REPRESENTATION(#4907,#3120);
#3112=SHAPE_DEFINITION_REPRESENTATION(#4908,#3121);
#3113=SHAPE_DEFINITION_REPRESENTATION(#4909,#3122);
#3114=SHAPE_DEFINITION_REPRESENTATION(#4910,#3123);
#3115=SHAPE_DEFINITION_REPRESENTATION(#4911,#3124);
#3116=SHAPE_REPRESENTATION('8 pin header v1_1',(#3125),#4858);
#3117=SHAPE_REPRESENTATION('8 pin header v1_1',(#3143),#4859);
#3118=SHAPE_REPRESENTATION('8 pin header v1_1',(#3270),#4860);
#3119=SHAPE_REPRESENTATION('8 pin header v1_1',(#3288),#4861);
#3120=SHAPE_REPRESENTATION('8 pin header v1_1',(#3306),#4862);
#3121=SHAPE_REPRESENTATION('8 pin header v1_1',(#3324),#4863);
#3122=SHAPE_REPRESENTATION('8 pin header v1_1',(#3342),#4864);
#3123=SHAPE_REPRESENTATION('8 pin header v1_1',(#3360),#4865);
#3124=SHAPE_REPRESENTATION('8 pin header v1_1',(#3378),#4866);
#3125=AXIS2_PLACEMENT_3D('',#4142,#3396,#3397);
#3126=AXIS2_PLACEMENT_3D('',#4143,#3398,#3399);
#3127=AXIS2_PLACEMENT_3D('',#4144,#3400,#3401);
#3128=AXIS2_PLACEMENT_3D('',#4146,#3402,#3403);
#3129=AXIS2_PLACEMENT_3D('',#4147,#3404,#3405);
#3130=AXIS2_PLACEMENT_3D('',#4149,#3406,#3407);
#3131=AXIS2_PLACEMENT_3D('',#4150,#3408,#3409);
#3132=AXIS2_PLACEMENT_3D('',#4152,#3410,#3411);
#3133=AXIS2_PLACEMENT_3D('',#4153,#3412,#3413);
#3134=AXIS2_PLACEMENT_3D('',#4155,#3414,#3415);
#3135=AXIS2_PLACEMENT_3D('',#4156,#3416,#3417);
#3136=AXIS2_PLACEMENT_3D('',#4158,#3418,#3419);
#3137=AXIS2_PLACEMENT_3D('',#4159,#3420,#3421);
#3138=AXIS2_PLACEMENT_3D('',#4161,#3422,#3423);
#3139=AXIS2_PLACEMENT_3D('',#4162,#3424,#3425);
#3140=AXIS2_PLACEMENT_3D('',#4164,#3426,#3427);
#3141=AXIS2_PLACEMENT_3D('',#4165,#3428,#3429);
#3142=AXIS2_PLACEMENT_3D('',#4167,#3430,#3431);
#3143=AXIS2_PLACEMENT_3D('',#4168,#3432,#3433);
#3144=AXIS2_PLACEMENT_3D('',#4169,#3434,#3435);
#3145=AXIS2_PLACEMENT_3D('',#4170,#3436,#3437);
#3146=AXIS2_PLACEMENT_3D('',#4172,#3438,#3439);
#3147=AXIS2_PLACEMENT_3D('',#4174,#3440,#3441);
#3148=AXIS2_PLACEMENT_3D('',#4175,#3442,#3443);
#3149=AXIS2_PLACEMENT_3D('',#4177,#3444,#3445);
#3150=AXIS2_PLACEMENT_3D('',#4178,#3446,#3447);
#3151=AXIS2_PLACEMENT_3D('',#4180,#3448,#3449);
#3152=AXIS2_PLACEMENT_3D('',#4189,#3454,#3455);
#3153=AXIS2_PLACEMENT_3D('',#4195,#3459,#3460);
#3154=AXIS2_PLACEMENT_3D('',#4201,#3464,#3465);
#3155=AXIS2_PLACEMENT_3D('',#4207,#3469,#3470);
#3156=AXIS2_PLACEMENT_3D('',#4213,#3474,#3475);
#3157=AXIS2_PLACEMENT_3D('',#4219,#3479,#3480);
#3158=AXIS2_PLACEMENT_3D('',#4225,#3484,#3485);
#3159=AXIS2_PLACEMENT_3D('',#4231,#3489,#3490);
#3160=AXIS2_PLACEMENT_3D('',#4237,#3494,#3495);
#3161=AXIS2_PLACEMENT_3D('',#4243,#3499,#3500);
#3162=AXIS2_PLACEMENT_3D('',#4249,#3504,#3505);
#3163=AXIS2_PLACEMENT_3D('',#4255,#3509,#3510);
#3164=AXIS2_PLACEMENT_3D('',#4261,#3514,#3515);
#3165=AXIS2_PLACEMENT_3D('',#4267,#3519,#3520);
#3166=AXIS2_PLACEMENT_3D('',#4273,#3524,#3525);
#3167=AXIS2_PLACEMENT_3D('',#4279,#3529,#3530);
#3168=AXIS2_PLACEMENT_3D('',#4285,#3534,#3535);
#3169=AXIS2_PLACEMENT_3D('',#4291,#3539,#3540);
#3170=AXIS2_PLACEMENT_3D('',#4297,#3544,#3545);
#3171=AXIS2_PLACEMENT_3D('',#4303,#3549,#3550);
#3172=AXIS2_PLACEMENT_3D('',#4309,#3554,#3555);
#3173=AXIS2_PLACEMENT_3D('',#4315,#3559,#3560);
#3174=AXIS2_PLACEMENT_3D('',#4321,#3564,#3565);
#3175=AXIS2_PLACEMENT_3D('',#4327,#3569,#3570);
#3176=AXIS2_PLACEMENT_3D('',#4333,#3574,#3575);
#3177=AXIS2_PLACEMENT_3D('',#4339,#3579,#3580);
#3178=AXIS2_PLACEMENT_3D('',#4345,#3584,#3585);
#3179=AXIS2_PLACEMENT_3D('',#4351,#3589,#3590);
#3180=AXIS2_PLACEMENT_3D('',#4357,#3594,#3595);
#3181=AXIS2_PLACEMENT_3D('',#4363,#3599,#3600);
#3182=AXIS2_PLACEMENT_3D('',#4369,#3604,#3605);
#3183=AXIS2_PLACEMENT_3D('',#4375,#3609,#3610);
#3184=AXIS2_PLACEMENT_3D('',#4381,#3614,#3615);
#3185=AXIS2_PLACEMENT_3D('',#4387,#3619,#3620);
#3186=AXIS2_PLACEMENT_3D('',#4393,#3624,#3625);
#3187=AXIS2_PLACEMENT_3D('',#4399,#3629,#3630);
#3188=AXIS2_PLACEMENT_3D('',#4405,#3634,#3635);
#3189=AXIS2_PLACEMENT_3D('',#4411,#3639,#3640);
#3190=AXIS2_PLACEMENT_3D('',#4417,#3644,#3645);
#3191=AXIS2_PLACEMENT_3D('',#4423,#3649,#3650);
#3192=AXIS2_PLACEMENT_3D('',#4429,#3654,#3655);
#3193=AXIS2_PLACEMENT_3D('',#4435,#3659,#3660);
#3194=AXIS2_PLACEMENT_3D('',#4441,#3664,#3665);
#3195=AXIS2_PLACEMENT_3D('',#4447,#3669,#3670);
#3196=AXIS2_PLACEMENT_3D('',#4453,#3674,#3675);
#3197=AXIS2_PLACEMENT_3D('',#4459,#3679,#3680);
#3198=AXIS2_PLACEMENT_3D('',#4465,#3684,#3685);
#3199=AXIS2_PLACEMENT_3D('',#4471,#3689,#3690);
#3200=AXIS2_PLACEMENT_3D('',#4477,#3694,#3695);
#3201=AXIS2_PLACEMENT_3D('',#4483,#3699,#3700);
#3202=AXIS2_PLACEMENT_3D('',#4489,#3704,#3705);
#3203=AXIS2_PLACEMENT_3D('',#4495,#3709,#3710);
#3204=AXIS2_PLACEMENT_3D('',#4501,#3714,#3715);
#3205=AXIS2_PLACEMENT_3D('',#4507,#3719,#3720);
#3206=AXIS2_PLACEMENT_3D('',#4513,#3724,#3725);
#3207=AXIS2_PLACEMENT_3D('',#4519,#3729,#3730);
#3208=AXIS2_PLACEMENT_3D('',#4525,#3734,#3735);
#3209=AXIS2_PLACEMENT_3D('',#4531,#3739,#3740);
#3210=AXIS2_PLACEMENT_3D('',#4537,#3744,#3745);
#3211=AXIS2_PLACEMENT_3D('',#4543,#3749,#3750);
#3212=AXIS2_PLACEMENT_3D('',#4549,#3754,#3755);
#3213=AXIS2_PLACEMENT_3D('',#4555,#3759,#3760);
#3214=AXIS2_PLACEMENT_3D('',#4561,#3764,#3765);
#3215=AXIS2_PLACEMENT_3D('',#4567,#3769,#3770);
#3216=AXIS2_PLACEMENT_3D('',#4573,#3774,#3775);
#3217=AXIS2_PLACEMENT_3D('',#4579,#3779,#3780);
#3218=AXIS2_PLACEMENT_3D('',#4585,#3784,#3785);
#3219=AXIS2_PLACEMENT_3D('',#4588,#3788,#3789);
#3220=AXIS2_PLACEMENT_3D('',#4589,#3790,#3791);
#3221=AXIS2_PLACEMENT_3D('',#4591,#3792,#3793);
#3222=AXIS2_PLACEMENT_3D('',#4593,#3794,#3795);
#3223=AXIS2_PLACEMENT_3D('',#4595,#3796,#3797);
#3224=AXIS2_PLACEMENT_3D('',#4597,#3798,#3799);
#3225=AXIS2_PLACEMENT_3D('',#4599,#3800,#3801);
#3226=AXIS2_PLACEMENT_3D('',#4601,#3802,#3803);
#3227=AXIS2_PLACEMENT_3D('',#4603,#3804,#3805);
#3228=AXIS2_PLACEMENT_3D('',#4604,#3806,#3807);
#3229=AXIS2_PLACEMENT_3D('',#4606,#3808,#3809);
#3230=AXIS2_PLACEMENT_3D('',#4608,#3810,#3811);
#3231=AXIS2_PLACEMENT_3D('',#4609,#3812,#3813);
#3232=AXIS2_PLACEMENT_3D('',#4611,#3814,#3815);
#3233=AXIS2_PLACEMENT_3D('',#4612,#3816,#3817);
#3234=AXIS2_PLACEMENT_3D('',#4614,#3818,#3819);
#3235=AXIS2_PLACEMENT_3D('',#4616,#3820,#3821);
#3236=AXIS2_PLACEMENT_3D('',#4617,#3822,#3823);
#3237=AXIS2_PLACEMENT_3D('',#4619,#3824,#3825);
#3238=AXIS2_PLACEMENT_3D('',#4620,#3826,#3827);
#3239=AXIS2_PLACEMENT_3D('',#4622,#3828,#3829);
#3240=AXIS2_PLACEMENT_3D('',#4624,#3830,#3831);
#3241=AXIS2_PLACEMENT_3D('',#4625,#3832,#3833);
#3242=AXIS2_PLACEMENT_3D('',#4627,#3834,#3835);
#3243=AXIS2_PLACEMENT_3D('',#4628,#3836,#3837);
#3244=AXIS2_PLACEMENT_3D('',#4630,#3838,#3839);
#3245=AXIS2_PLACEMENT_3D('',#4632,#3840,#3841);
#3246=AXIS2_PLACEMENT_3D('',#4633,#3842,#3843);
#3247=AXIS2_PLACEMENT_3D('',#4635,#3844,#3845);
#3248=AXIS2_PLACEMENT_3D('',#4636,#3846,#3847);
#3249=AXIS2_PLACEMENT_3D('',#4638,#3848,#3849);
#3250=AXIS2_PLACEMENT_3D('',#4640,#3850,#3851);
#3251=AXIS2_PLACEMENT_3D('',#4641,#3852,#3853);
#3252=AXIS2_PLACEMENT_3D('',#4643,#3854,#3855);
#3253=AXIS2_PLACEMENT_3D('',#4644,#3856,#3857);
#3254=AXIS2_PLACEMENT_3D('',#4646,#3858,#3859);
#3255=AXIS2_PLACEMENT_3D('',#4648,#3860,#3861);
#3256=AXIS2_PLACEMENT_3D('',#4649,#3862,#3863);
#3257=AXIS2_PLACEMENT_3D('',#4651,#3864,#3865);
#3258=AXIS2_PLACEMENT_3D('',#4652,#3866,#3867);
#3259=AXIS2_PLACEMENT_3D('',#4654,#3868,#3869);
#3260=AXIS2_PLACEMENT_3D('',#4656,#3870,#3871);
#3261=AXIS2_PLACEMENT_3D('',#4657,#3872,#3873);
#3262=AXIS2_PLACEMENT_3D('',#4659,#3874,#3875);
#3263=AXIS2_PLACEMENT_3D('',#4660,#3876,#3877);
#3264=AXIS2_PLACEMENT_3D('',#4661,#3878,#3879);
#3265=AXIS2_PLACEMENT_3D('',#4662,#3880,#3881);
#3266=AXIS2_PLACEMENT_3D('',#4663,#3882,#3883);
#3267=AXIS2_PLACEMENT_3D('',#4664,#3884,#3885);
#3268=AXIS2_PLACEMENT_3D('',#4665,#3886,#3887);
#3269=AXIS2_PLACEMENT_3D('',#4666,#3888,#3889);
#3270=AXIS2_PLACEMENT_3D('',#4667,#3890,#3891);
#3271=AXIS2_PLACEMENT_3D('',#4668,#3892,#3893);
#3272=AXIS2_PLACEMENT_3D('',#4669,#3894,#3895);
#3273=AXIS2_PLACEMENT_3D('',#4671,#3896,#3897);
#3274=AXIS2_PLACEMENT_3D('',#4672,#3898,#3899);
#3275=AXIS2_PLACEMENT_3D('',#4674,#3900,#3901);
#3276=AXIS2_PLACEMENT_3D('',#4675,#3902,#3903);
#3277=AXIS2_PLACEMENT_3D('',#4677,#3904,#3905);
#3278=AXIS2_PLACEMENT_3D('',#4678,#3906,#3907);
#3279=AXIS2_PLACEMENT_3D('',#4680,#3908,#3909);
#3280=AXIS2_PLACEMENT_3D('',#4681,#3910,#3911);
#3281=AXIS2_PLACEMENT_3D('',#4683,#3912,#3913);
#3282=AXIS2_PLACEMENT_3D('',#4684,#3914,#3915);
#3283=AXIS2_PLACEMENT_3D('',#4686,#3916,#3917);
#3284=AXIS2_PLACEMENT_3D('',#4687,#3918,#3919);
#3285=AXIS2_PLACEMENT_3D('',#4689,#3920,#3921);
#3286=AXIS2_PLACEMENT_3D('',#4690,#3922,#3923);
#3287=AXIS2_PLACEMENT_3D('',#4692,#3924,#3925);
#3288=AXIS2_PLACEMENT_3D('',#4693,#3926,#3927);
#3289=AXIS2_PLACEMENT_3D('',#4694,#3928,#3929);
#3290=AXIS2_PLACEMENT_3D('',#4695,#3930,#3931);
#3291=AXIS2_PLACEMENT_3D('',#4697,#3932,#3933);
#3292=AXIS2_PLACEMENT_3D('',#4698,#3934,#3935);
#3293=AXIS2_PLACEMENT_3D('',#4700,#3936,#3937);
#3294=AXIS2_PLACEMENT_3D('',#4701,#3938,#3939);
#3295=AXIS2_PLACEMENT_3D('',#4703,#3940,#3941);
#3296=AXIS2_PLACEMENT_3D('',#4704,#3942,#3943);
#3297=AXIS2_PLACEMENT_3D('',#4706,#3944,#3945);
#3298=AXIS2_PLACEMENT_3D('',#4707,#3946,#3947);
#3299=AXIS2_PLACEMENT_3D('',#4709,#3948,#3949);
#3300=AXIS2_PLACEMENT_3D('',#4710,#3950,#3951);
#3301=AXIS2_PLACEMENT_3D('',#4712,#3952,#3953);
#3302=AXIS2_PLACEMENT_3D('',#4713,#3954,#3955);
#3303=AXIS2_PLACEMENT_3D('',#4715,#3956,#3957);
#3304=AXIS2_PLACEMENT_3D('',#4716,#3958,#3959);
#3305=AXIS2_PLACEMENT_3D('',#4718,#3960,#3961);
#3306=AXIS2_PLACEMENT_3D('',#4719,#3962,#3963);
#3307=AXIS2_PLACEMENT_3D('',#4720,#3964,#3965);
#3308=AXIS2_PLACEMENT_3D('',#4721,#3966,#3967);
#3309=AXIS2_PLACEMENT_3D('',#4723,#3968,#3969);
#3310=AXIS2_PLACEMENT_3D('',#4724,#3970,#3971);
#3311=AXIS2_PLACEMENT_3D('',#4726,#3972,#3973);
#3312=AXIS2_PLACEMENT_3D('',#4727,#3974,#3975);
#3313=AXIS2_PLACEMENT_3D('',#4729,#3976,#3977);
#3314=AXIS2_PLACEMENT_3D('',#4730,#3978,#3979);
#3315=AXIS2_PLACEMENT_3D('',#4732,#3980,#3981);
#3316=AXIS2_PLACEMENT_3D('',#4733,#3982,#3983);
#3317=AXIS2_PLACEMENT_3D('',#4735,#3984,#3985);
#3318=AXIS2_PLACEMENT_3D('',#4736,#3986,#3987);
#3319=AXIS2_PLACEMENT_3D('',#4738,#3988,#3989);
#3320=AXIS2_PLACEMENT_3D('',#4739,#3990,#3991);
#3321=AXIS2_PLACEMENT_3D('',#4741,#3992,#3993);
#3322=AXIS2_PLACEMENT_3D('',#4742,#3994,#3995);
#3323=AXIS2_PLACEMENT_3D('',#4744,#3996,#3997);
#3324=AXIS2_PLACEMENT_3D('',#4745,#3998,#3999);
#3325=AXIS2_PLACEMENT_3D('',#4746,#4000,#4001);
#3326=AXIS2_PLACEMENT_3D('',#4747,#4002,#4003);
#3327=AXIS2_PLACEMENT_3D('',#4749,#4004,#4005);
#3328=AXIS2_PLACEMENT_3D('',#4750,#4006,#4007);
#3329=AXIS2_PLACEMENT_3D('',#4752,#4008,#4009);
#3330=AXIS2_PLACEMENT_3D('',#4753,#4010,#4011);
#3331=AXIS2_PLACEMENT_3D('',#4755,#4012,#4013);
#3332=AXIS2_PLACEMENT_3D('',#4756,#4014,#4015);
#3333=AXIS2_PLACEMENT_3D('',#4758,#4016,#4017);
#3334=AXIS2_PLACEMENT_3D('',#4759,#4018,#4019);
#3335=AXIS2_PLACEMENT_3D('',#4761,#4020,#4021);
#3336=AXIS2_PLACEMENT_3D('',#4762,#4022,#4023);
#3337=AXIS2_PLACEMENT_3D('',#4764,#4024,#4025);
#3338=AXIS2_PLACEMENT_3D('',#4765,#4026,#4027);
#3339=AXIS2_PLACEMENT_3D('',#4767,#4028,#4029);
#3340=AXIS2_PLACEMENT_3D('',#4768,#4030,#4031);
#3341=AXIS2_PLACEMENT_3D('',#4770,#4032,#4033);
#3342=AXIS2_PLACEMENT_3D('',#4771,#4034,#4035);
#3343=AXIS2_PLACEMENT_3D('',#4772,#4036,#4037);
#3344=AXIS2_PLACEMENT_3D('',#4773,#4038,#4039);
#3345=AXIS2_PLACEMENT_3D('',#4775,#4040,#4041);
#3346=AXIS2_PLACEMENT_3D('',#4776,#4042,#4043);
#3347=AXIS2_PLACEMENT_3D('',#4778,#4044,#4045);
#3348=AXIS2_PLACEMENT_3D('',#4779,#4046,#4047);
#3349=AXIS2_PLACEMENT_3D('',#4781,#4048,#4049);
#3350=AXIS2_PLACEMENT_3D('',#4782,#4050,#4051);
#3351=AXIS2_PLACEMENT_3D('',#4784,#4052,#4053);
#3352=AXIS2_PLACEMENT_3D('',#4785,#4054,#4055);
#3353=AXIS2_PLACEMENT_3D('',#4787,#4056,#4057);
#3354=AXIS2_PLACEMENT_3D('',#4788,#4058,#4059);
#3355=AXIS2_PLACEMENT_3D('',#4790,#4060,#4061);
#3356=AXIS2_PLACEMENT_3D('',#4791,#4062,#4063);
#3357=AXIS2_PLACEMENT_3D('',#4793,#4064,#4065);
#3358=AXIS2_PLACEMENT_3D('',#4794,#4066,#4067);
#3359=AXIS2_PLACEMENT_3D('',#4796,#4068,#4069);
#3360=AXIS2_PLACEMENT_3D('',#4797,#4070,#4071);
#3361=AXIS2_PLACEMENT_3D('',#4798,#4072,#4073);
#3362=AXIS2_PLACEMENT_3D('',#4799,#4074,#4075);
#3363=AXIS2_PLACEMENT_3D('',#4801,#4076,#4077);
#3364=AXIS2_PLACEMENT_3D('',#4802,#4078,#4079);
#3365=AXIS2_PLACEMENT_3D('',#4804,#4080,#4081);
#3366=AXIS2_PLACEMENT_3D('',#4805,#4082,#4083);
#3367=AXIS2_PLACEMENT_3D('',#4807,#4084,#4085);
#3368=AXIS2_PLACEMENT_3D('',#4808,#4086,#4087);
#3369=AXIS2_PLACEMENT_3D('',#4810,#4088,#4089);
#3370=AXIS2_PLACEMENT_3D('',#4811,#4090,#4091);
#3371=AXIS2_PLACEMENT_3D('',#4813,#4092,#4093);
#3372=AXIS2_PLACEMENT_3D('',#4814,#4094,#4095);
#3373=AXIS2_PLACEMENT_3D('',#4816,#4096,#4097);
#3374=AXIS2_PLACEMENT_3D('',#4817,#4098,#4099);
#3375=AXIS2_PLACEMENT_3D('',#4819,#4100,#4101);
#3376=AXIS2_PLACEMENT_3D('',#4820,#4102,#4103);
#3377=AXIS2_PLACEMENT_3D('',#4822,#4104,#4105);
#3378=AXIS2_PLACEMENT_3D('',#4823,#4106,#4107);
#3379=AXIS2_PLACEMENT_3D('',#4824,#4108,#4109);
#3380=AXIS2_PLACEMENT_3D('',#4825,#4110,#4111);
#3381=AXIS2_PLACEMENT_3D('',#4827,#4112,#4113);
#3382=AXIS2_PLACEMENT_3D('',#4828,#4114,#4115);
#3383=AXIS2_PLACEMENT_3D('',#4830,#4116,#4117);
#3384=AXIS2_PLACEMENT_3D('',#4831,#4118,#4119);
#3385=AXIS2_PLACEMENT_3D('',#4833,#4120,#4121);
#3386=AXIS2_PLACEMENT_3D('',#4834,#4122,#4123);
#3387=AXIS2_PLACEMENT_3D('',#4836,#4124,#4125);
#3388=AXIS2_PLACEMENT_3D('',#4837,#4126,#4127);
#3389=AXIS2_PLACEMENT_3D('',#4839,#4128,#4129);
#3390=AXIS2_PLACEMENT_3D('',#4840,#4130,#4131);
#3391=AXIS2_PLACEMENT_3D('',#4842,#4132,#4133);
#3392=AXIS2_PLACEMENT_3D('',#4843,#4134,#4135);
#3393=AXIS2_PLACEMENT_3D('',#4845,#4136,#4137);
#3394=AXIS2_PLACEMENT_3D('',#4846,#4138,#4139);
#3395=AXIS2_PLACEMENT_3D('',#4848,#4140,#4141);
#3396=DIRECTION('',(0.,0.,1.));
#3397=DIRECTION('',(1.,0.,0.));
#3398=DIRECTION('',(-6.12323399573674E-17,3.33066907387547E-16,1.));
#3399=DIRECTION('',(-8.71865221536716E-16,1.,-3.33066907387547E-16));
#3400=DIRECTION('',(-6.12323399573674E-17,3.94299247344914E-16,1.));
#3401=DIRECTION('',(-8.71865221536716E-16,1.,-3.94299247344914E-16));
#3402=DIRECTION('',(-6.12323399573674E-17,3.94299247344914E-16,1.));
#3403=DIRECTION('',(-8.71865221536716E-16,1.,-3.94299247344914E-16));
#3404=DIRECTION('',(-6.12323399573673E-17,3.94299247344914E-16,1.));
#3405=DIRECTION('',(-8.71865221536716E-16,1.,-3.94299247344914E-16));
#3406=DIRECTION('',(-6.12323399573674E-17,3.94299247344914E-16,1.));
#3407=DIRECTION('',(-8.71865221536716E-16,1.,-3.94299247344914E-16));
#3408=DIRECTION('',(-6.12323399573674E-17,3.94299247344914E-16,1.));
#3409=DIRECTION('',(-8.71865221536716E-16,1.,-3.94299247344914E-16));
#3410=DIRECTION('',(-6.12323399573674E-17,3.94299247344914E-16,1.));
#3411=DIRECTION('',(-8.71865221536716E-16,1.,-3.94299247344914E-16));
#3412=DIRECTION('',(-6.12323399573674E-17,3.94299247344914E-16,1.));
#3413=DIRECTION('',(-8.71865221536716E-16,1.,-3.94299247344914E-16));
#3414=DIRECTION('',(6.12323399573674E-17,-3.94299247344914E-16,-1.));
#3415=DIRECTION('',(-8.71865221536716E-16,1.,-3.94299247344914E-16));
#3416=DIRECTION('',(-6.12323399573674E-17,3.94299247344914E-16,1.));
#3417=DIRECTION('',(-8.71865221536716E-16,1.,-3.94299247344914E-16));
#3418=DIRECTION('',(-6.12323399573674E-17,3.94299247344914E-16,1.));
#3419=DIRECTION('',(-8.71865221536716E-16,1.,-3.94299247344914E-16));
#3420=DIRECTION('',(-6.12323399573674E-17,3.94299247344914E-16,1.));
#3421=DIRECTION('',(-8.71865221536716E-16,1.,-3.94299247344914E-16));
#3422=DIRECTION('',(-6.12323399573674E-17,3.94299247344914E-16,1.));
#3423=DIRECTION('',(-8.71865221536716E-16,1.,-3.94299247344914E-16));
#3424=DIRECTION('',(-6.12323399573674E-17,3.94299247344914E-16,1.));
#3425=DIRECTION('',(-8.71865221536716E-16,1.,-3.94299247344914E-16));
#3426=DIRECTION('',(-6.12323399573674E-17,3.94299247344914E-16,1.));
#3427=DIRECTION('',(-8.71865221536716E-16,1.,-3.94299247344914E-16));
#3428=DIRECTION('',(-6.12323399573674E-17,3.94299247344914E-16,1.));
#3429=DIRECTION('',(-8.71865221536717E-16,1.,-3.94299247344914E-16));
#3430=DIRECTION('',(-6.12323399573675E-17,3.33066907387547E-16,1.));
#3431=DIRECTION('',(-8.71865221536717E-16,1.,-3.33066907387547E-16));
#3432=DIRECTION('',(0.,0.,1.));
#3433=DIRECTION('',(1.,0.,0.));
#3434=DIRECTION('',(3.45126646034197E-31,3.33066907387547E-16,1.));
#3435=DIRECTION('',(7.49400541621981E-16,-1.,3.33066907387547E-16));
#3436=DIRECTION('',(3.45126646034197E-31,3.33066907387547E-16,1.));
#3437=DIRECTION('',(7.49400541621981E-16,-1.,3.33066907387547E-16));
#3438=DIRECTION('',(3.45126646034197E-31,3.33066907387547E-16,1.));
#3439=DIRECTION('',(7.49400541621981E-16,-1.,3.33066907387547E-16));
#3440=DIRECTION('',(3.45126646034197E-31,3.33066907387547E-16,1.));
#3441=DIRECTION('',(7.49400541621981E-16,-1.,3.33066907387547E-16));
#3442=DIRECTION('',(3.45126646034197E-31,3.33066907387547E-16,1.));
#3443=DIRECTION('',(7.49400541621981E-16,-1.,3.33066907387547E-16));
#3444=DIRECTION('',(3.45126646034197E-31,3.33066907387547E-16,1.));
#3445=DIRECTION('',(7.49400541621981E-16,-1.,3.33066907387547E-16));
#3446=DIRECTION('',(3.45126646034197E-31,3.33066907387547E-16,1.));
#3447=DIRECTION('',(7.49400541621981E-16,-1.,3.33066907387547E-16));
#3448=DIRECTION('',(-7.49400541621981E-16,1.,-3.33066907387547E-16));
#3449=DIRECTION('',(-1.,-7.49400541621981E-16,5.94727166826783E-31));
#3450=DIRECTION('',(-1.,-7.49400541621981E-16,5.94727166826783E-31));
#3451=DIRECTION('',(3.45126646034197E-31,3.33066907387547E-16,1.));
#3452=DIRECTION('',(-1.,-7.49400541621981E-16,5.94727166826783E-31));
#3453=DIRECTION('',(3.45126646034197E-31,3.33066907387547E-16,1.));
#3454=DIRECTION('',(1.,7.49400541621981E-16,-5.94727166826783E-31));
#3455=DIRECTION('',(-7.49400541621981E-16,1.,-3.33066907387547E-16));
#3456=DIRECTION('',(-7.49400541621981E-16,1.,-3.33066907387547E-16));
#3457=DIRECTION('',(-7.49400541621981E-16,1.,-3.33066907387547E-16));
#3458=DIRECTION('',(3.45126646034197E-31,3.33066907387547E-16,1.));
#3459=DIRECTION('',(0.5,0.866025403784439,-2.88444402957535E-16));
#3460=DIRECTION('',(-0.866025403784439,0.5,-1.66533453693773E-16));
#3461=DIRECTION('',(-0.866025403784439,0.5,-1.66533453693773E-16));
#3462=DIRECTION('',(-0.866025403784439,0.5,-1.66533453693773E-16));
#3463=DIRECTION('',(3.45126646034197E-31,3.33066907387547E-16,1.));
#3464=DIRECTION('',(1.,7.49400541621981E-16,-5.94727166826783E-31));
#3465=DIRECTION('',(-7.49400541621981E-16,1.,-3.33066907387547E-16));
#3466=DIRECTION('',(-7.49400541621981E-16,1.,-3.33066907387547E-16));
#3467=DIRECTION('',(-7.49400541621981E-16,1.,-3.33066907387547E-16));
#3468=DIRECTION('',(3.45126646034197E-31,3.33066907387547E-16,1.));
#3469=DIRECTION('',(0.5,-0.866025403784439,2.88444402957534E-16));
#3470=DIRECTION('',(0.866025403784439,0.5,-1.66533453693774E-16));
#3471=DIRECTION('',(0.866025403784439,0.5,-1.66533453693774E-16));
#3472=DIRECTION('',(0.866025403784439,0.5,-1.66533453693774E-16));
#3473=DIRECTION('',(3.45126646034197E-31,3.33066907387547E-16,1.));
#3474=DIRECTION('',(1.,7.49400541621981E-16,-5.94727166826783E-31));
#3475=DIRECTION('',(-7.49400541621981E-16,1.,-3.33066907387547E-16));
#3476=DIRECTION('',(-7.49400541621981E-16,1.,-3.33066907387547E-16));
#3477=DIRECTION('',(3.45126646034197E-31,3.33066907387547E-16,1.));
#3478=DIRECTION('',(-7.49400541621981E-16,1.,-3.33066907387547E-16));
#3479=DIRECTION('',(0.5,0.866025403784439,-2.88444402957535E-16));
#3480=DIRECTION('',(-0.866025403784439,0.5,-1.66533453693773E-16));
#3481=DIRECTION('',(-0.866025403784439,0.5,-1.66533453693773E-16));
#3482=DIRECTION('',(-0.866025403784439,0.5,-1.66533453693773E-16));
#3483=DIRECTION('',(3.45126646034197E-31,3.33066907387547E-16,1.));
#3484=DIRECTION('',(1.,7.49400541621981E-16,-5.94727166826783E-31));
#3485=DIRECTION('',(-7.49400541621981E-16,1.,-3.33066907387547E-16));
#3486=DIRECTION('',(-7.49400541621981E-16,1.,-3.33066907387547E-16));
#3487=DIRECTION('',(-7.49400541621981E-16,1.,-3.33066907387547E-16));
#3488=DIRECTION('',(3.45126646034197E-31,3.33066907387547E-16,1.));
#3489=DIRECTION('',(0.5,-0.866025403784439,2.88444402957534E-16));
#3490=DIRECTION('',(0.866025403784439,0.5,-1.66533453693774E-16));
#3491=DIRECTION('',(0.866025403784439,0.5,-1.66533453693774E-16));
#3492=DIRECTION('',(0.866025403784439,0.5,-1.66533453693774E-16));
#3493=DIRECTION('',(3.45126646034197E-31,3.33066907387547E-16,1.));
#3494=DIRECTION('',(1.,7.49400541621981E-16,-5.94727166826783E-31));
#3495=DIRECTION('',(-7.49400541621981E-16,1.,-3.33066907387547E-16));
#3496=DIRECTION('',(-7.49400541621981E-16,1.,-3.33066907387547E-16));
#3497=DIRECTION('',(3.45126646034197E-31,3.33066907387547E-16,1.));
#3498=DIRECTION('',(-7.49400541621981E-16,1.,-3.33066907387547E-16));
#3499=DIRECTION('',(0.5,0.866025403784439,-2.88444402957535E-16));
#3500=DIRECTION('',(-0.866025403784439,0.5,-1.66533453693773E-16));
#3501=DIRECTION('',(-0.866025403784439,0.5,-1.66533453693773E-16));
#3502=DIRECTION('',(-0.866025403784439,0.5,-1.66533453693773E-16));
#3503=DIRECTION('',(3.45126646034197E-31,3.33066907387547E-16,1.));
#3504=DIRECTION('',(1.,7.49400541621981E-16,-5.94727166826783E-31));
#3505=DIRECTION('',(-7.49400541621981E-16,1.,-3.33066907387547E-16));
#3506=DIRECTION('',(-7.49400541621981E-16,1.,-3.33066907387547E-16));
#3507=DIRECTION('',(-7.49400541621981E-16,1.,-3.33066907387547E-16));
#3508=DIRECTION('',(3.45126646034197E-31,3.33066907387547E-16,1.));
#3509=DIRECTION('',(0.5,-0.866025403784439,2.88444402957534E-16));
#3510=DIRECTION('',(0.866025403784439,0.5,-1.66533453693774E-16));
#3511=DIRECTION('',(0.866025403784439,0.5,-1.66533453693774E-16));
#3512=DIRECTION('',(0.866025403784439,0.5,-1.66533453693774E-16));
#3513=DIRECTION('',(3.45126646034197E-31,3.33066907387547E-16,1.));
#3514=DIRECTION('',(1.,7.49400541621981E-16,-5.94727166826783E-31));
#3515=DIRECTION('',(-7.49400541621981E-16,1.,-3.33066907387547E-16));
#3516=DIRECTION('',(-7.49400541621981E-16,1.,-3.33066907387547E-16));
#3517=DIRECTION('',(3.45126646034197E-31,3.33066907387547E-16,1.));
#3518=DIRECTION('',(-7.49400541621981E-16,1.,-3.33066907387547E-16));
#3519=DIRECTION('',(0.5,0.866025403784439,-2.88444402957535E-16));
#3520=DIRECTION('',(-0.866025403784439,0.5,-1.66533453693773E-16));
#3521=DIRECTION('',(-0.866025403784439,0.5,-1.66533453693773E-16));
#3522=DIRECTION('',(-0.866025403784439,0.5,-1.66533453693773E-16));
#3523=DIRECTION('',(3.45126646034197E-31,3.33066907387547E-16,1.));
#3524=DIRECTION('',(1.,7.49400541621981E-16,-5.94727166826783E-31));
#3525=DIRECTION('',(-7.49400541621981E-16,1.,-3.33066907387547E-16));
#3526=DIRECTION('',(-7.49400541621981E-16,1.,-3.33066907387547E-16));
#3527=DIRECTION('',(-7.49400541621981E-16,1.,-3.33066907387547E-16));
#3528=DIRECTION('',(3.45126646034197E-31,3.33066907387547E-16,1.));
#3529=DIRECTION('',(0.5,-0.866025403784439,2.88444402957534E-16));
#3530=DIRECTION('',(0.866025403784439,0.5,-1.66533453693774E-16));
#3531=DIRECTION('',(0.866025403784438,0.5,-1.66533453693774E-16));
#3532=DIRECTION('',(0.866025403784438,0.5,-1.66533453693774E-16));
#3533=DIRECTION('',(3.45126646034197E-31,3.33066907387547E-16,1.));
#3534=DIRECTION('',(1.,7.49400541621981E-16,-5.94727166826783E-31));
#3535=DIRECTION('',(-7.49400541621981E-16,1.,-3.33066907387547E-16));
#3536=DIRECTION('',(-7.49400541621981E-16,1.,-3.33066907387547E-16));
#3537=DIRECTION('',(3.45126646034197E-31,3.33066907387547E-16,1.));
#3538=DIRECTION('',(-7.49400541621981E-16,1.,-3.33066907387547E-16));
#3539=DIRECTION('',(0.5,0.866025403784439,-2.88444402957535E-16));
#3540=DIRECTION('',(-0.866025403784439,0.5,-1.66533453693773E-16));
#3541=DIRECTION('',(-0.866025403784439,0.5,-1.66533453693773E-16));
#3542=DIRECTION('',(-0.866025403784439,0.5,-1.66533453693773E-16));
#3543=DIRECTION('',(3.45126646034197E-31,3.33066907387547E-16,1.));
#3544=DIRECTION('',(1.,7.49400541621981E-16,-5.94727166826783E-31));
#3545=DIRECTION('',(-7.49400541621981E-16,1.,-3.33066907387547E-16));
#3546=DIRECTION('',(-7.49400541621981E-16,1.,-3.33066907387547E-16));
#3547=DIRECTION('',(-7.49400541621981E-16,1.,-3.33066907387547E-16));
#3548=DIRECTION('',(3.45126646034197E-31,3.33066907387547E-16,1.));
#3549=DIRECTION('',(0.5,-0.866025403784439,2.88444402957534E-16));
#3550=DIRECTION('',(0.866025403784439,0.5,-1.66533453693774E-16));
#3551=DIRECTION('',(0.866025403784438,0.5,-1.66533453693774E-16));
#3552=DIRECTION('',(0.866025403784438,0.5,-1.66533453693774E-16));
#3553=DIRECTION('',(3.45126646034197E-31,3.33066907387547E-16,1.));
#3554=DIRECTION('',(1.,7.49400541621981E-16,-5.94727166826783E-31));
#3555=DIRECTION('',(-7.49400541621981E-16,1.,-3.33066907387547E-16));
#3556=DIRECTION('',(-7.49400541621981E-16,1.,-3.33066907387547E-16));
#3557=DIRECTION('',(3.45126646034197E-31,3.33066907387547E-16,1.));
#3558=DIRECTION('',(-7.49400541621981E-16,1.,-3.33066907387547E-16));
#3559=DIRECTION('',(0.5,0.866025403784439,-2.88444402957535E-16));
#3560=DIRECTION('',(-0.866025403784439,0.5,-1.66533453693773E-16));
#3561=DIRECTION('',(-0.866025403784439,0.5,-1.66533453693773E-16));
#3562=DIRECTION('',(-0.866025403784439,0.5,-1.66533453693773E-16));
#3563=DIRECTION('',(3.45126646034197E-31,3.33066907387547E-16,1.));
#3564=DIRECTION('',(1.,7.49400541621981E-16,-5.94727166826783E-31));
#3565=DIRECTION('',(-7.49400541621981E-16,1.,-3.33066907387547E-16));
#3566=DIRECTION('',(-7.49400541621981E-16,1.,-3.33066907387547E-16));
#3567=DIRECTION('',(-7.49400541621981E-16,1.,-3.33066907387547E-16));
#3568=DIRECTION('',(3.45126646034197E-31,3.33066907387547E-16,1.));
#3569=DIRECTION('',(0.5,-0.866025403784439,2.88444402957534E-16));
#3570=DIRECTION('',(0.866025403784439,0.5,-1.66533453693774E-16));
#3571=DIRECTION('',(0.866025403784438,0.5,-1.66533453693774E-16));
#3572=DIRECTION('',(0.866025403784438,0.5,-1.66533453693774E-16));
#3573=DIRECTION('',(3.45126646034197E-31,3.33066907387547E-16,1.));
#3574=DIRECTION('',(1.,7.49400541621981E-16,-5.94727166826783E-31));
#3575=DIRECTION('',(-7.49400541621981E-16,1.,-3.33066907387547E-16));
#3576=DIRECTION('',(-7.49400541621981E-16,1.,-3.33066907387547E-16));
#3577=DIRECTION('',(3.45126646034197E-31,3.33066907387547E-16,1.));
#3578=DIRECTION('',(-7.49400541621981E-16,1.,-3.33066907387547E-16));
#3579=DIRECTION('',(0.5,0.866025403784439,-2.88444402957535E-16));
#3580=DIRECTION('',(-0.866025403784439,0.5,-1.66533453693773E-16));
#3581=DIRECTION('',(-0.866025403784439,0.5,-1.66533453693773E-16));
#3582=DIRECTION('',(-0.866025403784439,0.5,-1.66533453693773E-16));
#3583=DIRECTION('',(3.45126646034197E-31,3.33066907387547E-16,1.));
#3584=DIRECTION('',(1.,7.49400541621981E-16,-5.94727166826783E-31));
#3585=DIRECTION('',(-7.49400541621981E-16,1.,-3.33066907387547E-16));
#3586=DIRECTION('',(-7.49400541621981E-16,1.,-3.33066907387547E-16));
#3587=DIRECTION('',(-7.49400541621981E-16,1.,-3.33066907387547E-16));
#3588=DIRECTION('',(3.45126646034197E-31,3.33066907387547E-16,1.));
#3589=DIRECTION('',(0.5,-0.866025403784439,2.88444402957534E-16));
#3590=DIRECTION('',(0.866025403784439,0.5,-1.66533453693774E-16));
#3591=DIRECTION('',(0.866025403784439,0.5,-1.66533453693774E-16));
#3592=DIRECTION('',(0.866025403784439,0.5,-1.66533453693774E-16));
#3593=DIRECTION('',(3.45126646034197E-31,3.33066907387547E-16,1.));
#3594=DIRECTION('',(1.,7.49400541621981E-16,-5.94727166826783E-31));
#3595=DIRECTION('',(-7.49400541621981E-16,1.,-3.33066907387547E-16));
#3596=DIRECTION('',(-7.49400541621981E-16,1.,-3.33066907387547E-16));
#3597=DIRECTION('',(-7.49400541621981E-16,1.,-3.33066907387547E-16));
#3598=DIRECTION('',(3.45126646034197E-31,3.33066907387547E-16,1.));
#3599=DIRECTION('',(0.5,0.866025403784439,-2.88444402957535E-16));
#3600=DIRECTION('',(-0.866025403784439,0.5,-1.66533453693773E-16));
#3601=DIRECTION('',(-0.866025403784439,0.5,-1.66533453693773E-16));
#3602=DIRECTION('',(-0.866025403784439,0.5,-1.66533453693773E-16));
#3603=DIRECTION('',(3.45126646034197E-31,3.33066907387547E-16,1.));
#3604=DIRECTION('',(1.,7.49400541621981E-16,-5.94727166826783E-31));
#3605=DIRECTION('',(-7.49400541621981E-16,1.,-3.33066907387547E-16));
#3606=DIRECTION('',(-7.49400541621981E-16,1.,-3.33066907387547E-16));
#3607=DIRECTION('',(-7.49400541621981E-16,1.,-3.33066907387547E-16));
#3608=DIRECTION('',(3.45126646034197E-31,3.33066907387547E-16,1.));
#3609=DIRECTION('',(0.5,-0.866025403784439,2.88444402957534E-16));
#3610=DIRECTION('',(0.866025403784439,0.5,-1.66533453693774E-16));
#3611=DIRECTION('',(0.866025403784439,0.5,-1.66533453693774E-16));
#3612=DIRECTION('',(0.866025403784439,0.5,-1.66533453693774E-16));
#3613=DIRECTION('',(3.45126646034197E-31,3.33066907387547E-16,1.));
#3614=DIRECTION('',(1.,7.49400541621981E-16,-5.94727166826783E-31));
#3615=DIRECTION('',(-7.49400541621981E-16,1.,-3.33066907387547E-16));
#3616=DIRECTION('',(-7.49400541621981E-16,1.,-3.33066907387547E-16));
#3617=DIRECTION('',(-7.49400541621981E-16,1.,-3.33066907387547E-16));
#3618=DIRECTION('',(3.45126646034197E-31,3.33066907387547E-16,1.));
#3619=DIRECTION('',(7.49400541621981E-16,-1.,3.33066907387547E-16));
#3620=DIRECTION('',(1.,7.49400541621981E-16,-5.94727166826783E-31));
#3621=DIRECTION('',(1.,7.49400541621981E-16,-5.94727166826783E-31));
#3622=DIRECTION('',(1.,7.49400541621981E-16,-5.94727166826783E-31));
#3623=DIRECTION('',(3.45126646034197E-31,3.33066907387547E-16,1.));
#3624=DIRECTION('',(-1.,-7.49400541621981E-16,5.94727166826783E-31));
#3625=DIRECTION('',(7.49400541621981E-16,-1.,3.33066907387547E-16));
#3626=DIRECTION('',(7.49400541621981E-16,-1.,3.33066907387547E-16));
#3627=DIRECTION('',(7.49400541621981E-16,-1.,3.33066907387547E-16));
#3628=DIRECTION('',(3.45126646034197E-31,3.33066907387547E-16,1.));
#3629=DIRECTION('',(-0.5,-0.866025403784439,2.88444402957535E-16));
#3630=DIRECTION('',(0.866025403784439,-0.5,1.66533453693773E-16));
#3631=DIRECTION('',(0.866025403784439,-0.5,1.66533453693773E-16));
#3632=DIRECTION('',(0.866025403784439,-0.5,1.66533453693773E-16));
#3633=DIRECTION('',(3.45126646034197E-31,3.33066907387547E-16,1.));
#3634=DIRECTION('',(-1.,-7.49400541621981E-16,5.94727166826783E-31));
#3635=DIRECTION('',(7.49400541621981E-16,-1.,3.33066907387547E-16));
#3636=DIRECTION('',(7.49400541621981E-16,-1.,3.33066907387547E-16));
#3637=DIRECTION('',(7.49400541621981E-16,-1.,3.33066907387547E-16));
#3638=DIRECTION('',(3.45126646034197E-31,3.33066907387547E-16,1.));
#3639=DIRECTION('',(-0.5,0.866025403784439,-2.88444402957534E-16));
#3640=DIRECTION('',(-0.866025403784439,-0.5,1.66533453693774E-16));
#3641=DIRECTION('',(-0.866025403784439,-0.5,1.66533453693774E-16));
#3642=DIRECTION('',(-0.866025403784439,-0.5,1.66533453693774E-16));
#3643=DIRECTION('',(3.45126646034197E-31,3.33066907387547E-16,1.));
#3644=DIRECTION('',(-1.,-7.49400541621981E-16,5.94727166826783E-31));
#3645=DIRECTION('',(7.49400541621981E-16,-1.,3.33066907387547E-16));
#3646=DIRECTION('',(7.49400541621981E-16,-1.,3.33066907387547E-16));
#3647=DIRECTION('',(3.45126646034197E-31,3.33066907387547E-16,1.));
#3648=DIRECTION('',(7.49400541621981E-16,-1.,3.33066907387547E-16));
#3649=DIRECTION('',(-0.5,-0.866025403784439,2.88444402957535E-16));
#3650=DIRECTION('',(0.866025403784439,-0.5,1.66533453693773E-16));
#3651=DIRECTION('',(0.866025403784439,-0.5,1.66533453693773E-16));
#3652=DIRECTION('',(0.866025403784439,-0.5,1.66533453693773E-16));
#3653=DIRECTION('',(3.45126646034197E-31,3.33066907387547E-16,1.));
#3654=DIRECTION('',(-1.,-7.49400541621981E-16,5.94727166826783E-31));
#3655=DIRECTION('',(7.49400541621981E-16,-1.,3.33066907387547E-16));
#3656=DIRECTION('',(7.49400541621981E-16,-1.,3.33066907387547E-16));
#3657=DIRECTION('',(7.49400541621981E-16,-1.,3.33066907387547E-16));
#3658=DIRECTION('',(3.45126646034197E-31,3.33066907387547E-16,1.));
#3659=DIRECTION('',(-0.5,0.866025403784439,-2.88444402957534E-16));
#3660=DIRECTION('',(-0.866025403784439,-0.5,1.66533453693774E-16));
#3661=DIRECTION('',(-0.866025403784438,-0.5,1.66533453693774E-16));
#3662=DIRECTION('',(-0.866025403784438,-0.5,1.66533453693774E-16));
#3663=DIRECTION('',(3.45126646034197E-31,3.33066907387547E-16,1.));
#3664=DIRECTION('',(-1.,-7.49400541621981E-16,5.94727166826783E-31));
#3665=DIRECTION('',(7.49400541621981E-16,-1.,3.33066907387547E-16));
#3666=DIRECTION('',(7.49400541621981E-16,-1.,3.33066907387547E-16));
#3667=DIRECTION('',(7.49400541621981E-16,-1.,3.33066907387547E-16));
#3668=DIRECTION('',(3.45126646034197E-31,3.33066907387547E-16,1.));
#3669=DIRECTION('',(-0.5,-0.866025403784439,2.88444402957535E-16));
#3670=DIRECTION('',(0.866025403784439,-0.5,1.66533453693773E-16));
#3671=DIRECTION('',(0.866025403784439,-0.5,1.66533453693773E-16));
#3672=DIRECTION('',(0.866025403784439,-0.5,1.66533453693773E-16));
#3673=DIRECTION('',(3.45126646034197E-31,3.33066907387547E-16,1.));
#3674=DIRECTION('',(-1.,-7.49400541621981E-16,5.94727166826783E-31));
#3675=DIRECTION('',(7.49400541621981E-16,-1.,3.33066907387547E-16));
#3676=DIRECTION('',(7.49400541621981E-16,-1.,3.33066907387547E-16));
#3677=DIRECTION('',(7.49400541621981E-16,-1.,3.33066907387547E-16));
#3678=DIRECTION('',(3.45126646034197E-31,3.33066907387547E-16,1.));
#3679=DIRECTION('',(-0.5,0.866025403784439,-2.88444402957534E-16));
#3680=DIRECTION('',(-0.866025403784439,-0.5,1.66533453693774E-16));
#3681=DIRECTION('',(-0.866025403784438,-0.5,1.66533453693774E-16));
#3682=DIRECTION('',(-0.866025403784438,-0.5,1.66533453693774E-16));
#3683=DIRECTION('',(3.45126646034197E-31,3.33066907387547E-16,1.));
#3684=DIRECTION('',(-1.,-7.49400541621981E-16,5.94727166826783E-31));
#3685=DIRECTION('',(7.49400541621981E-16,-1.,3.33066907387547E-16));
#3686=DIRECTION('',(7.49400541621981E-16,-1.,3.33066907387547E-16));
#3687=DIRECTION('',(7.49400541621981E-16,-1.,3.33066907387547E-16));
#3688=DIRECTION('',(3.45126646034197E-31,3.33066907387547E-16,1.));
#3689=DIRECTION('',(-0.5,-0.866025403784439,2.88444402957535E-16));
#3690=DIRECTION('',(0.866025403784439,-0.5,1.66533453693773E-16));
#3691=DIRECTION('',(0.866025403784439,-0.5,1.66533453693773E-16));
#3692=DIRECTION('',(0.866025403784439,-0.5,1.66533453693773E-16));
#3693=DIRECTION('',(3.45126646034197E-31,3.33066907387547E-16,1.));
#3694=DIRECTION('',(-1.,-7.49400541621981E-16,5.94727166826783E-31));
#3695=DIRECTION('',(7.49400541621981E-16,-1.,3.33066907387547E-16));
#3696=DIRECTION('',(7.49400541621981E-16,-1.,3.33066907387547E-16));
#3697=DIRECTION('',(7.49400541621981E-16,-1.,3.33066907387547E-16));
#3698=DIRECTION('',(3.45126646034197E-31,3.33066907387547E-16,1.));
#3699=DIRECTION('',(-0.5,0.866025403784439,-2.88444402957534E-16));
#3700=DIRECTION('',(-0.866025403784439,-0.5,1.66533453693774E-16));
#3701=DIRECTION('',(-0.866025403784438,-0.5,1.66533453693774E-16));
#3702=DIRECTION('',(-0.866025403784438,-0.5,1.66533453693774E-16));
#3703=DIRECTION('',(3.45126646034197E-31,3.33066907387547E-16,1.));
#3704=DIRECTION('',(-1.,-7.49400541621981E-16,5.94727166826783E-31));
#3705=DIRECTION('',(7.49400541621981E-16,-1.,3.33066907387547E-16));
#3706=DIRECTION('',(7.49400541621981E-16,-1.,3.33066907387547E-16));
#3707=DIRECTION('',(7.49400541621981E-16,-1.,3.33066907387547E-16));
#3708=DIRECTION('',(3.45126646034197E-31,3.33066907387547E-16,1.));
#3709=DIRECTION('',(-0.5,-0.866025403784439,2.88444402957535E-16));
#3710=DIRECTION('',(0.866025403784439,-0.5,1.66533453693773E-16));
#3711=DIRECTION('',(0.866025403784439,-0.5,1.66533453693773E-16));
#3712=DIRECTION('',(0.866025403784439,-0.5,1.66533453693773E-16));
#3713=DIRECTION('',(3.45126646034197E-31,3.33066907387547E-16,1.));
#3714=DIRECTION('',(-1.,-7.49400541621981E-16,5.94727166826783E-31));
#3715=DIRECTION('',(7.49400541621981E-16,-1.,3.33066907387547E-16));
#3716=DIRECTION('',(7.49400541621981E-16,-1.,3.33066907387547E-16));
#3717=DIRECTION('',(7.49400541621981E-16,-1.,3.33066907387547E-16));
#3718=DIRECTION('',(3.45126646034197E-31,3.33066907387547E-16,1.));
#3719=DIRECTION('',(-0.5,0.866025403784439,-2.88444402957534E-16));
#3720=DIRECTION('',(-0.866025403784439,-0.5,1.66533453693774E-16));
#3721=DIRECTION('',(-0.866025403784439,-0.5,1.66533453693774E-16));
#3722=DIRECTION('',(-0.866025403784439,-0.5,1.66533453693774E-16));
#3723=DIRECTION('',(3.45126646034197E-31,3.33066907387547E-16,1.));
#3724=DIRECTION('',(-1.,-7.49400541621981E-16,5.94727166826783E-31));
#3725=DIRECTION('',(7.49400541621981E-16,-1.,3.33066907387547E-16));
#3726=DIRECTION('',(7.49400541621981E-16,-1.,3.33066907387547E-16));
#3727=DIRECTION('',(7.49400541621981E-16,-1.,3.33066907387547E-16));
#3728=DIRECTION('',(3.45126646034197E-31,3.33066907387547E-16,1.));
#3729=DIRECTION('',(-0.5,-0.866025403784439,2.88444402957535E-16));
#3730=DIRECTION('',(0.866025403784439,-0.5,1.66533453693773E-16));
#3731=DIRECTION('',(0.866025403784439,-0.5,1.66533453693773E-16));
#3732=DIRECTION('',(0.866025403784439,-0.5,1.66533453693773E-16));
#3733=DIRECTION('',(3.45126646034197E-31,3.33066907387547E-16,1.));
#3734=DIRECTION('',(-1.,-7.49400541621981E-16,5.94727166826783E-31));
#3735=DIRECTION('',(7.49400541621981E-16,-1.,3.33066907387547E-16));
#3736=DIRECTION('',(7.49400541621981E-16,-1.,3.33066907387547E-16));
#3737=DIRECTION('',(7.49400541621981E-16,-1.,3.33066907387547E-16));
#3738=DIRECTION('',(3.45126646034197E-31,3.33066907387547E-16,1.));
#3739=DIRECTION('',(-0.5,0.866025403784439,-2.88444402957534E-16));
#3740=DIRECTION('',(-0.866025403784439,-0.5,1.66533453693774E-16));
#3741=DIRECTION('',(-0.866025403784439,-0.5,1.66533453693774E-16));
#3742=DIRECTION('',(-0.866025403784439,-0.5,1.66533453693774E-16));
#3743=DIRECTION('',(3.45126646034197E-31,3.33066907387547E-16,1.));
#3744=DIRECTION('',(-1.,-7.49400541621981E-16,5.94727166826783E-31));
#3745=DIRECTION('',(7.49400541621981E-16,-1.,3.33066907387547E-16));
#3746=DIRECTION('',(7.49400541621981E-16,-1.,3.33066907387547E-16));
#3747=DIRECTION('',(7.49400541621981E-16,-1.,3.33066907387547E-16));
#3748=DIRECTION('',(3.45126646034197E-31,3.33066907387547E-16,1.));
#3749=DIRECTION('',(-0.5,-0.866025403784439,2.88444402957535E-16));
#3750=DIRECTION('',(0.866025403784439,-0.5,1.66533453693773E-16));
#3751=DIRECTION('',(0.866025403784439,-0.5,1.66533453693773E-16));
#3752=DIRECTION('',(0.866025403784439,-0.5,1.66533453693773E-16));
#3753=DIRECTION('',(3.45126646034197E-31,3.33066907387547E-16,1.));
#3754=DIRECTION('',(-1.,-7.49400541621981E-16,5.94727166826783E-31));
#3755=DIRECTION('',(7.49400541621981E-16,-1.,3.33066907387547E-16));
#3756=DIRECTION('',(7.49400541621981E-16,-1.,3.33066907387547E-16));
#3757=DIRECTION('',(7.49400541621981E-16,-1.,3.33066907387547E-16));
#3758=DIRECTION('',(3.45126646034197E-31,3.33066907387547E-16,1.));
#3759=DIRECTION('',(-0.5,0.866025403784439,-2.88444402957534E-16));
#3760=DIRECTION('',(-0.866025403784439,-0.5,1.66533453693774E-16));
#3761=DIRECTION('',(-0.866025403784439,-0.5,1.66533453693774E-16));
#3762=DIRECTION('',(-0.866025403784439,-0.5,1.66533453693774E-16));
#3763=DIRECTION('',(3.45126646034197E-31,3.33066907387547E-16,1.));
#3764=DIRECTION('',(-1.,-7.49400541621981E-16,5.94727166826783E-31));
#3765=DIRECTION('',(7.49400541621981E-16,-1.,3.33066907387547E-16));
#3766=DIRECTION('',(7.49400541621981E-16,-1.,3.33066907387547E-16));
#3767=DIRECTION('',(7.49400541621981E-16,-1.,3.33066907387547E-16));
#3768=DIRECTION('',(3.45126646034197E-31,3.33066907387547E-16,1.));
#3769=DIRECTION('',(-0.5,-0.866025403784439,2.88444402957535E-16));
#3770=DIRECTION('',(0.866025403784439,-0.5,1.66533453693773E-16));
#3771=DIRECTION('',(0.866025403784439,-0.5,1.66533453693773E-16));
#3772=DIRECTION('',(0.866025403784439,-0.5,1.66533453693773E-16));
#3773=DIRECTION('',(3.45126646034197E-31,3.33066907387547E-16,1.));
#3774=DIRECTION('',(-1.,-7.49400541621981E-16,5.94727166826783E-31));
#3775=DIRECTION('',(7.49400541621981E-16,-1.,3.33066907387547E-16));
#3776=DIRECTION('',(7.49400541621981E-16,-1.,3.33066907387547E-16));
#3777=DIRECTION('',(7.49400541621981E-16,-1.,3.33066907387547E-16));
#3778=DIRECTION('',(3.45126646034197E-31,3.33066907387547E-16,1.));
#3779=DIRECTION('',(-0.5,0.866025403784439,-2.88444402957534E-16));
#3780=DIRECTION('',(-0.866025403784439,-0.5,1.66533453693774E-16));
#3781=DIRECTION('',(-0.866025403784439,-0.5,1.66533453693774E-16));
#3782=DIRECTION('',(-0.866025403784439,-0.5,1.66533453693774E-16));
#3783=DIRECTION('',(3.45126646034197E-31,3.33066907387547E-16,1.));
#3784=DIRECTION('',(-1.,-7.49400541621981E-16,5.94727166826783E-31));
#3785=DIRECTION('',(7.49400541621981E-16,-1.,3.33066907387547E-16));
#3786=DIRECTION('',(7.49400541621981E-16,-1.,3.33066907387547E-16));
#3787=DIRECTION('',(7.49400541621981E-16,-1.,3.33066907387547E-16));
#3788=DIRECTION('',(3.45126646034197E-31,3.33066907387547E-16,1.));
#3789=DIRECTION('',(7.49400541621981E-16,-1.,3.33066907387547E-16));
#3790=DIRECTION('',(3.45126646034197E-31,3.33066907387547E-16,1.));
#3791=DIRECTION('',(7.49400541621981E-16,-1.,3.33066907387547E-16));
#3792=DIRECTION('',(3.45126646034197E-31,3.33066907387547E-16,1.));
#3793=DIRECTION('',(7.49400541621981E-16,-1.,3.33066907387547E-16));
#3794=DIRECTION('',(3.45126646034197E-31,3.33066907387547E-16,1.));
#3795=DIRECTION('',(7.49400541621981E-16,-1.,3.33066907387547E-16));
#3796=DIRECTION('',(3.45126646034197E-31,3.33066907387547E-16,1.));
#3797=DIRECTION('',(7.49400541621981E-16,-1.,3.33066907387547E-16));
#3798=DIRECTION('',(3.45126646034197E-31,3.33066907387547E-16,1.));
#3799=DIRECTION('',(7.49400541621981E-16,-1.,3.33066907387547E-16));
#3800=DIRECTION('',(3.45126646034197E-31,3.33066907387547E-16,1.));
#3801=DIRECTION('',(7.49400541621981E-16,-1.,3.33066907387547E-16));
#3802=DIRECTION('',(3.45126646034197E-31,3.33066907387547E-16,1.));
#3803=DIRECTION('',(7.49400541621981E-16,-1.,3.33066907387547E-16));
#3804=DIRECTION('',(3.45126646034197E-31,3.33066907387547E-16,1.));
#3805=DIRECTION('',(7.49400541621981E-16,-1.,3.33066907387547E-16));
#3806=DIRECTION('',(3.45126646034197E-31,3.33066907387547E-16,1.));
#3807=DIRECTION('',(7.49400541621981E-16,-1.,3.33066907387547E-16));
#3808=DIRECTION('',(3.45126646034197E-31,3.33066907387547E-16,1.));
#3809=DIRECTION('',(7.49400541621981E-16,-1.,3.33066907387547E-16));
#3810=DIRECTION('',(3.45126646034197E-31,3.33066907387547E-16,1.));
#3811=DIRECTION('',(7.49400541621981E-16,-1.,3.33066907387547E-16));
#3812=DIRECTION('',(3.45126646034197E-31,3.33066907387547E-16,1.));
#3813=DIRECTION('',(7.49400541621981E-16,-1.,3.33066907387547E-16));
#3814=DIRECTION('',(3.45126646034197E-31,3.33066907387547E-16,1.));
#3815=DIRECTION('',(7.49400541621981E-16,-1.,3.33066907387547E-16));
#3816=DIRECTION('',(3.45126646034197E-31,3.33066907387547E-16,1.));
#3817=DIRECTION('',(7.49400541621981E-16,-1.,3.33066907387547E-16));
#3818=DIRECTION('',(3.45126646034197E-31,3.33066907387547E-16,1.));
#3819=DIRECTION('',(7.49400541621981E-16,-1.,3.33066907387547E-16));
#3820=DIRECTION('',(3.45126646034197E-31,3.33066907387547E-16,1.));
#3821=DIRECTION('',(7.49400541621981E-16,-1.,3.33066907387547E-16));
#3822=DIRECTION('',(3.45126646034197E-31,3.33066907387547E-16,1.));
#3823=DIRECTION('',(7.49400541621981E-16,-1.,3.33066907387547E-16));
#3824=DIRECTION('',(3.45126646034197E-31,3.33066907387547E-16,1.));
#3825=DIRECTION('',(7.49400541621981E-16,-1.,3.33066907387547E-16));
#3826=DIRECTION('',(3.45126646034197E-31,3.33066907387547E-16,1.));
#3827=DIRECTION('',(7.49400541621981E-16,-1.,3.33066907387547E-16));
#3828=DIRECTION('',(3.45126646034197E-31,3.33066907387547E-16,1.));
#3829=DIRECTION('',(7.49400541621981E-16,-1.,3.33066907387547E-16));
#3830=DIRECTION('',(3.45126646034197E-31,3.33066907387547E-16,1.));
#3831=DIRECTION('',(7.49400541621981E-16,-1.,3.33066907387547E-16));
#3832=DIRECTION('',(3.45126646034197E-31,3.33066907387547E-16,1.));
#3833=DIRECTION('',(7.49400541621981E-16,-1.,3.33066907387547E-16));
#3834=DIRECTION('',(3.45126646034197E-31,3.33066907387547E-16,1.));
#3835=DIRECTION('',(7.49400541621981E-16,-1.,3.33066907387547E-16));
#3836=DIRECTION('',(3.45126646034197E-31,3.33066907387547E-16,1.));
#3837=DIRECTION('',(7.49400541621981E-16,-1.,3.33066907387547E-16));
#3838=DIRECTION('',(3.45126646034197E-31,3.33066907387547E-16,1.));
#3839=DIRECTION('',(7.49400541621981E-16,-1.,3.33066907387547E-16));
#3840=DIRECTION('',(3.45126646034197E-31,3.33066907387547E-16,1.));
#3841=DIRECTION('',(7.49400541621981E-16,-1.,3.33066907387547E-16));
#3842=DIRECTION('',(3.45126646034197E-31,3.33066907387547E-16,1.));
#3843=DIRECTION('',(7.49400541621981E-16,-1.,3.33066907387547E-16));
#3844=DIRECTION('',(3.45126646034197E-31,3.33066907387547E-16,1.));
#3845=DIRECTION('',(7.49400541621981E-16,-1.,3.33066907387547E-16));
#3846=DIRECTION('',(3.45126646034197E-31,3.33066907387547E-16,1.));
#3847=DIRECTION('',(7.49400541621981E-16,-1.,3.33066907387547E-16));
#3848=DIRECTION('',(3.45126646034197E-31,3.33066907387547E-16,1.));
#3849=DIRECTION('',(7.49400541621981E-16,-1.,3.33066907387547E-16));
#3850=DIRECTION('',(3.45126646034197E-31,3.33066907387547E-16,1.));
#3851=DIRECTION('',(7.49400541621981E-16,-1.,3.33066907387547E-16));
#3852=DIRECTION('',(3.45126646034197E-31,3.33066907387547E-16,1.));
#3853=DIRECTION('',(7.49400541621981E-16,-1.,3.33066907387547E-16));
#3854=DIRECTION('',(3.45126646034197E-31,3.33066907387547E-16,1.));
#3855=DIRECTION('',(7.49400541621981E-16,-1.,3.33066907387547E-16));
#3856=DIRECTION('',(3.45126646034197E-31,3.33066907387547E-16,1.));
#3857=DIRECTION('',(7.49400541621981E-16,-1.,3.33066907387547E-16));
#3858=DIRECTION('',(3.45126646034197E-31,3.33066907387547E-16,1.));
#3859=DIRECTION('',(7.49400541621981E-16,-1.,3.33066907387547E-16));
#3860=DIRECTION('',(3.45126646034197E-31,3.33066907387547E-16,1.));
#3861=DIRECTION('',(7.49400541621981E-16,-1.,3.33066907387547E-16));
#3862=DIRECTION('',(3.45126646034197E-31,3.33066907387547E-16,1.));
#3863=DIRECTION('',(7.49400541621981E-16,-1.,3.33066907387547E-16));
#3864=DIRECTION('',(3.45126646034197E-31,3.33066907387547E-16,1.));
#3865=DIRECTION('',(7.49400541621981E-16,-1.,3.33066907387547E-16));
#3866=DIRECTION('',(3.45126646034197E-31,3.33066907387547E-16,1.));
#3867=DIRECTION('',(7.49400541621981E-16,-1.,3.33066907387547E-16));
#3868=DIRECTION('',(3.45126646034197E-31,3.33066907387547E-16,1.));
#3869=DIRECTION('',(7.49400541621981E-16,-1.,3.33066907387547E-16));
#3870=DIRECTION('',(3.45126646034197E-31,3.33066907387547E-16,1.));
#3871=DIRECTION('',(7.49400541621981E-16,-1.,3.33066907387547E-16));
#3872=DIRECTION('',(3.45126646034197E-31,3.33066907387547E-16,1.));
#3873=DIRECTION('',(7.49400541621981E-16,-1.,3.33066907387547E-16));
#3874=DIRECTION('',(3.45126646034197E-31,3.33066907387547E-16,1.));
#3875=DIRECTION('',(7.49400541621981E-16,-1.,3.33066907387547E-16));
#3876=DIRECTION('',(3.45126646034197E-31,3.33066907387547E-16,1.));
#3877=DIRECTION('',(7.49400541621981E-16,-1.,3.33066907387547E-16));
#3878=DIRECTION('',(3.45126646034197E-31,3.33066907387547E-16,1.));
#3879=DIRECTION('',(7.49400541621981E-16,-1.,3.33066907387547E-16));
#3880=DIRECTION('',(3.45126646034197E-31,3.33066907387547E-16,1.));
#3881=DIRECTION('',(7.49400541621981E-16,-1.,3.33066907387547E-16));
#3882=DIRECTION('',(3.45126646034197E-31,3.33066907387547E-16,1.));
#3883=DIRECTION('',(7.49400541621981E-16,-1.,3.33066907387547E-16));
#3884=DIRECTION('',(3.45126646034197E-31,3.33066907387547E-16,1.));
#3885=DIRECTION('',(7.49400541621981E-16,-1.,3.33066907387547E-16));
#3886=DIRECTION('',(3.45126646034197E-31,3.33066907387547E-16,1.));
#3887=DIRECTION('',(7.49400541621981E-16,-1.,3.33066907387547E-16));
#3888=DIRECTION('',(3.45126646034197E-31,3.33066907387547E-16,1.));
#3889=DIRECTION('',(7.49400541621981E-16,-1.,3.33066907387547E-16));
#3890=DIRECTION('',(0.,0.,1.));
#3891=DIRECTION('',(1.,0.,0.));
#3892=DIRECTION('',(-6.12323399573674E-17,4.55531587302282E-16,1.));
#3893=DIRECTION('',(-8.71865221536716E-16,1.,-3.33066907387547E-16));
#3894=DIRECTION('',(-6.12323399573674E-17,3.94299247344914E-16,1.));
#3895=DIRECTION('',(-8.71865221536716E-16,1.,-3.94299247344914E-16));
#3896=DIRECTION('',(-6.12323399573674E-17,3.94299247344914E-16,1.));
#3897=DIRECTION('',(-8.71865221536716E-16,1.,-3.94299247344914E-16));
#3898=DIRECTION('',(-6.12323399573673E-17,3.94299247344914E-16,1.));
#3899=DIRECTION('',(-8.71865221536716E-16,1.,-3.94299247344914E-16));
#3900=DIRECTION('',(-6.12323399573674E-17,3.94299247344914E-16,1.));
#3901=DIRECTION('',(-8.71865221536716E-16,1.,-3.94299247344914E-16));
#3902=DIRECTION('',(-6.12323399573674E-17,3.94299247344914E-16,1.));
#3903=DIRECTION('',(-8.71865221536716E-16,1.,-3.94299247344914E-16));
#3904=DIRECTION('',(-6.12323399573674E-17,3.94299247344914E-16,1.));
#3905=DIRECTION('',(-8.71865221536716E-16,1.,-3.94299247344914E-16));
#3906=DIRECTION('',(-6.12323399573674E-17,3.94299247344914E-16,1.));
#3907=DIRECTION('',(-8.71865221536716E-16,1.,-3.94299247344914E-16));
#3908=DIRECTION('',(6.12323399573674E-17,-3.94299247344914E-16,-1.));
#3909=DIRECTION('',(-8.71865221536716E-16,1.,-3.94299247344914E-16));
#3910=DIRECTION('',(-6.12323399573674E-17,3.94299247344914E-16,1.));
#3911=DIRECTION('',(-8.71865221536716E-16,1.,-3.94299247344914E-16));
#3912=DIRECTION('',(-6.12323399573674E-17,3.94299247344914E-16,1.));
#3913=DIRECTION('',(-8.71865221536716E-16,1.,-3.94299247344914E-16));
#3914=DIRECTION('',(-6.12323399573674E-17,3.94299247344914E-16,1.));
#3915=DIRECTION('',(-8.71865221536716E-16,1.,-3.94299247344914E-16));
#3916=DIRECTION('',(-6.12323399573674E-17,3.94299247344914E-16,1.));
#3917=DIRECTION('',(-8.71865221536716E-16,1.,-3.94299247344914E-16));
#3918=DIRECTION('',(-6.12323399573674E-17,3.94299247344914E-16,1.));
#3919=DIRECTION('',(-8.71865221536716E-16,1.,-3.94299247344914E-16));
#3920=DIRECTION('',(-6.12323399573674E-17,3.94299247344914E-16,1.));
#3921=DIRECTION('',(-8.71865221536716E-16,1.,-3.94299247344914E-16));
#3922=DIRECTION('',(-6.12323399573674E-17,3.94299247344914E-16,1.));
#3923=DIRECTION('',(-8.71865221536717E-16,1.,-3.94299247344914E-16));
#3924=DIRECTION('',(-6.12323399573675E-17,4.55531587302282E-16,1.));
#3925=DIRECTION('',(-8.71865221536717E-16,1.,-3.33066907387547E-16));
#3926=DIRECTION('',(0.,0.,1.));
#3927=DIRECTION('',(1.,0.,0.));
#3928=DIRECTION('',(-6.12323399573674E-17,3.33066907387547E-16,1.));
#3929=DIRECTION('',(-8.71865221536716E-16,1.,-3.33066907387547E-16));
#3930=DIRECTION('',(-6.12323399573674E-17,3.94299247344914E-16,1.));
#3931=DIRECTION('',(-8.71865221536716E-16,1.,-3.94299247344914E-16));
#3932=DIRECTION('',(-6.12323399573674E-17,3.94299247344914E-16,1.));
#3933=DIRECTION('',(-8.71865221536716E-16,1.,-3.94299247344914E-16));
#3934=DIRECTION('',(-6.12323399573673E-17,3.94299247344914E-16,1.));
#3935=DIRECTION('',(-8.71865221536716E-16,1.,-3.94299247344914E-16));
#3936=DIRECTION('',(-6.12323399573674E-17,3.94299247344914E-16,1.));
#3937=DIRECTION('',(-8.71865221536716E-16,1.,-3.94299247344914E-16));
#3938=DIRECTION('',(-6.12323399573674E-17,3.94299247344914E-16,1.));
#3939=DIRECTION('',(-8.71865221536716E-16,1.,-3.94299247344914E-16));
#3940=DIRECTION('',(-6.12323399573674E-17,3.94299247344914E-16,1.));
#3941=DIRECTION('',(-8.71865221536716E-16,1.,-3.94299247344914E-16));
#3942=DIRECTION('',(-6.12323399573674E-17,3.94299247344914E-16,1.));
#3943=DIRECTION('',(-8.71865221536716E-16,1.,-3.94299247344914E-16));
#3944=DIRECTION('',(6.12323399573674E-17,-3.94299247344914E-16,-1.));
#3945=DIRECTION('',(-8.71865221536716E-16,1.,-3.94299247344914E-16));
#3946=DIRECTION('',(-6.12323399573674E-17,3.94299247344914E-16,1.));
#3947=DIRECTION('',(-8.71865221536716E-16,1.,-3.94299247344914E-16));
#3948=DIRECTION('',(-6.12323399573674E-17,3.94299247344914E-16,1.));
#3949=DIRECTION('',(-8.71865221536716E-16,1.,-3.94299247344914E-16));
#3950=DIRECTION('',(-6.12323399573674E-17,3.94299247344914E-16,1.));
#3951=DIRECTION('',(-8.71865221536716E-16,1.,-3.94299247344914E-16));
#3952=DIRECTION('',(-6.12323399573674E-17,3.94299247344914E-16,1.));
#3953=DIRECTION('',(-8.71865221536716E-16,1.,-3.94299247344914E-16));
#3954=DIRECTION('',(-6.12323399573674E-17,3.94299247344914E-16,1.));
#3955=DIRECTION('',(-8.71865221536716E-16,1.,-3.94299247344914E-16));
#3956=DIRECTION('',(-6.12323399573674E-17,3.94299247344914E-16,1.));
#3957=DIRECTION('',(-8.71865221536716E-16,1.,-3.94299247344914E-16));
#3958=DIRECTION('',(-6.12323399573674E-17,3.94299247344914E-16,1.));
#3959=DIRECTION('',(-8.71865221536717E-16,1.,-3.94299247344914E-16));
#3960=DIRECTION('',(-6.12323399573675E-17,3.33066907387547E-16,1.));
#3961=DIRECTION('',(-8.71865221536717E-16,1.,-3.33066907387547E-16));
#3962=DIRECTION('',(0.,0.,1.));
#3963=DIRECTION('',(1.,0.,0.));
#3964=DIRECTION('',(-6.12323399573674E-17,3.33066907387547E-16,1.));
#3965=DIRECTION('',(-8.71865221536716E-16,1.,-3.33066907387547E-16));
#3966=DIRECTION('',(-6.12323399573674E-17,3.94299247344914E-16,1.));
#3967=DIRECTION('',(-8.71865221536716E-16,1.,-3.94299247344914E-16));
#3968=DIRECTION('',(-6.12323399573674E-17,3.94299247344914E-16,1.));
#3969=DIRECTION('',(-8.71865221536716E-16,1.,-3.94299247344914E-16));
#3970=DIRECTION('',(-6.12323399573673E-17,3.94299247344914E-16,1.));
#3971=DIRECTION('',(-8.71865221536716E-16,1.,-3.94299247344914E-16));
#3972=DIRECTION('',(-6.12323399573674E-17,3.94299247344914E-16,1.));
#3973=DIRECTION('',(-8.71865221536716E-16,1.,-3.94299247344914E-16));
#3974=DIRECTION('',(-6.12323399573674E-17,3.94299247344914E-16,1.));
#3975=DIRECTION('',(-8.71865221536716E-16,1.,-3.94299247344914E-16));
#3976=DIRECTION('',(-6.12323399573674E-17,3.94299247344914E-16,1.));
#3977=DIRECTION('',(-8.71865221536716E-16,1.,-3.94299247344914E-16));
#3978=DIRECTION('',(-6.12323399573674E-17,3.94299247344914E-16,1.));
#3979=DIRECTION('',(-8.71865221536716E-16,1.,-3.94299247344914E-16));
#3980=DIRECTION('',(6.12323399573674E-17,-3.94299247344914E-16,-1.));
#3981=DIRECTION('',(-8.71865221536716E-16,1.,-3.94299247344914E-16));
#3982=DIRECTION('',(-6.12323399573674E-17,3.94299247344914E-16,1.));
#3983=DIRECTION('',(-8.71865221536716E-16,1.,-3.94299247344914E-16));
#3984=DIRECTION('',(-6.12323399573674E-17,3.94299247344914E-16,1.));
#3985=DIRECTION('',(-8.71865221536716E-16,1.,-3.94299247344914E-16));
#3986=DIRECTION('',(-6.12323399573674E-17,3.94299247344914E-16,1.));
#3987=DIRECTION('',(-8.71865221536716E-16,1.,-3.94299247344914E-16));
#3988=DIRECTION('',(-6.12323399573674E-17,3.94299247344914E-16,1.));
#3989=DIRECTION('',(-8.71865221536716E-16,1.,-3.94299247344914E-16));
#3990=DIRECTION('',(-6.12323399573674E-17,3.94299247344914E-16,1.));
#3991=DIRECTION('',(-8.71865221536716E-16,1.,-3.94299247344914E-16));
#3992=DIRECTION('',(-6.12323399573674E-17,3.94299247344914E-16,1.));
#3993=DIRECTION('',(-8.71865221536716E-16,1.,-3.94299247344914E-16));
#3994=DIRECTION('',(-6.12323399573674E-17,3.94299247344914E-16,1.));
#3995=DIRECTION('',(-8.71865221536717E-16,1.,-3.94299247344914E-16));
#3996=DIRECTION('',(-6.12323399573675E-17,3.33066907387547E-16,1.));
#3997=DIRECTION('',(-8.71865221536717E-16,1.,-3.33066907387547E-16));
#3998=DIRECTION('',(0.,0.,1.));
#3999=DIRECTION('',(1.,0.,0.));
#4000=DIRECTION('',(-6.12323399573674E-17,3.33066907387547E-16,1.));
#4001=DIRECTION('',(-8.71865221536716E-16,1.,-3.33066907387547E-16));
#4002=DIRECTION('',(-6.12323399573674E-17,3.94299247344914E-16,1.));
#4003=DIRECTION('',(-8.71865221536716E-16,1.,-3.94299247344914E-16));
#4004=DIRECTION('',(-6.12323399573674E-17,3.94299247344914E-16,1.));
#4005=DIRECTION('',(-8.71865221536716E-16,1.,-3.94299247344914E-16));
#4006=DIRECTION('',(-6.12323399573673E-17,3.94299247344914E-16,1.));
#4007=DIRECTION('',(-8.71865221536716E-16,1.,-3.94299247344914E-16));
#4008=DIRECTION('',(-6.12323399573674E-17,3.94299247344914E-16,1.));
#4009=DIRECTION('',(-8.71865221536716E-16,1.,-3.94299247344914E-16));
#4010=DIRECTION('',(-6.12323399573674E-17,3.94299247344914E-16,1.));
#4011=DIRECTION('',(-8.71865221536716E-16,1.,-3.94299247344914E-16));
#4012=DIRECTION('',(-6.12323399573674E-17,3.94299247344914E-16,1.));
#4013=DIRECTION('',(-8.71865221536716E-16,1.,-3.94299247344914E-16));
#4014=DIRECTION('',(-6.12323399573674E-17,3.94299247344914E-16,1.));
#4015=DIRECTION('',(-8.71865221536716E-16,1.,-3.94299247344914E-16));
#4016=DIRECTION('',(6.12323399573674E-17,-3.94299247344914E-16,-1.));
#4017=DIRECTION('',(-8.71865221536716E-16,1.,-3.94299247344914E-16));
#4018=DIRECTION('',(-6.12323399573674E-17,3.94299247344914E-16,1.));
#4019=DIRECTION('',(-8.71865221536716E-16,1.,-3.94299247344914E-16));
#4020=DIRECTION('',(-6.12323399573674E-17,3.94299247344914E-16,1.));
#4021=DIRECTION('',(-8.71865221536716E-16,1.,-3.94299247344914E-16));
#4022=DIRECTION('',(-6.12323399573674E-17,3.94299247344914E-16,1.));
#4023=DIRECTION('',(-8.71865221536716E-16,1.,-3.94299247344914E-16));
#4024=DIRECTION('',(-6.12323399573674E-17,3.94299247344914E-16,1.));
#4025=DIRECTION('',(-8.71865221536716E-16,1.,-3.94299247344914E-16));
#4026=DIRECTION('',(-6.12323399573674E-17,3.94299247344914E-16,1.));
#4027=DIRECTION('',(-8.71865221536716E-16,1.,-3.94299247344914E-16));
#4028=DIRECTION('',(-6.12323399573674E-17,3.94299247344914E-16,1.));
#4029=DIRECTION('',(-8.71865221536716E-16,1.,-3.94299247344914E-16));
#4030=DIRECTION('',(-6.12323399573674E-17,3.94299247344914E-16,1.));
#4031=DIRECTION('',(-8.71865221536717E-16,1.,-3.94299247344914E-16));
#4032=DIRECTION('',(-6.12323399573675E-17,3.33066907387547E-16,1.));
#4033=DIRECTION('',(-8.71865221536717E-16,1.,-3.33066907387547E-16));
#4034=DIRECTION('',(0.,0.,1.));
#4035=DIRECTION('',(1.,0.,0.));
#4036=DIRECTION('',(-6.12323399573674E-17,3.33066907387547E-16,1.));
#4037=DIRECTION('',(-8.71865221536716E-16,1.,-3.33066907387547E-16));
#4038=DIRECTION('',(-6.12323399573674E-17,3.94299247344914E-16,1.));
#4039=DIRECTION('',(-8.71865221536716E-16,1.,-3.94299247344914E-16));
#4040=DIRECTION('',(-6.12323399573674E-17,3.94299247344914E-16,1.));
#4041=DIRECTION('',(-8.71865221536716E-16,1.,-3.94299247344914E-16));
#4042=DIRECTION('',(-6.12323399573673E-17,3.94299247344914E-16,1.));
#4043=DIRECTION('',(-8.71865221536716E-16,1.,-3.94299247344914E-16));
#4044=DIRECTION('',(-6.12323399573674E-17,3.94299247344914E-16,1.));
#4045=DIRECTION('',(-8.71865221536716E-16,1.,-3.94299247344914E-16));
#4046=DIRECTION('',(-6.12323399573674E-17,3.94299247344914E-16,1.));
#4047=DIRECTION('',(-8.71865221536716E-16,1.,-3.94299247344914E-16));
#4048=DIRECTION('',(-6.12323399573674E-17,3.94299247344914E-16,1.));
#4049=DIRECTION('',(-8.71865221536716E-16,1.,-3.94299247344914E-16));
#4050=DIRECTION('',(-6.12323399573674E-17,3.94299247344914E-16,1.));
#4051=DIRECTION('',(-8.71865221536716E-16,1.,-3.94299247344914E-16));
#4052=DIRECTION('',(6.12323399573674E-17,-3.94299247344914E-16,-1.));
#4053=DIRECTION('',(-8.71865221536716E-16,1.,-3.94299247344914E-16));
#4054=DIRECTION('',(-6.12323399573674E-17,3.94299247344914E-16,1.));
#4055=DIRECTION('',(-8.71865221536716E-16,1.,-3.94299247344914E-16));
#4056=DIRECTION('',(-6.12323399573674E-17,3.94299247344914E-16,1.));
#4057=DIRECTION('',(-8.71865221536716E-16,1.,-3.94299247344914E-16));
#4058=DIRECTION('',(-6.12323399573674E-17,3.94299247344914E-16,1.));
#4059=DIRECTION('',(-8.71865221536716E-16,1.,-3.94299247344914E-16));
#4060=DIRECTION('',(-6.12323399573674E-17,3.94299247344914E-16,1.));
#4061=DIRECTION('',(-8.71865221536716E-16,1.,-3.94299247344914E-16));
#4062=DIRECTION('',(-6.12323399573674E-17,3.94299247344914E-16,1.));
#4063=DIRECTION('',(-8.71865221536716E-16,1.,-3.94299247344914E-16));
#4064=DIRECTION('',(-6.12323399573674E-17,3.94299247344914E-16,1.));
#4065=DIRECTION('',(-8.71865221536716E-16,1.,-3.94299247344914E-16));
#4066=DIRECTION('',(-6.12323399573674E-17,3.94299247344914E-16,1.));
#4067=DIRECTION('',(-8.71865221536717E-16,1.,-3.94299247344914E-16));
#4068=DIRECTION('',(-6.12323399573675E-17,3.33066907387547E-16,1.));
#4069=DIRECTION('',(-8.71865221536717E-16,1.,-3.33066907387547E-16));
#4070=DIRECTION('',(0.,0.,1.));
#4071=DIRECTION('',(1.,0.,0.));
#4072=DIRECTION('',(-6.12323399573674E-17,3.33066907387547E-16,1.));
#4073=DIRECTION('',(-8.71865221536716E-16,1.,-3.33066907387547E-16));
#4074=DIRECTION('',(-6.12323399573674E-17,3.94299247344914E-16,1.));
#4075=DIRECTION('',(-8.71865221536716E-16,1.,-3.94299247344914E-16));
#4076=DIRECTION('',(-6.12323399573674E-17,3.94299247344914E-16,1.));
#4077=DIRECTION('',(-8.71865221536716E-16,1.,-3.94299247344914E-16));
#4078=DIRECTION('',(-6.12323399573673E-17,3.94299247344914E-16,1.));
#4079=DIRECTION('',(-8.71865221536716E-16,1.,-3.94299247344914E-16));
#4080=DIRECTION('',(-6.12323399573674E-17,3.94299247344914E-16,1.));
#4081=DIRECTION('',(-8.71865221536716E-16,1.,-3.94299247344914E-16));
#4082=DIRECTION('',(-6.12323399573674E-17,3.94299247344914E-16,1.));
#4083=DIRECTION('',(-8.71865221536716E-16,1.,-3.94299247344914E-16));
#4084=DIRECTION('',(-6.12323399573674E-17,3.94299247344914E-16,1.));
#4085=DIRECTION('',(-8.71865221536716E-16,1.,-3.94299247344914E-16));
#4086=DIRECTION('',(-6.12323399573674E-17,3.94299247344914E-16,1.));
#4087=DIRECTION('',(-8.71865221536716E-16,1.,-3.94299247344914E-16));
#4088=DIRECTION('',(6.12323399573674E-17,-3.94299247344914E-16,-1.));
#4089=DIRECTION('',(-8.71865221536716E-16,1.,-3.94299247344914E-16));
#4090=DIRECTION('',(-6.12323399573674E-17,3.94299247344914E-16,1.));
#4091=DIRECTION('',(-8.71865221536716E-16,1.,-3.94299247344914E-16));
#4092=DIRECTION('',(-6.12323399573674E-17,3.94299247344914E-16,1.));
#4093=DIRECTION('',(-8.71865221536716E-16,1.,-3.94299247344914E-16));
#4094=DIRECTION('',(-6.12323399573674E-17,3.94299247344914E-16,1.));
#4095=DIRECTION('',(-8.71865221536716E-16,1.,-3.94299247344914E-16));
#4096=DIRECTION('',(-6.12323399573674E-17,3.94299247344914E-16,1.));
#4097=DIRECTION('',(-8.71865221536716E-16,1.,-3.94299247344914E-16));
#4098=DIRECTION('',(-6.12323399573674E-17,3.94299247344914E-16,1.));
#4099=DIRECTION('',(-8.71865221536716E-16,1.,-3.94299247344914E-16));
#4100=DIRECTION('',(-6.12323399573674E-17,3.94299247344914E-16,1.));
#4101=DIRECTION('',(-8.71865221536716E-16,1.,-3.94299247344914E-16));
#4102=DIRECTION('',(-6.12323399573674E-17,3.94299247344914E-16,1.));
#4103=DIRECTION('',(-8.71865221536717E-16,1.,-3.94299247344914E-16));
#4104=DIRECTION('',(-6.12323399573675E-17,3.33066907387547E-16,1.));
#4105=DIRECTION('',(-8.71865221536717E-16,1.,-3.33066907387547E-16));
#4106=DIRECTION('',(0.,0.,1.));
#4107=DIRECTION('',(1.,0.,0.));
#4108=DIRECTION('',(-6.12323399573674E-17,3.33066907387547E-16,1.));
#4109=DIRECTION('',(-8.71865221536716E-16,1.,-3.33066907387547E-16));
#4110=DIRECTION('',(-6.12323399573674E-17,3.94299247344914E-16,1.));
#4111=DIRECTION('',(-8.71865221536716E-16,1.,-3.94299247344914E-16));
#4112=DIRECTION('',(-6.12323399573674E-17,3.94299247344914E-16,1.));
#4113=DIRECTION('',(-8.71865221536716E-16,1.,-3.94299247344914E-16));
#4114=DIRECTION('',(-6.12323399573673E-17,3.94299247344914E-16,1.));
#4115=DIRECTION('',(-8.71865221536716E-16,1.,-3.94299247344914E-16));
#4116=DIRECTION('',(-6.12323399573674E-17,3.94299247344914E-16,1.));
#4117=DIRECTION('',(-8.71865221536716E-16,1.,-3.94299247344914E-16));
#4118=DIRECTION('',(-6.12323399573674E-17,3.94299247344914E-16,1.));
#4119=DIRECTION('',(-8.71865221536716E-16,1.,-3.94299247344914E-16));
#4120=DIRECTION('',(-6.12323399573674E-17,3.94299247344914E-16,1.));
#4121=DIRECTION('',(-8.71865221536716E-16,1.,-3.94299247344914E-16));
#4122=DIRECTION('',(-6.12323399573674E-17,3.94299247344914E-16,1.));
#4123=DIRECTION('',(-8.71865221536716E-16,1.,-3.94299247344914E-16));
#4124=DIRECTION('',(6.12323399573674E-17,-3.94299247344914E-16,-1.));
#4125=DIRECTION('',(-8.71865221536716E-16,1.,-3.94299247344914E-16));
#4126=DIRECTION('',(-6.12323399573674E-17,3.94299247344914E-16,1.));
#4127=DIRECTION('',(-8.71865221536716E-16,1.,-3.94299247344914E-16));
#4128=DIRECTION('',(-6.12323399573674E-17,3.94299247344914E-16,1.));
#4129=DIRECTION('',(-8.71865221536716E-16,1.,-3.94299247344914E-16));
#4130=DIRECTION('',(-6.12323399573674E-17,3.94299247344914E-16,1.));
#4131=DIRECTION('',(-8.71865221536716E-16,1.,-3.94299247344914E-16));
#4132=DIRECTION('',(-6.12323399573674E-17,3.94299247344914E-16,1.));
#4133=DIRECTION('',(-8.71865221536716E-16,1.,-3.94299247344914E-16));
#4134=DIRECTION('',(-6.12323399573674E-17,3.94299247344914E-16,1.));
#4135=DIRECTION('',(-8.71865221536716E-16,1.,-3.94299247344914E-16));
#4136=DIRECTION('',(-6.12323399573674E-17,3.94299247344914E-16,1.));
#4137=DIRECTION('',(-8.71865221536716E-16,1.,-3.94299247344914E-16));
#4138=DIRECTION('',(-6.12323399573674E-17,3.94299247344914E-16,1.));
#4139=DIRECTION('',(-8.71865221536717E-16,1.,-3.94299247344914E-16));
#4140=DIRECTION('',(-6.12323399573675E-17,3.33066907387547E-16,1.));
#4141=DIRECTION('',(-8.71865221536717E-16,1.,-3.33066907387547E-16));
#4142=CARTESIAN_POINT('',(0.,0.,0.));
#4143=CARTESIAN_POINT('',(0.0241476805880727,0.016307144164154,-0.00846));
#4144=CARTESIAN_POINT('',(0.0241476805880727,0.016307144164154,-0.00846));
#4145=CARTESIAN_POINT('',(0.0241476805880727,0.016537144164154,-0.00846));
#4146=CARTESIAN_POINT('',(0.0241476805880727,0.016307144164154,-0.00846));
#4147=CARTESIAN_POINT('',(0.0241476805880727,0.016307144164154,-0.005));
#4148=CARTESIAN_POINT('',(0.0241476805880727,0.016537144164154,-0.005));
#4149=CARTESIAN_POINT('',(0.0241476805880727,0.016307144164154,-0.004785));
#4150=CARTESIAN_POINT('',(0.0241476805880727,0.016307144164154,-0.00457));
#4151=CARTESIAN_POINT('',(0.0241476805880727,0.016967144164154,-0.00457));
#4152=CARTESIAN_POINT('',(0.0241476805880727,0.016307144164154,-0.00457));
#4153=CARTESIAN_POINT('',(0.0241476805880727,0.016307144164154,-0.001));
#4154=CARTESIAN_POINT('',(0.0241476805880727,0.016967144164154,-0.001));
#4155=CARTESIAN_POINT('',(0.0241476805880727,0.016307144164154,-0.001));
#4156=CARTESIAN_POINT('',(0.0241476805880727,0.016307144164154,-0.001));
#4157=CARTESIAN_POINT('',(0.0241476805880727,0.017207144164154,-0.001));
#4158=CARTESIAN_POINT('',(0.0241476805880727,0.016307144164154,-0.001));
#4159=CARTESIAN_POINT('',(0.0241476805880727,0.016307144164154,3.46944695195361E-18));
#4160=CARTESIAN_POINT('',(0.0241476805880727,0.017207144164154,3.11457762934319E-18));
#4161=CARTESIAN_POINT('',(0.0241476805880727,0.016307144164154,3.46944695195361E-18));
#4162=CARTESIAN_POINT('',(0.0241476805880727,0.016307144164154,3.46944695195361E-18));
#4163=CARTESIAN_POINT('',(0.0241476805880727,0.016607144164154,3.35115717775014E-18));
#4164=CARTESIAN_POINT('',(0.0241476805880727,0.016307144164154,3.46944695195361E-18));
#4165=CARTESIAN_POINT('',(0.0241476805880727,0.016307144164154,0.0027));
#4166=CARTESIAN_POINT('',(0.0241476805880727,0.016607144164154,0.0027));
#4167=CARTESIAN_POINT('',(0.0241476805880727,0.016307144164154,0.0027));
#4168=CARTESIAN_POINT('',(0.,0.,0.));
#4169=CARTESIAN_POINT('',(0.0241476805880727,0.026467144164154,-0.001));
#4170=CARTESIAN_POINT('',(0.0241476805880727,0.026467144164154,-0.001));
#4171=CARTESIAN_POINT('',(0.0241476805880727,0.025807144164154,-0.001));
#4172=CARTESIAN_POINT('',(0.0241476805880727,0.026467144164154,-0.001));
#4173=CARTESIAN_POINT('',(0.0241476805880727,0.025567144164154,-0.001));
#4174=CARTESIAN_POINT('',(0.0241476805880727,0.026467144164154,-0.0035));
#4175=CARTESIAN_POINT('',(0.0241476805880727,0.026467144164154,-0.0035));
#4176=CARTESIAN_POINT('',(0.0241476805880727,0.025807144164154,-0.0035));
#4177=CARTESIAN_POINT('',(0.0241476805880727,0.026467144164154,-0.001));
#4178=CARTESIAN_POINT('',(0.0241476805880727,0.026467144164154,-0.0005));
#4179=CARTESIAN_POINT('',(0.0241476805880727,0.025567144164154,-0.0005));
#4180=CARTESIAN_POINT('',(0.0248976805880727,0.027737144164154,-0.0035));
#4181=CARTESIAN_POINT('',(0.0248976805880727,0.027737144164154,-0.0035));
#4182=CARTESIAN_POINT('',(0.0248976805880727,0.027737144164154,-0.0035));
#4183=CARTESIAN_POINT('',(0.0233976805880727,0.027737144164154,-0.0035));
#4184=CARTESIAN_POINT('',(0.0233976805880727,0.027737144164154,-0.0035));
#4185=CARTESIAN_POINT('',(0.0233976805880727,0.027737144164154,-0.0005));
#4186=CARTESIAN_POINT('',(0.0248976805880727,0.027737144164154,-0.0005));
#4187=CARTESIAN_POINT('',(0.0248976805880727,0.027737144164154,-0.0005));
#4188=CARTESIAN_POINT('',(0.0248976805880727,0.027737144164154,-0.0035));
#4189=CARTESIAN_POINT('',(0.0248976805880727,0.025197144164154,-0.0035));
#4190=CARTESIAN_POINT('',(0.0248976805880727,0.027587144164154,-0.0035));
#4191=CARTESIAN_POINT('',(0.0248976805880727,0.027587144164154,-0.0035));
#4192=CARTESIAN_POINT('',(0.0248976805880727,0.027587144164154,-0.0005));
#4193=CARTESIAN_POINT('',(0.0248976805880727,0.027587144164154,-0.0005));
#4194=CARTESIAN_POINT('',(0.0248976805880727,0.027587144164154,-0.0035));
#4195=CARTESIAN_POINT('',(0.0254176805880727,0.0272869220241754,-0.0035));
#4196=CARTESIAN_POINT('',(0.0254176805880727,0.0272869220241754,-0.0035));
#4197=CARTESIAN_POINT('',(0.0254176805880727,0.0272869220241754,-0.0035));
#4198=CARTESIAN_POINT('',(0.0254176805880727,0.0272869220241754,-0.0005));
#4199=CARTESIAN_POINT('',(0.0254176805880727,0.0272869220241754,-0.0005));
#4200=CARTESIAN_POINT('',(0.0254176805880727,0.0272869220241754,-0.0035));
#4201=CARTESIAN_POINT('',(0.0254176805880727,0.0256473663041326,-0.0035));
#4202=CARTESIAN_POINT('',(0.0254176805880727,0.0256473663041326,-0.0035));
#4203=CARTESIAN_POINT('',(0.0254176805880727,0.0256473663041326,-0.0035));
#4204=CARTESIAN_POINT('',(0.0254176805880727,0.0256473663041326,-0.0005));
#4205=CARTESIAN_POINT('',(0.0254176805880727,0.0256473663041326,-0.0005));
#4206=CARTESIAN_POINT('',(0.0254176805880727,0.0256473663041326,-0.0035));
#4207=CARTESIAN_POINT('',(0.0248976805880727,0.025347144164154,-0.0035));
#4208=CARTESIAN_POINT('',(0.0248976805880727,0.025347144164154,-0.0035));
#4209=CARTESIAN_POINT('',(0.0248976805880727,0.025347144164154,-0.0035));
#4210=CARTESIAN_POINT('',(0.0248976805880727,0.025347144164154,-0.0005));
#4211=CARTESIAN_POINT('',(0.0248976805880727,0.025347144164154,-0.0005));
#4212=CARTESIAN_POINT('',(0.0248976805880727,0.025347144164154,-0.0035));
#4213=CARTESIAN_POINT('',(0.0248976805880727,0.025197144164154,-0.0035));
#4214=CARTESIAN_POINT('',(0.0248976805880727,0.025047144164154,-0.0005));
#4215=CARTESIAN_POINT('',(0.0248976805880727,0.025047144164154,-0.0005));
#4216=CARTESIAN_POINT('',(0.0248976805880727,0.025047144164154,-0.0035));
#4217=CARTESIAN_POINT('',(0.0248976805880727,0.025047144164154,-0.0035));
#4218=CARTESIAN_POINT('',(0.0248976805880727,0.025047144164154,-0.0035));
#4219=CARTESIAN_POINT('',(0.0254176805880727,0.0247469220241754,-0.0035));
#4220=CARTESIAN_POINT('',(0.0254176805880727,0.0247469220241754,-0.0035));
#4221=CARTESIAN_POINT('',(0.0254176805880727,0.0247469220241754,-0.0035));
#4222=CARTESIAN_POINT('',(0.0254176805880727,0.0247469220241754,-0.0005));
#4223=CARTESIAN_POINT('',(0.0254176805880727,0.0247469220241754,-0.0005));
#4224=CARTESIAN_POINT('',(0.0254176805880727,0.0247469220241754,-0.0035));
#4225=CARTESIAN_POINT('',(0.0254176805880727,0.0256473663041326,-0.0035));
#4226=CARTESIAN_POINT('',(0.0254176805880727,0.0231073663041326,-0.0035));
#4227=CARTESIAN_POINT('',(0.0254176805880727,0.0231073663041326,-0.0035));
#4228=CARTESIAN_POINT('',(0.0254176805880727,0.0231073663041326,-0.0005));
#4229=CARTESIAN_POINT('',(0.0254176805880727,0.0231073663041326,-0.0005));
#4230=CARTESIAN_POINT('',(0.0254176805880727,0.0231073663041326,-0.0035));
#4231=CARTESIAN_POINT('',(0.0248976805880727,0.022807144164154,-0.0035));
#4232=CARTESIAN_POINT('',(0.0248976805880727,0.022807144164154,-0.0035));
#4233=CARTESIAN_POINT('',(0.0248976805880727,0.022807144164154,-0.0035));
#4234=CARTESIAN_POINT('',(0.0248976805880727,0.022807144164154,-0.0005));
#4235=CARTESIAN_POINT('',(0.0248976805880727,0.022807144164154,-0.0005));
#4236=CARTESIAN_POINT('',(0.0248976805880727,0.022807144164154,-0.0035));
#4237=CARTESIAN_POINT('',(0.0248976805880727,0.025197144164154,-0.0035));
#4238=CARTESIAN_POINT('',(0.0248976805880727,0.022507144164154,-0.0005));
#4239=CARTESIAN_POINT('',(0.0248976805880727,0.022507144164154,-0.0005));
#4240=CARTESIAN_POINT('',(0.0248976805880727,0.022507144164154,-0.0035));
#4241=CARTESIAN_POINT('',(0.0248976805880727,0.022507144164154,-0.0035));
#4242=CARTESIAN_POINT('',(0.0248976805880727,0.022507144164154,-0.0035));
#4243=CARTESIAN_POINT('',(0.0254176805880727,0.0222069220241754,-0.0035));
#4244=CARTESIAN_POINT('',(0.0254176805880727,0.0222069220241754,-0.0035));
#4245=CARTESIAN_POINT('',(0.0254176805880727,0.0222069220241754,-0.0035));
#4246=CARTESIAN_POINT('',(0.0254176805880727,0.0222069220241754,-0.0005));
#4247=CARTESIAN_POINT('',(0.0254176805880727,0.0222069220241754,-0.0005));
#4248=CARTESIAN_POINT('',(0.0254176805880727,0.0222069220241754,-0.0035));
#4249=CARTESIAN_POINT('',(0.0254176805880727,0.0256473663041326,-0.0035));
#4250=CARTESIAN_POINT('',(0.0254176805880727,0.0205673663041326,-0.0035));
#4251=CARTESIAN_POINT('',(0.0254176805880727,0.0205673663041326,-0.0035));
#4252=CARTESIAN_POINT('',(0.0254176805880727,0.0205673663041326,-0.0005));
#4253=CARTESIAN_POINT('',(0.0254176805880727,0.0205673663041326,-0.0005));
#4254=CARTESIAN_POINT('',(0.0254176805880727,0.0205673663041326,-0.0035));
#4255=CARTESIAN_POINT('',(0.0248976805880727,0.020267144164154,-0.0035));
#4256=CARTESIAN_POINT('',(0.0248976805880727,0.020267144164154,-0.0035));
#4257=CARTESIAN_POINT('',(0.0248976805880727,0.020267144164154,-0.0035));
#4258=CARTESIAN_POINT('',(0.0248976805880727,0.020267144164154,-0.0005));
#4259=CARTESIAN_POINT('',(0.0248976805880727,0.020267144164154,-0.0005));
#4260=CARTESIAN_POINT('',(0.0248976805880727,0.020267144164154,-0.0035));
#4261=CARTESIAN_POINT('',(0.0248976805880727,0.025197144164154,-0.0035));
#4262=CARTESIAN_POINT('',(0.0248976805880727,0.019967144164154,-0.0005));
#4263=CARTESIAN_POINT('',(0.0248976805880727,0.019967144164154,-0.0005));
#4264=CARTESIAN_POINT('',(0.0248976805880727,0.019967144164154,-0.0035));
#4265=CARTESIAN_POINT('',(0.0248976805880727,0.019967144164154,-0.0035));
#4266=CARTESIAN_POINT('',(0.0248976805880727,0.019967144164154,-0.0035));
#4267=CARTESIAN_POINT('',(0.0254176805880727,0.0196669220241754,-0.0035));
#4268=CARTESIAN_POINT('',(0.0254176805880727,0.0196669220241754,-0.0035));
#4269=CARTESIAN_POINT('',(0.0254176805880727,0.0196669220241754,-0.0035));
#4270=CARTESIAN_POINT('',(0.0254176805880727,0.0196669220241754,-0.0005));
#4271=CARTESIAN_POINT('',(0.0254176805880727,0.0196669220241754,-0.0005));
#4272=CARTESIAN_POINT('',(0.0254176805880727,0.0196669220241754,-0.0035));
#4273=CARTESIAN_POINT('',(0.0254176805880727,0.0256473663041326,-0.0035));
#4274=CARTESIAN_POINT('',(0.0254176805880727,0.0180273663041326,-0.0035));
#4275=CARTESIAN_POINT('',(0.0254176805880727,0.0180273663041326,-0.0035));
#4276=CARTESIAN_POINT('',(0.0254176805880727,0.0180273663041326,-0.0005));
#4277=CARTESIAN_POINT('',(0.0254176805880727,0.0180273663041326,-0.0005));
#4278=CARTESIAN_POINT('',(0.0254176805880727,0.0180273663041326,-0.0035));
#4279=CARTESIAN_POINT('',(0.0248976805880727,0.017727144164154,-0.0035));
#4280=CARTESIAN_POINT('',(0.0248976805880727,0.017727144164154,-0.0035));
#4281=CARTESIAN_POINT('',(0.0248976805880727,0.017727144164154,-0.0035));
#4282=CARTESIAN_POINT('',(0.0248976805880727,0.017727144164154,-0.0005));
#4283=CARTESIAN_POINT('',(0.0248976805880727,0.017727144164154,-0.0005));
#4284=CARTESIAN_POINT('',(0.0248976805880727,0.017727144164154,-0.0035));
#4285=CARTESIAN_POINT('',(0.0248976805880727,0.025197144164154,-0.0035));
#4286=CARTESIAN_POINT('',(0.0248976805880727,0.017427144164154,-0.0005));
#4287=CARTESIAN_POINT('',(0.0248976805880727,0.017427144164154,-0.0005));
#4288=CARTESIAN_POINT('',(0.0248976805880727,0.017427144164154,-0.0035));
#4289=CARTESIAN_POINT('',(0.0248976805880727,0.017427144164154,-0.0035));
#4290=CARTESIAN_POINT('',(0.0248976805880727,0.017427144164154,-0.0035));
#4291=CARTESIAN_POINT('',(0.0254176805880727,0.0171269220241754,-0.0035));
#4292=CARTESIAN_POINT('',(0.0254176805880727,0.0171269220241754,-0.0035));
#4293=CARTESIAN_POINT('',(0.0254176805880727,0.0171269220241754,-0.0035));
#4294=CARTESIAN_POINT('',(0.0254176805880727,0.0171269220241754,-0.0005));
#4295=CARTESIAN_POINT('',(0.0254176805880727,0.0171269220241754,-0.0005));
#4296=CARTESIAN_POINT('',(0.0254176805880727,0.0171269220241754,-0.0035));
#4297=CARTESIAN_POINT('',(0.0254176805880727,0.0256473663041326,-0.0035));
#4298=CARTESIAN_POINT('',(0.0254176805880727,0.0154873663041326,-0.0035));
#4299=CARTESIAN_POINT('',(0.0254176805880727,0.0154873663041326,-0.0035));
#4300=CARTESIAN_POINT('',(0.0254176805880727,0.0154873663041326,-0.0005));
#4301=CARTESIAN_POINT('',(0.0254176805880727,0.0154873663041326,-0.0005));
#4302=CARTESIAN_POINT('',(0.0254176805880727,0.0154873663041326,-0.0035));
#4303=CARTESIAN_POINT('',(0.0248976805880727,0.015187144164154,-0.0035));
#4304=CARTESIAN_POINT('',(0.0248976805880727,0.015187144164154,-0.0035));
#4305=CARTESIAN_POINT('',(0.0248976805880727,0.015187144164154,-0.0035));
#4306=CARTESIAN_POINT('',(0.0248976805880727,0.015187144164154,-0.0005));
#4307=CARTESIAN_POINT('',(0.0248976805880727,0.015187144164154,-0.0005));
#4308=CARTESIAN_POINT('',(0.0248976805880727,0.015187144164154,-0.0035));
#4309=CARTESIAN_POINT('',(0.0248976805880727,0.025197144164154,-0.0035));
#4310=CARTESIAN_POINT('',(0.0248976805880727,0.014887144164154,-0.0005));
#4311=CARTESIAN_POINT('',(0.0248976805880727,0.014887144164154,-0.0005));
#4312=CARTESIAN_POINT('',(0.0248976805880727,0.014887144164154,-0.0035));
#4313=CARTESIAN_POINT('',(0.0248976805880727,0.014887144164154,-0.0035));
#4314=CARTESIAN_POINT('',(0.0248976805880727,0.014887144164154,-0.0035));
#4315=CARTESIAN_POINT('',(0.0254176805880727,0.0145869220241754,-0.0035));
#4316=CARTESIAN_POINT('',(0.0254176805880727,0.0145869220241754,-0.0035));
#4317=CARTESIAN_POINT('',(0.0254176805880727,0.0145869220241754,-0.0035));
#4318=CARTESIAN_POINT('',(0.0254176805880727,0.0145869220241754,-0.0005));
#4319=CARTESIAN_POINT('',(0.0254176805880727,0.0145869220241754,-0.0005));
#4320=CARTESIAN_POINT('',(0.0254176805880727,0.0145869220241754,-0.0035));
#4321=CARTESIAN_POINT('',(0.0254176805880727,0.0256473663041326,-0.0035));
#4322=CARTESIAN_POINT('',(0.0254176805880727,0.0129473663041326,-0.0035));
#4323=CARTESIAN_POINT('',(0.0254176805880727,0.0129473663041326,-0.0035));
#4324=CARTESIAN_POINT('',(0.0254176805880727,0.0129473663041326,-0.0005));
#4325=CARTESIAN_POINT('',(0.0254176805880727,0.0129473663041326,-0.0005));
#4326=CARTESIAN_POINT('',(0.0254176805880727,0.0129473663041326,-0.0035));
#4327=CARTESIAN_POINT('',(0.0248976805880727,0.012647144164154,-0.0035));
#4328=CARTESIAN_POINT('',(0.0248976805880727,0.012647144164154,-0.0035));
#4329=CARTESIAN_POINT('',(0.0248976805880727,0.012647144164154,-0.0035));
#4330=CARTESIAN_POINT('',(0.0248976805880727,0.012647144164154,-0.0005));
#4331=CARTESIAN_POINT('',(0.0248976805880727,0.012647144164154,-0.0005));
#4332=CARTESIAN_POINT('',(0.0248976805880727,0.012647144164154,-0.0035));
#4333=CARTESIAN_POINT('',(0.0248976805880727,0.025197144164154,-0.0035));
#4334=CARTESIAN_POINT('',(0.0248976805880727,0.012347144164154,-0.0005));
#4335=CARTESIAN_POINT('',(0.0248976805880727,0.012347144164154,-0.0005));
#4336=CARTESIAN_POINT('',(0.0248976805880727,0.012347144164154,-0.0035));
#4337=CARTESIAN_POINT('',(0.0248976805880727,0.012347144164154,-0.0035));
#4338=CARTESIAN_POINT('',(0.0248976805880727,0.012347144164154,-0.0035));
#4339=CARTESIAN_POINT('',(0.0254176805880727,0.0120469220241754,-0.0035));
#4340=CARTESIAN_POINT('',(0.0254176805880727,0.0120469220241754,-0.0035));
#4341=CARTESIAN_POINT('',(0.0254176805880727,0.0120469220241754,-0.0035));
#4342=CARTESIAN_POINT('',(0.0254176805880727,0.0120469220241754,-0.0005));
#4343=CARTESIAN_POINT('',(0.0254176805880727,0.0120469220241754,-0.0005));
#4344=CARTESIAN_POINT('',(0.0254176805880727,0.0120469220241754,-0.0035));
#4345=CARTESIAN_POINT('',(0.0254176805880727,0.0256473663041326,-0.0035));
#4346=CARTESIAN_POINT('',(0.0254176805880727,0.0104073663041326,-0.0035));
#4347=CARTESIAN_POINT('',(0.0254176805880727,0.0104073663041326,-0.0035));
#4348=CARTESIAN_POINT('',(0.0254176805880727,0.0104073663041326,-0.0005));
#4349=CARTESIAN_POINT('',(0.0254176805880727,0.0104073663041326,-0.0005));
#4350=CARTESIAN_POINT('',(0.0254176805880727,0.0104073663041326,-0.0035));
#4351=CARTESIAN_POINT('',(0.0248976805880727,0.010107144164154,-0.0035));
#4352=CARTESIAN_POINT('',(0.0248976805880727,0.010107144164154,-0.0035));
#4353=CARTESIAN_POINT('',(0.0248976805880727,0.010107144164154,-0.0035));
#4354=CARTESIAN_POINT('',(0.0248976805880727,0.010107144164154,-0.0005));
#4355=CARTESIAN_POINT('',(0.0248976805880727,0.010107144164154,-0.0005));
#4356=CARTESIAN_POINT('',(0.0248976805880727,0.010107144164154,-0.0035));
#4357=CARTESIAN_POINT('',(0.0248976805880727,0.025197144164154,-0.0035));
#4358=CARTESIAN_POINT('',(0.0248976805880727,0.009807144164154,-0.0035));
#4359=CARTESIAN_POINT('',(0.0248976805880727,0.009807144164154,-0.0035));
#4360=CARTESIAN_POINT('',(0.0248976805880727,0.009807144164154,-0.0005));
#4361=CARTESIAN_POINT('',(0.0248976805880727,0.009807144164154,-0.0005));
#4362=CARTESIAN_POINT('',(0.0248976805880727,0.009807144164154,-0.0035));
#4363=CARTESIAN_POINT('',(0.0254176805880727,0.0095069220241754,-0.0035));
#4364=CARTESIAN_POINT('',(0.0254176805880727,0.0095069220241754,-0.0035));
#4365=CARTESIAN_POINT('',(0.0254176805880727,0.0095069220241754,-0.0035));
#4366=CARTESIAN_POINT('',(0.0254176805880727,0.0095069220241754,-0.000499999999999994));
#4367=CARTESIAN_POINT('',(0.0254176805880727,0.0095069220241754,-0.000499999999999994));
#4368=CARTESIAN_POINT('',(0.0254176805880727,0.0095069220241754,-0.0035));
#4369=CARTESIAN_POINT('',(0.0254176805880727,0.0256473663041326,-0.0035));
#4370=CARTESIAN_POINT('',(0.0254176805880727,0.0078673663041326,-0.0035));
#4371=CARTESIAN_POINT('',(0.0254176805880727,0.0078673663041326,-0.0035));
#4372=CARTESIAN_POINT('',(0.0254176805880727,0.0078673663041326,-0.000499999999999994));
#4373=CARTESIAN_POINT('',(0.0254176805880727,0.0078673663041326,-0.000499999999999994));
#4374=CARTESIAN_POINT('',(0.0254176805880727,0.0078673663041326,-0.0035));
#4375=CARTESIAN_POINT('',(0.0248976805880727,0.007567144164154,-0.0035));
#4376=CARTESIAN_POINT('',(0.0248976805880727,0.007567144164154,-0.0035));
#4377=CARTESIAN_POINT('',(0.0248976805880727,0.007567144164154,-0.0035));
#4378=CARTESIAN_POINT('',(0.0248976805880727,0.007567144164154,-0.000499999999999994));
#4379=CARTESIAN_POINT('',(0.0248976805880727,0.007567144164154,-0.000499999999999994));
#4380=CARTESIAN_POINT('',(0.0248976805880727,0.007567144164154,-0.0035));
#4381=CARTESIAN_POINT('',(0.0248976805880727,0.025197144164154,-0.0035));
#4382=CARTESIAN_POINT('',(0.0248976805880727,0.007417144164154,-0.0035));
#4383=CARTESIAN_POINT('',(0.0248976805880727,0.007417144164154,-0.0035));
#4384=CARTESIAN_POINT('',(0.0248976805880727,0.007417144164154,-0.000499999999999994));
#4385=CARTESIAN_POINT('',(0.0248976805880727,0.007417144164154,-0.000499999999999994));
#4386=CARTESIAN_POINT('',(0.0248976805880727,0.007417144164154,-0.0035));
#4387=CARTESIAN_POINT('',(0.0233976805880727,0.007417144164154,-0.0035));
#4388=CARTESIAN_POINT('',(0.0233976805880727,0.007417144164154,-0.0035));
#4389=CARTESIAN_POINT('',(0.0233976805880727,0.007417144164154,-0.0035));
#4390=CARTESIAN_POINT('',(0.0233976805880727,0.007417144164154,-0.000499999999999994));
#4391=CARTESIAN_POINT('',(0.0233976805880727,0.007417144164154,-0.000499999999999994));
#4392=CARTESIAN_POINT('',(0.0233976805880727,0.007417144164154,-0.0035));
#4393=CARTESIAN_POINT('',(0.0233976805880727,0.025347144164154,-0.0035));
#4394=CARTESIAN_POINT('',(0.0233976805880727,0.007567144164154,-0.0035));
#4395=CARTESIAN_POINT('',(0.0233976805880727,0.007567144164154,-0.0035));
#4396=CARTESIAN_POINT('',(0.0233976805880727,0.007567144164154,-0.000499999999999994));
#4397=CARTESIAN_POINT('',(0.0233976805880727,0.007567144164154,-0.000499999999999994));
#4398=CARTESIAN_POINT('',(0.0233976805880727,0.007567144164154,-0.0035));
#4399=CARTESIAN_POINT('',(0.0228776805880727,0.0078673663041326,-0.0035));
#4400=CARTESIAN_POINT('',(0.0228776805880727,0.0078673663041326,-0.0035));
#4401=CARTESIAN_POINT('',(0.0228776805880727,0.0078673663041326,-0.0035));
#4402=CARTESIAN_POINT('',(0.0228776805880727,0.0078673663041326,-0.000499999999999994));
#4403=CARTESIAN_POINT('',(0.0228776805880727,0.0078673663041326,-0.000499999999999994));
#4404=CARTESIAN_POINT('',(0.0228776805880727,0.0078673663041326,-0.0035));
#4405=CARTESIAN_POINT('',(0.0228776805880727,0.0272869220241754,-0.0035));
#4406=CARTESIAN_POINT('',(0.0228776805880727,0.0095069220241754,-0.0035));
#4407=CARTESIAN_POINT('',(0.0228776805880727,0.0095069220241754,-0.0035));
#4408=CARTESIAN_POINT('',(0.0228776805880727,0.0095069220241754,-0.000499999999999994));
#4409=CARTESIAN_POINT('',(0.0228776805880727,0.0095069220241754,-0.000499999999999994));
#4410=CARTESIAN_POINT('',(0.0228776805880727,0.0095069220241754,-0.0035));
#4411=CARTESIAN_POINT('',(0.0233976805880727,0.009807144164154,-0.0035));
#4412=CARTESIAN_POINT('',(0.0233976805880727,0.009807144164154,-0.0035));
#4413=CARTESIAN_POINT('',(0.0233976805880727,0.009807144164154,-0.0035));
#4414=CARTESIAN_POINT('',(0.0233976805880727,0.009807144164154,-0.0005));
#4415=CARTESIAN_POINT('',(0.0233976805880727,0.009807144164154,-0.0005));
#4416=CARTESIAN_POINT('',(0.0233976805880727,0.009807144164154,-0.0035));
#4417=CARTESIAN_POINT('',(0.0233976805880727,0.025347144164154,-0.0035));
#4418=CARTESIAN_POINT('',(0.0233976805880727,0.010107144164154,-0.0005));
#4419=CARTESIAN_POINT('',(0.0233976805880727,0.010107144164154,-0.0005));
#4420=CARTESIAN_POINT('',(0.0233976805880727,0.010107144164154,-0.0035));
#4421=CARTESIAN_POINT('',(0.0233976805880727,0.010107144164154,-0.0035));
#4422=CARTESIAN_POINT('',(0.0233976805880727,0.010107144164154,-0.0035));
#4423=CARTESIAN_POINT('',(0.0228776805880727,0.0104073663041326,-0.0035));
#4424=CARTESIAN_POINT('',(0.0228776805880727,0.0104073663041326,-0.0035));
#4425=CARTESIAN_POINT('',(0.0228776805880727,0.0104073663041326,-0.0035));
#4426=CARTESIAN_POINT('',(0.0228776805880727,0.0104073663041326,-0.0005));
#4427=CARTESIAN_POINT('',(0.0228776805880727,0.0104073663041326,-0.0005));
#4428=CARTESIAN_POINT('',(0.0228776805880727,0.0104073663041326,-0.0035));
#4429=CARTESIAN_POINT('',(0.0228776805880727,0.0272869220241754,-0.0035));
#4430=CARTESIAN_POINT('',(0.0228776805880727,0.0120469220241754,-0.0035));
#4431=CARTESIAN_POINT('',(0.0228776805880727,0.0120469220241754,-0.0035));
#4432=CARTESIAN_POINT('',(0.0228776805880727,0.0120469220241754,-0.0005));
#4433=CARTESIAN_POINT('',(0.0228776805880727,0.0120469220241754,-0.0005));
#4434=CARTESIAN_POINT('',(0.0228776805880727,0.0120469220241754,-0.0035));
#4435=CARTESIAN_POINT('',(0.0233976805880727,0.012347144164154,-0.0035));
#4436=CARTESIAN_POINT('',(0.0233976805880727,0.012347144164154,-0.0035));
#4437=CARTESIAN_POINT('',(0.0233976805880727,0.012347144164154,-0.0035));
#4438=CARTESIAN_POINT('',(0.0233976805880727,0.012347144164154,-0.0005));
#4439=CARTESIAN_POINT('',(0.0233976805880727,0.012347144164154,-0.0005));
#4440=CARTESIAN_POINT('',(0.0233976805880727,0.012347144164154,-0.0035));
#4441=CARTESIAN_POINT('',(0.0233976805880727,0.025347144164154,-0.0035));
#4442=CARTESIAN_POINT('',(0.0233976805880727,0.012647144164154,-0.0035));
#4443=CARTESIAN_POINT('',(0.0233976805880727,0.012647144164154,-0.0035));
#4444=CARTESIAN_POINT('',(0.0233976805880727,0.012647144164154,-0.0005));
#4445=CARTESIAN_POINT('',(0.0233976805880727,0.012647144164154,-0.0005));
#4446=CARTESIAN_POINT('',(0.0233976805880727,0.012647144164154,-0.0035));
#4447=CARTESIAN_POINT('',(0.0228776805880727,0.0129473663041326,-0.0035));
#4448=CARTESIAN_POINT('',(0.0228776805880727,0.0129473663041326,-0.0035));
#4449=CARTESIAN_POINT('',(0.0228776805880727,0.0129473663041326,-0.0035));
#4450=CARTESIAN_POINT('',(0.0228776805880727,0.0129473663041326,-0.0005));
#4451=CARTESIAN_POINT('',(0.0228776805880727,0.0129473663041326,-0.0005));
#4452=CARTESIAN_POINT('',(0.0228776805880727,0.0129473663041326,-0.0035));
#4453=CARTESIAN_POINT('',(0.0228776805880727,0.0272869220241754,-0.0035));
#4454=CARTESIAN_POINT('',(0.0228776805880727,0.0145869220241754,-0.0035));
#4455=CARTESIAN_POINT('',(0.0228776805880727,0.0145869220241754,-0.0035));
#4456=CARTESIAN_POINT('',(0.0228776805880727,0.0145869220241754,-0.0005));
#4457=CARTESIAN_POINT('',(0.0228776805880727,0.0145869220241754,-0.0005));
#4458=CARTESIAN_POINT('',(0.0228776805880727,0.0145869220241754,-0.0035));
#4459=CARTESIAN_POINT('',(0.0233976805880727,0.014887144164154,-0.0035));
#4460=CARTESIAN_POINT('',(0.0233976805880727,0.014887144164154,-0.0035));
#4461=CARTESIAN_POINT('',(0.0233976805880727,0.014887144164154,-0.0035));
#4462=CARTESIAN_POINT('',(0.0233976805880727,0.014887144164154,-0.0005));
#4463=CARTESIAN_POINT('',(0.0233976805880727,0.014887144164154,-0.0005));
#4464=CARTESIAN_POINT('',(0.0233976805880727,0.014887144164154,-0.0035));
#4465=CARTESIAN_POINT('',(0.0233976805880727,0.025347144164154,-0.0035));
#4466=CARTESIAN_POINT('',(0.0233976805880727,0.015187144164154,-0.0035));
#4467=CARTESIAN_POINT('',(0.0233976805880727,0.015187144164154,-0.0035));
#4468=CARTESIAN_POINT('',(0.0233976805880727,0.015187144164154,-0.0005));
#4469=CARTESIAN_POINT('',(0.0233976805880727,0.015187144164154,-0.0005));
#4470=CARTESIAN_POINT('',(0.0233976805880727,0.015187144164154,-0.0035));
#4471=CARTESIAN_POINT('',(0.0228776805880727,0.0154873663041326,-0.0035));
#4472=CARTESIAN_POINT('',(0.0228776805880727,0.0154873663041326,-0.0035));
#4473=CARTESIAN_POINT('',(0.0228776805880727,0.0154873663041326,-0.0035));
#4474=CARTESIAN_POINT('',(0.0228776805880727,0.0154873663041326,-0.0005));
#4475=CARTESIAN_POINT('',(0.0228776805880727,0.0154873663041326,-0.0005));
#4476=CARTESIAN_POINT('',(0.0228776805880727,0.0154873663041326,-0.0035));
#4477=CARTESIAN_POINT('',(0.0228776805880727,0.0272869220241754,-0.0035));
#4478=CARTESIAN_POINT('',(0.0228776805880727,0.0171269220241754,-0.0035));
#4479=CARTESIAN_POINT('',(0.0228776805880727,0.0171269220241754,-0.0035));
#4480=CARTESIAN_POINT('',(0.0228776805880727,0.0171269220241754,-0.0005));
#4481=CARTESIAN_POINT('',(0.0228776805880727,0.0171269220241754,-0.0005));
#4482=CARTESIAN_POINT('',(0.0228776805880727,0.0171269220241754,-0.0035));
#4483=CARTESIAN_POINT('',(0.0233976805880727,0.017427144164154,-0.0035));
#4484=CARTESIAN_POINT('',(0.0233976805880727,0.017427144164154,-0.0035));
#4485=CARTESIAN_POINT('',(0.0233976805880727,0.017427144164154,-0.0035));
#4486=CARTESIAN_POINT('',(0.0233976805880727,0.017427144164154,-0.0005));
#4487=CARTESIAN_POINT('',(0.0233976805880727,0.017427144164154,-0.0005));
#4488=CARTESIAN_POINT('',(0.0233976805880727,0.017427144164154,-0.0035));
#4489=CARTESIAN_POINT('',(0.0233976805880727,0.025347144164154,-0.0035));
#4490=CARTESIAN_POINT('',(0.0233976805880727,0.017727144164154,-0.0035));
#4491=CARTESIAN_POINT('',(0.0233976805880727,0.017727144164154,-0.0035));
#4492=CARTESIAN_POINT('',(0.0233976805880727,0.017727144164154,-0.0005));
#4493=CARTESIAN_POINT('',(0.0233976805880727,0.017727144164154,-0.0005));
#4494=CARTESIAN_POINT('',(0.0233976805880727,0.017727144164154,-0.0035));
#4495=CARTESIAN_POINT('',(0.0228776805880727,0.0180273663041326,-0.0035));
#4496=CARTESIAN_POINT('',(0.0228776805880727,0.0180273663041326,-0.0035));
#4497=CARTESIAN_POINT('',(0.0228776805880727,0.0180273663041326,-0.0035));
#4498=CARTESIAN_POINT('',(0.0228776805880727,0.0180273663041326,-0.0005));
#4499=CARTESIAN_POINT('',(0.0228776805880727,0.0180273663041326,-0.0005));
#4500=CARTESIAN_POINT('',(0.0228776805880727,0.0180273663041326,-0.0035));
#4501=CARTESIAN_POINT('',(0.0228776805880727,0.0272869220241754,-0.0035));
#4502=CARTESIAN_POINT('',(0.0228776805880727,0.0196669220241754,-0.0035));
#4503=CARTESIAN_POINT('',(0.0228776805880727,0.0196669220241754,-0.0035));
#4504=CARTESIAN_POINT('',(0.0228776805880727,0.0196669220241754,-0.0005));
#4505=CARTESIAN_POINT('',(0.0228776805880727,0.0196669220241754,-0.0005));
#4506=CARTESIAN_POINT('',(0.0228776805880727,0.0196669220241754,-0.0035));
#4507=CARTESIAN_POINT('',(0.0233976805880727,0.019967144164154,-0.0035));
#4508=CARTESIAN_POINT('',(0.0233976805880727,0.019967144164154,-0.0035));
#4509=CARTESIAN_POINT('',(0.0233976805880727,0.019967144164154,-0.0035));
#4510=CARTESIAN_POINT('',(0.0233976805880727,0.019967144164154,-0.0005));
#4511=CARTESIAN_POINT('',(0.0233976805880727,0.019967144164154,-0.0005));
#4512=CARTESIAN_POINT('',(0.0233976805880727,0.019967144164154,-0.0035));
#4513=CARTESIAN_POINT('',(0.0233976805880727,0.025347144164154,-0.0035));
#4514=CARTESIAN_POINT('',(0.0233976805880727,0.020267144164154,-0.0035));
#4515=CARTESIAN_POINT('',(0.0233976805880727,0.020267144164154,-0.0035));
#4516=CARTESIAN_POINT('',(0.0233976805880727,0.020267144164154,-0.0005));
#4517=CARTESIAN_POINT('',(0.0233976805880727,0.020267144164154,-0.0005));
#4518=CARTESIAN_POINT('',(0.0233976805880727,0.020267144164154,-0.0035));
#4519=CARTESIAN_POINT('',(0.0228776805880727,0.0205673663041326,-0.0035));
#4520=CARTESIAN_POINT('',(0.0228776805880727,0.0205673663041326,-0.0035));
#4521=CARTESIAN_POINT('',(0.0228776805880727,0.0205673663041326,-0.0035));
#4522=CARTESIAN_POINT('',(0.0228776805880727,0.0205673663041326,-0.0005));
#4523=CARTESIAN_POINT('',(0.0228776805880727,0.0205673663041326,-0.0005));
#4524=CARTESIAN_POINT('',(0.0228776805880727,0.0205673663041326,-0.0035));
#4525=CARTESIAN_POINT('',(0.0228776805880727,0.0272869220241754,-0.0035));
#4526=CARTESIAN_POINT('',(0.0228776805880727,0.0222069220241754,-0.0035));
#4527=CARTESIAN_POINT('',(0.0228776805880727,0.0222069220241754,-0.0035));
#4528=CARTESIAN_POINT('',(0.0228776805880727,0.0222069220241754,-0.0005));
#4529=CARTESIAN_POINT('',(0.0228776805880727,0.0222069220241754,-0.0005));
#4530=CARTESIAN_POINT('',(0.0228776805880727,0.0222069220241754,-0.0035));
#4531=CARTESIAN_POINT('',(0.0233976805880727,0.022507144164154,-0.0035));
#4532=CARTESIAN_POINT('',(0.0233976805880727,0.022507144164154,-0.0035));
#4533=CARTESIAN_POINT('',(0.0233976805880727,0.022507144164154,-0.0035));
#4534=CARTESIAN_POINT('',(0.0233976805880727,0.022507144164154,-0.0005));
#4535=CARTESIAN_POINT('',(0.0233976805880727,0.022507144164154,-0.0005));
#4536=CARTESIAN_POINT('',(0.0233976805880727,0.022507144164154,-0.0035));
#4537=CARTESIAN_POINT('',(0.0233976805880727,0.025347144164154,-0.0035));
#4538=CARTESIAN_POINT('',(0.0233976805880727,0.022807144164154,-0.0035));
#4539=CARTESIAN_POINT('',(0.0233976805880727,0.022807144164154,-0.0035));
#4540=CARTESIAN_POINT('',(0.0233976805880727,0.022807144164154,-0.0005));
#4541=CARTESIAN_POINT('',(0.0233976805880727,0.022807144164154,-0.0005));
#4542=CARTESIAN_POINT('',(0.0233976805880727,0.022807144164154,-0.0035));
#4543=CARTESIAN_POINT('',(0.0228776805880727,0.0231073663041326,-0.0035));
#4544=CARTESIAN_POINT('',(0.0228776805880727,0.0231073663041326,-0.0035));
#4545=CARTESIAN_POINT('',(0.0228776805880727,0.0231073663041326,-0.0035));
#4546=CARTESIAN_POINT('',(0.0228776805880727,0.0231073663041326,-0.0005));
#4547=CARTESIAN_POINT('',(0.0228776805880727,0.0231073663041326,-0.0005));
#4548=CARTESIAN_POINT('',(0.0228776805880727,0.0231073663041326,-0.0035));
#4549=CARTESIAN_POINT('',(0.0228776805880727,0.0272869220241754,-0.0035));
#4550=CARTESIAN_POINT('',(0.0228776805880727,0.0247469220241754,-0.0035));
#4551=CARTESIAN_POINT('',(0.0228776805880727,0.0247469220241754,-0.0035));
#4552=CARTESIAN_POINT('',(0.0228776805880727,0.0247469220241754,-0.0005));
#4553=CARTESIAN_POINT('',(0.0228776805880727,0.0247469220241754,-0.0005));
#4554=CARTESIAN_POINT('',(0.0228776805880727,0.0247469220241754,-0.0035));
#4555=CARTESIAN_POINT('',(0.0233976805880727,0.025047144164154,-0.0035));
#4556=CARTESIAN_POINT('',(0.0233976805880727,0.025047144164154,-0.0035));
#4557=CARTESIAN_POINT('',(0.0233976805880727,0.025047144164154,-0.0035));
#4558=CARTESIAN_POINT('',(0.0233976805880727,0.025047144164154,-0.0005));
#4559=CARTESIAN_POINT('',(0.0233976805880727,0.025047144164154,-0.0005));
#4560=CARTESIAN_POINT('',(0.0233976805880727,0.025047144164154,-0.0035));
#4561=CARTESIAN_POINT('',(0.0233976805880727,0.025347144164154,-0.0035));
#4562=CARTESIAN_POINT('',(0.0233976805880727,0.025347144164154,-0.0035));
#4563=CARTESIAN_POINT('',(0.0233976805880727,0.025347144164154,-0.0035));
#4564=CARTESIAN_POINT('',(0.0233976805880727,0.025347144164154,-0.0005));
#4565=CARTESIAN_POINT('',(0.0233976805880727,0.025347144164154,-0.0005));
#4566=CARTESIAN_POINT('',(0.0233976805880727,0.025347144164154,-0.0035));
#4567=CARTESIAN_POINT('',(0.0228776805880727,0.0256473663041326,-0.0035));
#4568=CARTESIAN_POINT('',(0.0228776805880727,0.0256473663041326,-0.0035));
#4569=CARTESIAN_POINT('',(0.0228776805880727,0.0256473663041326,-0.0035));
#4570=CARTESIAN_POINT('',(0.0228776805880727,0.0256473663041326,-0.0005));
#4571=CARTESIAN_POINT('',(0.0228776805880727,0.0256473663041326,-0.0005));
#4572=CARTESIAN_POINT('',(0.0228776805880727,0.0256473663041326,-0.0035));
#4573=CARTESIAN_POINT('',(0.0228776805880727,0.0272869220241754,-0.0035));
#4574=CARTESIAN_POINT('',(0.0228776805880727,0.0272869220241754,-0.0035));
#4575=CARTESIAN_POINT('',(0.0228776805880727,0.0272869220241754,-0.0035));
#4576=CARTESIAN_POINT('',(0.0228776805880727,0.0272869220241754,-0.0005));
#4577=CARTESIAN_POINT('',(0.0228776805880727,0.0272869220241754,-0.0005));
#4578=CARTESIAN_POINT('',(0.0228776805880727,0.0272869220241754,-0.0035));
#4579=CARTESIAN_POINT('',(0.0233976805880727,0.027587144164154,-0.0035));
#4580=CARTESIAN_POINT('',(0.0233976805880727,0.027587144164154,-0.0035));
#4581=CARTESIAN_POINT('',(0.0233976805880727,0.027587144164154,-0.0035));
#4582=CARTESIAN_POINT('',(0.0233976805880727,0.027587144164154,-0.0005));
#4583=CARTESIAN_POINT('',(0.0233976805880727,0.027587144164154,-0.0005));
#4584=CARTESIAN_POINT('',(0.0233976805880727,0.027587144164154,-0.0035));
#4585=CARTESIAN_POINT('',(0.0233976805880727,0.025347144164154,-0.0035));
#4586=CARTESIAN_POINT('',(0.0233976805880727,0.027737144164154,-0.0035));
#4587=CARTESIAN_POINT('',(0.0233976805880727,0.027737144164154,-0.0005));
#4588=CARTESIAN_POINT('',(0.0241476805880727,0.026467144164154,-0.0035));
#4589=CARTESIAN_POINT('',(0.0241476805880727,0.011227144164154,-0.0035));
#4590=CARTESIAN_POINT('',(0.0241476805880727,0.010567144164154,-0.0035));
#4591=CARTESIAN_POINT('',(0.0241476805880727,0.008687144164154,-0.0035));
#4592=CARTESIAN_POINT('',(0.0241476805880727,0.008027144164154,-0.0035));
#4593=CARTESIAN_POINT('',(0.0241476805880727,0.013767144164154,-0.0035));
#4594=CARTESIAN_POINT('',(0.0241476805880727,0.013107144164154,-0.0035));
#4595=CARTESIAN_POINT('',(0.0241476805880727,0.016307144164154,-0.0035));
#4596=CARTESIAN_POINT('',(0.0241476805880727,0.015647144164154,-0.0035));
#4597=CARTESIAN_POINT('',(0.0241476805880727,0.018847144164154,-0.0035));
#4598=CARTESIAN_POINT('',(0.0241476805880727,0.018187144164154,-0.0035));
#4599=CARTESIAN_POINT('',(0.0241476805880727,0.021387144164154,-0.0035));
#4600=CARTESIAN_POINT('',(0.0241476805880727,0.020727144164154,-0.0035));
#4601=CARTESIAN_POINT('',(0.0241476805880727,0.023927144164154,-0.0035));
#4602=CARTESIAN_POINT('',(0.0241476805880727,0.023267144164154,-0.0035));
#4603=CARTESIAN_POINT('',(0.0241476805880727,0.023927144164154,-0.001));
#4604=CARTESIAN_POINT('',(0.0241476805880727,0.023927144164154,-0.0005));
#4605=CARTESIAN_POINT('',(0.0241476805880727,0.023027144164154,-0.0005));
#4606=CARTESIAN_POINT('',(0.0241476805880727,0.023927144164154,-0.001));
#4607=CARTESIAN_POINT('',(0.0241476805880727,0.023027144164154,-0.001));
#4608=CARTESIAN_POINT('',(0.0241476805880727,0.026467144164154,-0.001));
#4609=CARTESIAN_POINT('',(0.0241476805880727,0.023927144164154,-0.001));
#4610=CARTESIAN_POINT('',(0.0241476805880727,0.023267144164154,-0.001));
#4611=CARTESIAN_POINT('',(0.0241476805880727,0.021387144164154,-0.001));
#4612=CARTESIAN_POINT('',(0.0241476805880727,0.021387144164154,-0.0005));
#4613=CARTESIAN_POINT('',(0.0241476805880727,0.020487144164154,-0.0005));
#4614=CARTESIAN_POINT('',(0.0241476805880727,0.021387144164154,-0.001));
#4615=CARTESIAN_POINT('',(0.0241476805880727,0.020487144164154,-0.001));
#4616=CARTESIAN_POINT('',(0.0241476805880727,0.026467144164154,-0.001));
#4617=CARTESIAN_POINT('',(0.0241476805880727,0.021387144164154,-0.001));
#4618=CARTESIAN_POINT('',(0.0241476805880727,0.020727144164154,-0.001));
#4619=CARTESIAN_POINT('',(0.0241476805880727,0.018847144164154,-0.001));
#4620=CARTESIAN_POINT('',(0.0241476805880727,0.018847144164154,-0.0005));
#4621=CARTESIAN_POINT('',(0.0241476805880727,0.017947144164154,-0.0005));
#4622=CARTESIAN_POINT('',(0.0241476805880727,0.018847144164154,-0.001));
#4623=CARTESIAN_POINT('',(0.0241476805880727,0.017947144164154,-0.001));
#4624=CARTESIAN_POINT('',(0.0241476805880727,0.026467144164154,-0.001));
#4625=CARTESIAN_POINT('',(0.0241476805880727,0.018847144164154,-0.001));
#4626=CARTESIAN_POINT('',(0.0241476805880727,0.018187144164154,-0.001));
#4627=CARTESIAN_POINT('',(0.0241476805880727,0.016307144164154,-0.001));
#4628=CARTESIAN_POINT('',(0.0241476805880727,0.016307144164154,-0.0005));
#4629=CARTESIAN_POINT('',(0.0241476805880727,0.015407144164154,-0.0005));
#4630=CARTESIAN_POINT('',(0.0241476805880727,0.016307144164154,-0.001));
#4631=CARTESIAN_POINT('',(0.0241476805880727,0.015407144164154,-0.001));
#4632=CARTESIAN_POINT('',(0.0241476805880727,0.026467144164154,-0.001));
#4633=CARTESIAN_POINT('',(0.0241476805880727,0.016307144164154,-0.001));
#4634=CARTESIAN_POINT('',(0.0241476805880727,0.015647144164154,-0.001));
#4635=CARTESIAN_POINT('',(0.0241476805880727,0.013767144164154,-0.001));
#4636=CARTESIAN_POINT('',(0.0241476805880727,0.013767144164154,-0.0005));
#4637=CARTESIAN_POINT('',(0.0241476805880727,0.012867144164154,-0.0005));
#4638=CARTESIAN_POINT('',(0.0241476805880727,0.013767144164154,-0.001));
#4639=CARTESIAN_POINT('',(0.0241476805880727,0.012867144164154,-0.001));
#4640=CARTESIAN_POINT('',(0.0241476805880727,0.026467144164154,-0.001));
#4641=CARTESIAN_POINT('',(0.0241476805880727,0.013767144164154,-0.001));
#4642=CARTESIAN_POINT('',(0.0241476805880727,0.013107144164154,-0.001));
#4643=CARTESIAN_POINT('',(0.0241476805880727,0.011227144164154,-0.001));
#4644=CARTESIAN_POINT('',(0.0241476805880727,0.011227144164154,-0.0005));
#4645=CARTESIAN_POINT('',(0.0241476805880727,0.010327144164154,-0.0005));
#4646=CARTESIAN_POINT('',(0.0241476805880727,0.011227144164154,-0.001));
#4647=CARTESIAN_POINT('',(0.0241476805880727,0.010327144164154,-0.001));
#4648=CARTESIAN_POINT('',(0.0241476805880727,0.026467144164154,-0.001));
#4649=CARTESIAN_POINT('',(0.0241476805880727,0.011227144164154,-0.001));
#4650=CARTESIAN_POINT('',(0.0241476805880727,0.010567144164154,-0.001));
#4651=CARTESIAN_POINT('',(0.0241476805880727,0.008687144164154,-0.001));
#4652=CARTESIAN_POINT('',(0.0241476805880727,0.008687144164154,-0.000499999999999994));
#4653=CARTESIAN_POINT('',(0.0241476805880727,0.007787144164154,-0.000499999999999994));
#4654=CARTESIAN_POINT('',(0.0241476805880727,0.008687144164154,-0.001));
#4655=CARTESIAN_POINT('',(0.0241476805880727,0.007787144164154,-0.001));
#4656=CARTESIAN_POINT('',(0.0241476805880727,0.026467144164154,-0.001));
#4657=CARTESIAN_POINT('',(0.0241476805880727,0.008687144164154,-0.001));
#4658=CARTESIAN_POINT('',(0.0241476805880727,0.008027144164154,-0.001));
#4659=CARTESIAN_POINT('',(0.0241476805880727,0.026467144164154,-0.0005));
#4660=CARTESIAN_POINT('',(0.0241476805880727,0.023927144164154,-0.0035));
#4661=CARTESIAN_POINT('',(0.0241476805880727,0.021387144164154,-0.0035));
#4662=CARTESIAN_POINT('',(0.0241476805880727,0.018847144164154,-0.0035));
#4663=CARTESIAN_POINT('',(0.0241476805880727,0.016307144164154,-0.0035));
#4664=CARTESIAN_POINT('',(0.0241476805880727,0.013767144164154,-0.0035));
#4665=CARTESIAN_POINT('',(0.0241476805880727,0.008687144164154,-0.0035));
#4666=CARTESIAN_POINT('',(0.0241476805880727,0.011227144164154,-0.0035));
#4667=CARTESIAN_POINT('',(0.,0.,0.));
#4668=CARTESIAN_POINT('',(0.0241476805880727,0.026467144164154,-0.00846));
#4669=CARTESIAN_POINT('',(0.0241476805880727,0.026467144164154,-0.00846));
#4670=CARTESIAN_POINT('',(0.0241476805880727,0.026697144164154,-0.00846));
#4671=CARTESIAN_POINT('',(0.0241476805880727,0.026467144164154,-0.00846));
#4672=CARTESIAN_POINT('',(0.0241476805880727,0.026467144164154,-0.005));
#4673=CARTESIAN_POINT('',(0.0241476805880727,0.026697144164154,-0.005));
#4674=CARTESIAN_POINT('',(0.0241476805880727,0.026467144164154,-0.004785));
#4675=CARTESIAN_POINT('',(0.0241476805880727,0.026467144164154,-0.00457));
#4676=CARTESIAN_POINT('',(0.0241476805880727,0.027127144164154,-0.00457));
#4677=CARTESIAN_POINT('',(0.0241476805880727,0.026467144164154,-0.00457));
#4678=CARTESIAN_POINT('',(0.0241476805880727,0.026467144164154,-0.001));
#4679=CARTESIAN_POINT('',(0.0241476805880727,0.027127144164154,-0.001));
#4680=CARTESIAN_POINT('',(0.0241476805880727,0.026467144164154,-0.001));
#4681=CARTESIAN_POINT('',(0.0241476805880727,0.026467144164154,-0.001));
#4682=CARTESIAN_POINT('',(0.0241476805880727,0.027367144164154,-0.001));
#4683=CARTESIAN_POINT('',(0.0241476805880727,0.026467144164154,-0.001));
#4684=CARTESIAN_POINT('',(0.0241476805880727,0.026467144164154,0.));
#4685=CARTESIAN_POINT('',(0.0241476805880727,0.027367144164154,-3.54869322610423E-19));
#4686=CARTESIAN_POINT('',(0.0241476805880727,0.026467144164154,0.));
#4687=CARTESIAN_POINT('',(0.0241476805880727,0.026467144164154,0.));
#4688=CARTESIAN_POINT('',(0.0241476805880727,0.026767144164154,-1.18289774203474E-19));
#4689=CARTESIAN_POINT('',(0.0241476805880727,0.026467144164154,0.));
#4690=CARTESIAN_POINT('',(0.0241476805880727,0.026467144164154,0.0027));
#4691=CARTESIAN_POINT('',(0.0241476805880727,0.026767144164154,0.0027));
#4692=CARTESIAN_POINT('',(0.0241476805880727,0.026467144164154,0.0027));
#4693=CARTESIAN_POINT('',(0.,0.,0.));
#4694=CARTESIAN_POINT('',(0.0241476805880727,0.023927144164154,-0.00846));
#4695=CARTESIAN_POINT('',(0.0241476805880727,0.023927144164154,-0.00846));
#4696=CARTESIAN_POINT('',(0.0241476805880727,0.024157144164154,-0.00846));
#4697=CARTESIAN_POINT('',(0.0241476805880727,0.023927144164154,-0.00846));
#4698=CARTESIAN_POINT('',(0.0241476805880727,0.023927144164154,-0.005));
#4699=CARTESIAN_POINT('',(0.0241476805880727,0.024157144164154,-0.005));
#4700=CARTESIAN_POINT('',(0.0241476805880727,0.023927144164154,-0.004785));
#4701=CARTESIAN_POINT('',(0.0241476805880727,0.023927144164154,-0.00457));
#4702=CARTESIAN_POINT('',(0.0241476805880727,0.024587144164154,-0.00457));
#4703=CARTESIAN_POINT('',(0.0241476805880727,0.023927144164154,-0.00457));
#4704=CARTESIAN_POINT('',(0.0241476805880727,0.023927144164154,-0.001));
#4705=CARTESIAN_POINT('',(0.0241476805880727,0.024587144164154,-0.001));
#4706=CARTESIAN_POINT('',(0.0241476805880727,0.023927144164154,-0.001));
#4707=CARTESIAN_POINT('',(0.0241476805880727,0.023927144164154,-0.001));
#4708=CARTESIAN_POINT('',(0.0241476805880727,0.024827144164154,-0.001));
#4709=CARTESIAN_POINT('',(0.0241476805880727,0.023927144164154,-0.001));
#4710=CARTESIAN_POINT('',(0.0241476805880727,0.023927144164154,8.67361737988404E-19));
#4711=CARTESIAN_POINT('',(0.0241476805880727,0.024827144164154,5.12492415377981E-19));
#4712=CARTESIAN_POINT('',(0.0241476805880727,0.023927144164154,8.67361737988404E-19));
#4713=CARTESIAN_POINT('',(0.0241476805880727,0.023927144164154,8.67361737988404E-19));
#4714=CARTESIAN_POINT('',(0.0241476805880727,0.024227144164154,7.4907196378493E-19));
#4715=CARTESIAN_POINT('',(0.0241476805880727,0.023927144164154,8.67361737988404E-19));
#4716=CARTESIAN_POINT('',(0.0241476805880727,0.023927144164154,0.0027));
#4717=CARTESIAN_POINT('',(0.0241476805880727,0.024227144164154,0.0027));
#4718=CARTESIAN_POINT('',(0.0241476805880727,0.023927144164154,0.0027));
#4719=CARTESIAN_POINT('',(0.,0.,0.));
#4720=CARTESIAN_POINT('',(0.0241476805880727,0.021387144164154,-0.00846));
#4721=CARTESIAN_POINT('',(0.0241476805880727,0.021387144164154,-0.00846));
#4722=CARTESIAN_POINT('',(0.0241476805880727,0.021617144164154,-0.00846));
#4723=CARTESIAN_POINT('',(0.0241476805880727,0.021387144164154,-0.00846));
#4724=CARTESIAN_POINT('',(0.0241476805880727,0.021387144164154,-0.005));
#4725=CARTESIAN_POINT('',(0.0241476805880727,0.021617144164154,-0.005));
#4726=CARTESIAN_POINT('',(0.0241476805880727,0.021387144164154,-0.004785));
#4727=CARTESIAN_POINT('',(0.0241476805880727,0.021387144164154,-0.00457));
#4728=CARTESIAN_POINT('',(0.0241476805880727,0.022047144164154,-0.00457));
#4729=CARTESIAN_POINT('',(0.0241476805880727,0.021387144164154,-0.00457));
#4730=CARTESIAN_POINT('',(0.0241476805880727,0.021387144164154,-0.001));
#4731=CARTESIAN_POINT('',(0.0241476805880727,0.022047144164154,-0.001));
#4732=CARTESIAN_POINT('',(0.0241476805880727,0.021387144164154,-0.001));
#4733=CARTESIAN_POINT('',(0.0241476805880727,0.021387144164154,-0.001));
#4734=CARTESIAN_POINT('',(0.0241476805880727,0.022287144164154,-0.001));
#4735=CARTESIAN_POINT('',(0.0241476805880727,0.021387144164154,-0.001));
#4736=CARTESIAN_POINT('',(0.0241476805880727,0.021387144164154,1.7347234759768E-18));
#4737=CARTESIAN_POINT('',(0.0241476805880727,0.022287144164154,1.37985415336638E-18));
#4738=CARTESIAN_POINT('',(0.0241476805880727,0.021387144164154,1.7347234759768E-18));
#4739=CARTESIAN_POINT('',(0.0241476805880727,0.021387144164154,1.7347234759768E-18));
#4740=CARTESIAN_POINT('',(0.0241476805880727,0.021687144164154,1.61643370177333E-18));
#4741=CARTESIAN_POINT('',(0.0241476805880727,0.021387144164154,1.7347234759768E-18));
#4742=CARTESIAN_POINT('',(0.0241476805880727,0.021387144164154,0.0027));
#4743=CARTESIAN_POINT('',(0.0241476805880727,0.021687144164154,0.0027));
#4744=CARTESIAN_POINT('',(0.0241476805880727,0.021387144164154,0.0027));
#4745=CARTESIAN_POINT('',(0.,0.,0.));
#4746=CARTESIAN_POINT('',(0.0241476805880727,0.018847144164154,-0.00846));
#4747=CARTESIAN_POINT('',(0.0241476805880727,0.018847144164154,-0.00846));
#4748=CARTESIAN_POINT('',(0.0241476805880727,0.019077144164154,-0.00846));
#4749=CARTESIAN_POINT('',(0.0241476805880727,0.018847144164154,-0.00846));
#4750=CARTESIAN_POINT('',(0.0241476805880727,0.018847144164154,-0.005));
#4751=CARTESIAN_POINT('',(0.0241476805880727,0.019077144164154,-0.005));
#4752=CARTESIAN_POINT('',(0.0241476805880727,0.018847144164154,-0.004785));
#4753=CARTESIAN_POINT('',(0.0241476805880727,0.018847144164154,-0.00457));
#4754=CARTESIAN_POINT('',(0.0241476805880727,0.019507144164154,-0.00457));
#4755=CARTESIAN_POINT('',(0.0241476805880727,0.018847144164154,-0.00457));
#4756=CARTESIAN_POINT('',(0.0241476805880727,0.018847144164154,-0.001));
#4757=CARTESIAN_POINT('',(0.0241476805880727,0.019507144164154,-0.001));
#4758=CARTESIAN_POINT('',(0.0241476805880727,0.018847144164154,-0.001));
#4759=CARTESIAN_POINT('',(0.0241476805880727,0.018847144164154,-0.001));
#4760=CARTESIAN_POINT('',(0.0241476805880727,0.019747144164154,-0.001));
#4761=CARTESIAN_POINT('',(0.0241476805880727,0.018847144164154,-0.001));
#4762=CARTESIAN_POINT('',(0.0241476805880727,0.018847144164154,2.60208521396521E-18));
#4763=CARTESIAN_POINT('',(0.0241476805880727,0.019747144164154,2.24721589135479E-18));
#4764=CARTESIAN_POINT('',(0.0241476805880727,0.018847144164154,2.60208521396521E-18));
#4765=CARTESIAN_POINT('',(0.0241476805880727,0.018847144164154,2.60208521396521E-18));
#4766=CARTESIAN_POINT('',(0.0241476805880727,0.019147144164154,2.48379543976174E-18));
#4767=CARTESIAN_POINT('',(0.0241476805880727,0.018847144164154,2.60208521396521E-18));
#4768=CARTESIAN_POINT('',(0.0241476805880727,0.018847144164154,0.0027));
#4769=CARTESIAN_POINT('',(0.0241476805880727,0.019147144164154,0.0027));
#4770=CARTESIAN_POINT('',(0.0241476805880727,0.018847144164154,0.0027));
#4771=CARTESIAN_POINT('',(0.,0.,0.));
#4772=CARTESIAN_POINT('',(0.0241476805880727,0.013767144164154,-0.00846));
#4773=CARTESIAN_POINT('',(0.0241476805880727,0.013767144164154,-0.00846));
#4774=CARTESIAN_POINT('',(0.0241476805880727,0.013997144164154,-0.00846));
#4775=CARTESIAN_POINT('',(0.0241476805880727,0.013767144164154,-0.00846));
#4776=CARTESIAN_POINT('',(0.0241476805880727,0.013767144164154,-0.005));
#4777=CARTESIAN_POINT('',(0.0241476805880727,0.013997144164154,-0.005));
#4778=CARTESIAN_POINT('',(0.0241476805880727,0.013767144164154,-0.004785));
#4779=CARTESIAN_POINT('',(0.0241476805880727,0.013767144164154,-0.00457));
#4780=CARTESIAN_POINT('',(0.0241476805880727,0.014427144164154,-0.00457));
#4781=CARTESIAN_POINT('',(0.0241476805880727,0.013767144164154,-0.00457));
#4782=CARTESIAN_POINT('',(0.0241476805880727,0.013767144164154,-0.001));
#4783=CARTESIAN_POINT('',(0.0241476805880727,0.014427144164154,-0.001));
#4784=CARTESIAN_POINT('',(0.0241476805880727,0.013767144164154,-0.001));
#4785=CARTESIAN_POINT('',(0.0241476805880727,0.013767144164154,-0.001));
#4786=CARTESIAN_POINT('',(0.0241476805880727,0.014667144164154,-0.001));
#4787=CARTESIAN_POINT('',(0.0241476805880727,0.013767144164154,-0.001));
#4788=CARTESIAN_POINT('',(0.0241476805880727,0.013767144164154,4.33680868994202E-18));
#4789=CARTESIAN_POINT('',(0.0241476805880727,0.014667144164154,3.9819393673316E-18));
#4790=CARTESIAN_POINT('',(0.0241476805880727,0.013767144164154,4.33680868994202E-18));
#4791=CARTESIAN_POINT('',(0.0241476805880727,0.013767144164154,4.33680868994202E-18));
#4792=CARTESIAN_POINT('',(0.0241476805880727,0.014067144164154,4.21851891573855E-18));
#4793=CARTESIAN_POINT('',(0.0241476805880727,0.013767144164154,4.33680868994202E-18));
#4794=CARTESIAN_POINT('',(0.0241476805880727,0.013767144164154,0.0027));
#4795=CARTESIAN_POINT('',(0.0241476805880727,0.014067144164154,0.0027));
#4796=CARTESIAN_POINT('',(0.0241476805880727,0.013767144164154,0.0027));
#4797=CARTESIAN_POINT('',(0.,0.,0.));
#4798=CARTESIAN_POINT('',(0.0241476805880727,0.011227144164154,-0.00846));
#4799=CARTESIAN_POINT('',(0.0241476805880727,0.011227144164154,-0.00846));
#4800=CARTESIAN_POINT('',(0.0241476805880727,0.011457144164154,-0.00846));
#4801=CARTESIAN_POINT('',(0.0241476805880727,0.011227144164154,-0.00846));
#4802=CARTESIAN_POINT('',(0.0241476805880727,0.011227144164154,-0.005));
#4803=CARTESIAN_POINT('',(0.0241476805880727,0.011457144164154,-0.005));
#4804=CARTESIAN_POINT('',(0.0241476805880727,0.011227144164154,-0.004785));
#4805=CARTESIAN_POINT('',(0.0241476805880727,0.011227144164154,-0.00457));
#4806=CARTESIAN_POINT('',(0.0241476805880727,0.011887144164154,-0.00457));
#4807=CARTESIAN_POINT('',(0.0241476805880727,0.011227144164154,-0.00457));
#4808=CARTESIAN_POINT('',(0.0241476805880727,0.011227144164154,-0.001));
#4809=CARTESIAN_POINT('',(0.0241476805880727,0.011887144164154,-0.001));
#4810=CARTESIAN_POINT('',(0.0241476805880727,0.011227144164154,-0.001));
#4811=CARTESIAN_POINT('',(0.0241476805880727,0.011227144164154,-0.001));
#4812=CARTESIAN_POINT('',(0.0241476805880727,0.012127144164154,-0.001));
#4813=CARTESIAN_POINT('',(0.0241476805880727,0.011227144164154,-0.001));
#4814=CARTESIAN_POINT('',(0.0241476805880727,0.011227144164154,5.20417042793042E-18));
#4815=CARTESIAN_POINT('',(0.0241476805880727,0.012127144164154,4.84930110532E-18));
#4816=CARTESIAN_POINT('',(0.0241476805880727,0.011227144164154,5.20417042793042E-18));
#4817=CARTESIAN_POINT('',(0.0241476805880727,0.011227144164154,5.20417042793042E-18));
#4818=CARTESIAN_POINT('',(0.0241476805880727,0.011527144164154,5.08588065372695E-18));
#4819=CARTESIAN_POINT('',(0.0241476805880727,0.011227144164154,5.20417042793042E-18));
#4820=CARTESIAN_POINT('',(0.0241476805880727,0.011227144164154,0.0027));
#4821=CARTESIAN_POINT('',(0.0241476805880727,0.011527144164154,0.0027));
#4822=CARTESIAN_POINT('',(0.0241476805880727,0.011227144164154,0.0027));
#4823=CARTESIAN_POINT('',(0.,0.,0.));
#4824=CARTESIAN_POINT('',(0.0241476805880727,0.008687144164154,-0.00846));
#4825=CARTESIAN_POINT('',(0.0241476805880727,0.008687144164154,-0.00846));
#4826=CARTESIAN_POINT('',(0.0241476805880727,0.008917144164154,-0.00846));
#4827=CARTESIAN_POINT('',(0.0241476805880727,0.008687144164154,-0.00846));
#4828=CARTESIAN_POINT('',(0.0241476805880727,0.008687144164154,-0.005));
#4829=CARTESIAN_POINT('',(0.0241476805880727,0.008917144164154,-0.005));
#4830=CARTESIAN_POINT('',(0.0241476805880727,0.008687144164154,-0.004785));
#4831=CARTESIAN_POINT('',(0.0241476805880727,0.008687144164154,-0.00457));
#4832=CARTESIAN_POINT('',(0.0241476805880727,0.009347144164154,-0.00457));
#4833=CARTESIAN_POINT('',(0.0241476805880727,0.008687144164154,-0.00457));
#4834=CARTESIAN_POINT('',(0.0241476805880727,0.008687144164154,-0.001));
#4835=CARTESIAN_POINT('',(0.0241476805880727,0.009347144164154,-0.001));
#4836=CARTESIAN_POINT('',(0.0241476805880727,0.008687144164154,-0.001));
#4837=CARTESIAN_POINT('',(0.0241476805880727,0.008687144164154,-0.001));
#4838=CARTESIAN_POINT('',(0.0241476805880727,0.009587144164154,-0.001));
#4839=CARTESIAN_POINT('',(0.0241476805880727,0.008687144164154,-0.001));
#4840=CARTESIAN_POINT('',(0.0241476805880727,0.008687144164154,6.07153216591882E-18));
#4841=CARTESIAN_POINT('',(0.0241476805880727,0.009587144164154,5.7166628433084E-18));
#4842=CARTESIAN_POINT('',(0.0241476805880727,0.008687144164154,6.07153216591882E-18));
#4843=CARTESIAN_POINT('',(0.0241476805880727,0.008687144164154,6.07153216591882E-18));
#4844=CARTESIAN_POINT('',(0.0241476805880727,0.008987144164154,5.95324239171535E-18));
#4845=CARTESIAN_POINT('',(0.0241476805880727,0.008687144164154,6.07153216591882E-18));
#4846=CARTESIAN_POINT('',(0.0241476805880727,0.008687144164154,0.0027));
#4847=CARTESIAN_POINT('',(0.0241476805880727,0.008987144164154,0.0027));
#4848=CARTESIAN_POINT('',(0.0241476805880727,0.008687144164154,0.0027));
#4849=MECHANICAL_DESIGN_GEOMETRIC_PRESENTATION_REPRESENTATION('',(#2601,
#2354,#2355,#2356,#2357,#2358,#2359,#2360,#2361,#2362),#4858);
#4850=MECHANICAL_DESIGN_GEOMETRIC_PRESENTATION_REPRESENTATION('',(#2602),
#4859);
#4851=MECHANICAL_DESIGN_GEOMETRIC_PRESENTATION_REPRESENTATION('',(#2603,
#2363,#2364,#2365,#2366,#2367,#2368,#2369,#2370,#2371),#4860);
#4852=MECHANICAL_DESIGN_GEOMETRIC_PRESENTATION_REPRESENTATION('',(#2604,
#2372,#2373,#2374,#2375,#2376,#2377,#2378,#2379,#2380),#4861);
#4853=MECHANICAL_DESIGN_GEOMETRIC_PRESENTATION_REPRESENTATION('',(#2605,
#2381,#2382,#2383,#2384,#2385,#2386,#2387,#2388,#2389),#4862);
#4854=MECHANICAL_DESIGN_GEOMETRIC_PRESENTATION_REPRESENTATION('',(#2606,
#2390,#2391,#2392,#2393,#2394,#2395,#2396,#2397,#2398),#4863);
#4855=MECHANICAL_DESIGN_GEOMETRIC_PRESENTATION_REPRESENTATION('',(#2607,
#2399,#2400,#2401,#2402,#2403,#2404,#2405,#2406,#2407),#4864);
#4856=MECHANICAL_DESIGN_GEOMETRIC_PRESENTATION_REPRESENTATION('',(#2608,
#2408,#2409,#2410,#2411,#2412,#2413,#2414,#2415,#2416),#4865);
#4857=MECHANICAL_DESIGN_GEOMETRIC_PRESENTATION_REPRESENTATION('',(#2609,
#2417,#2418,#2419,#2420,#2421,#2422,#2423,#2424,#2425),#4866);
#4858=(
GEOMETRIC_REPRESENTATION_CONTEXT(3)
GLOBAL_UNCERTAINTY_ASSIGNED_CONTEXT((#4867))
GLOBAL_UNIT_ASSIGNED_CONTEXT((#4894,#4885,#4876))
REPRESENTATION_CONTEXT('8 pin header v1_1','TOP_LEVEL_ASSEMBLY_PART')
);
#4859=(
GEOMETRIC_REPRESENTATION_CONTEXT(3)
GLOBAL_UNCERTAINTY_ASSIGNED_CONTEXT((#4868))
GLOBAL_UNIT_ASSIGNED_CONTEXT((#4895,#4886,#4877))
REPRESENTATION_CONTEXT('8 pin header v1_1','TOP_LEVEL_ASSEMBLY_PART')
);
#4860=(
GEOMETRIC_REPRESENTATION_CONTEXT(3)
GLOBAL_UNCERTAINTY_ASSIGNED_CONTEXT((#4869))
GLOBAL_UNIT_ASSIGNED_CONTEXT((#4896,#4887,#4878))
REPRESENTATION_CONTEXT('8 pin header v1_1','TOP_LEVEL_ASSEMBLY_PART')
);
#4861=(
GEOMETRIC_REPRESENTATION_CONTEXT(3)
GLOBAL_UNCERTAINTY_ASSIGNED_CONTEXT((#4870))
GLOBAL_UNIT_ASSIGNED_CONTEXT((#4897,#4888,#4879))
REPRESENTATION_CONTEXT('8 pin header v1_1','TOP_LEVEL_ASSEMBLY_PART')
);
#4862=(
GEOMETRIC_REPRESENTATION_CONTEXT(3)
GLOBAL_UNCERTAINTY_ASSIGNED_CONTEXT((#4871))
GLOBAL_UNIT_ASSIGNED_CONTEXT((#4898,#4889,#4880))
REPRESENTATION_CONTEXT('8 pin header v1_1','TOP_LEVEL_ASSEMBLY_PART')
);
#4863=(
GEOMETRIC_REPRESENTATION_CONTEXT(3)
GLOBAL_UNCERTAINTY_ASSIGNED_CONTEXT((#4872))
GLOBAL_UNIT_ASSIGNED_CONTEXT((#4899,#4890,#4881))
REPRESENTATION_CONTEXT('8 pin header v1_1','TOP_LEVEL_ASSEMBLY_PART')
);
#4864=(
GEOMETRIC_REPRESENTATION_CONTEXT(3)
GLOBAL_UNCERTAINTY_ASSIGNED_CONTEXT((#4873))
GLOBAL_UNIT_ASSIGNED_CONTEXT((#4900,#4891,#4882))
REPRESENTATION_CONTEXT('8 pin header v1_1','TOP_LEVEL_ASSEMBLY_PART')
);
#4865=(
GEOMETRIC_REPRESENTATION_CONTEXT(3)
GLOBAL_UNCERTAINTY_ASSIGNED_CONTEXT((#4874))
GLOBAL_UNIT_ASSIGNED_CONTEXT((#4901,#4892,#4883))
REPRESENTATION_CONTEXT('8 pin header v1_1','TOP_LEVEL_ASSEMBLY_PART')
);
#4866=(
GEOMETRIC_REPRESENTATION_CONTEXT(3)
GLOBAL_UNCERTAINTY_ASSIGNED_CONTEXT((#4875))
GLOBAL_UNIT_ASSIGNED_CONTEXT((#4902,#4893,#4884))
REPRESENTATION_CONTEXT('8 pin header v1_1','TOP_LEVEL_ASSEMBLY_PART')
);
#4867=UNCERTAINTY_MEASURE_WITH_UNIT(LENGTH_MEASURE(1.E-8),#4894,
'DISTANCE_ACCURACY_VALUE','Maximum Tolerance applied to model');
#4868=UNCERTAINTY_MEASURE_WITH_UNIT(LENGTH_MEASURE(1.E-6),#4895,
'DISTANCE_ACCURACY_VALUE','Maximum Tolerance applied to model');
#4869=UNCERTAINTY_MEASURE_WITH_UNIT(LENGTH_MEASURE(1.E-8),#4896,
'DISTANCE_ACCURACY_VALUE','Maximum Tolerance applied to model');
#4870=UNCERTAINTY_MEASURE_WITH_UNIT(LENGTH_MEASURE(1.E-8),#4897,
'DISTANCE_ACCURACY_VALUE','Maximum Tolerance applied to model');
#4871=UNCERTAINTY_MEASURE_WITH_UNIT(LENGTH_MEASURE(1.E-8),#4898,
'DISTANCE_ACCURACY_VALUE','Maximum Tolerance applied to model');
#4872=UNCERTAINTY_MEASURE_WITH_UNIT(LENGTH_MEASURE(1.E-8),#4899,
'DISTANCE_ACCURACY_VALUE','Maximum Tolerance applied to model');
#4873=UNCERTAINTY_MEASURE_WITH_UNIT(LENGTH_MEASURE(1.E-8),#4900,
'DISTANCE_ACCURACY_VALUE','Maximum Tolerance applied to model');
#4874=UNCERTAINTY_MEASURE_WITH_UNIT(LENGTH_MEASURE(1.E-8),#4901,
'DISTANCE_ACCURACY_VALUE','Maximum Tolerance applied to model');
#4875=UNCERTAINTY_MEASURE_WITH_UNIT(LENGTH_MEASURE(1.E-8),#4902,
'DISTANCE_ACCURACY_VALUE','Maximum Tolerance applied to model');
#4876=(
NAMED_UNIT(*)
SI_UNIT($,.STERADIAN.)
SOLID_ANGLE_UNIT()
);
#4877=(
NAMED_UNIT(*)
SI_UNIT($,.STERADIAN.)
SOLID_ANGLE_UNIT()
);
#4878=(
NAMED_UNIT(*)
SI_UNIT($,.STERADIAN.)
SOLID_ANGLE_UNIT()
);
#4879=(
NAMED_UNIT(*)
SI_UNIT($,.STERADIAN.)
SOLID_ANGLE_UNIT()
);
#4880=(
NAMED_UNIT(*)
SI_UNIT($,.STERADIAN.)
SOLID_ANGLE_UNIT()
);
#4881=(
NAMED_UNIT(*)
SI_UNIT($,.STERADIAN.)
SOLID_ANGLE_UNIT()
);
#4882=(
NAMED_UNIT(*)
SI_UNIT($,.STERADIAN.)
SOLID_ANGLE_UNIT()
);
#4883=(
NAMED_UNIT(*)
SI_UNIT($,.STERADIAN.)
SOLID_ANGLE_UNIT()
);
#4884=(
NAMED_UNIT(*)
SI_UNIT($,.STERADIAN.)
SOLID_ANGLE_UNIT()
);
#4885=(
NAMED_UNIT(*)
PLANE_ANGLE_UNIT()
SI_UNIT($,.RADIAN.)
);
#4886=(
NAMED_UNIT(*)
PLANE_ANGLE_UNIT()
SI_UNIT($,.RADIAN.)
);
#4887=(
NAMED_UNIT(*)
PLANE_ANGLE_UNIT()
SI_UNIT($,.RADIAN.)
);
#4888=(
NAMED_UNIT(*)
PLANE_ANGLE_UNIT()
SI_UNIT($,.RADIAN.)
);
#4889=(
NAMED_UNIT(*)
PLANE_ANGLE_UNIT()
SI_UNIT($,.RADIAN.)
);
#4890=(
NAMED_UNIT(*)
PLANE_ANGLE_UNIT()
SI_UNIT($,.RADIAN.)
);
#4891=(
NAMED_UNIT(*)
PLANE_ANGLE_UNIT()
SI_UNIT($,.RADIAN.)
);
#4892=(
NAMED_UNIT(*)
PLANE_ANGLE_UNIT()
SI_UNIT($,.RADIAN.)
);
#4893=(
NAMED_UNIT(*)
PLANE_ANGLE_UNIT()
SI_UNIT($,.RADIAN.)
);
#4894=(
LENGTH_UNIT()
NAMED_UNIT(*)
SI_UNIT($,.METRE.)
);
#4895=(
LENGTH_UNIT()
NAMED_UNIT(*)
SI_UNIT($,.METRE.)
);
#4896=(
LENGTH_UNIT()
NAMED_UNIT(*)
SI_UNIT($,.METRE.)
);
#4897=(
LENGTH_UNIT()
NAMED_UNIT(*)
SI_UNIT($,.METRE.)
);
#4898=(
LENGTH_UNIT()
NAMED_UNIT(*)
SI_UNIT($,.METRE.)
);
#4899=(
LENGTH_UNIT()
NAMED_UNIT(*)
SI_UNIT($,.METRE.)
);
#4900=(
LENGTH_UNIT()
NAMED_UNIT(*)
SI_UNIT($,.METRE.)
);
#4901=(
LENGTH_UNIT()
NAMED_UNIT(*)
SI_UNIT($,.METRE.)
);
#4902=(
LENGTH_UNIT()
NAMED_UNIT(*)
SI_UNIT($,.METRE.)
);
#4903=PRODUCT_DEFINITION_SHAPE('','',#4912);
#4904=PRODUCT_DEFINITION_SHAPE('','',#4913);
#4905=PRODUCT_DEFINITION_SHAPE('','',#4914);
#4906=PRODUCT_DEFINITION_SHAPE('','',#4915);
#4907=PRODUCT_DEFINITION_SHAPE('','',#4916);
#4908=PRODUCT_DEFINITION_SHAPE('','',#4917);
#4909=PRODUCT_DEFINITION_SHAPE('','',#4918);
#4910=PRODUCT_DEFINITION_SHAPE('','',#4919);
#4911=PRODUCT_DEFINITION_SHAPE('','',#4920);
#4912=PRODUCT_DEFINITION('','',#4930,#4921);
#4913=PRODUCT_DEFINITION('','',#4931,#4922);
#4914=PRODUCT_DEFINITION('','',#4932,#4923);
#4915=PRODUCT_DEFINITION('','',#4933,#4924);
#4916=PRODUCT_DEFINITION('','',#4934,#4925);
#4917=PRODUCT_DEFINITION('','',#4935,#4926);
#4918=PRODUCT_DEFINITION('','',#4936,#4927);
#4919=PRODUCT_DEFINITION('','',#4937,#4928);
#4920=PRODUCT_DEFINITION('','',#4938,#4929);
#4921=PRODUCT_DEFINITION_CONTEXT('',#4984,'design');
#4922=PRODUCT_DEFINITION_CONTEXT('',#4985,'design');
#4923=PRODUCT_DEFINITION_CONTEXT('',#4986,'design');
#4924=PRODUCT_DEFINITION_CONTEXT('',#4987,'design');
#4925=PRODUCT_DEFINITION_CONTEXT('',#4988,'design');
#4926=PRODUCT_DEFINITION_CONTEXT('',#4989,'design');
#4927=PRODUCT_DEFINITION_CONTEXT('',#4990,'design');
#4928=PRODUCT_DEFINITION_CONTEXT('',#4991,'design');
#4929=PRODUCT_DEFINITION_CONTEXT('',#4992,'design');
#4930=PRODUCT_DEFINITION_FORMATION_WITH_SPECIFIED_SOURCE('','',#4948,
 .NOT_KNOWN.);
#4931=PRODUCT_DEFINITION_FORMATION_WITH_SPECIFIED_SOURCE('','',#4949,
 .NOT_KNOWN.);
#4932=PRODUCT_DEFINITION_FORMATION_WITH_SPECIFIED_SOURCE('','',#4950,
 .NOT_KNOWN.);
#4933=PRODUCT_DEFINITION_FORMATION_WITH_SPECIFIED_SOURCE('','',#4951,
 .NOT_KNOWN.);
#4934=PRODUCT_DEFINITION_FORMATION_WITH_SPECIFIED_SOURCE('','',#4952,
 .NOT_KNOWN.);
#4935=PRODUCT_DEFINITION_FORMATION_WITH_SPECIFIED_SOURCE('','',#4953,
 .NOT_KNOWN.);
#4936=PRODUCT_DEFINITION_FORMATION_WITH_SPECIFIED_SOURCE('','',#4954,
 .NOT_KNOWN.);
#4937=PRODUCT_DEFINITION_FORMATION_WITH_SPECIFIED_SOURCE('','',#4955,
 .NOT_KNOWN.);
#4938=PRODUCT_DEFINITION_FORMATION_WITH_SPECIFIED_SOURCE('','',#4956,
 .NOT_KNOWN.);
#4939=PRODUCT_RELATED_PRODUCT_CATEGORY('','',(#4948));
#4940=PRODUCT_RELATED_PRODUCT_CATEGORY('','',(#4949));
#4941=PRODUCT_RELATED_PRODUCT_CATEGORY('','',(#4950));
#4942=PRODUCT_RELATED_PRODUCT_CATEGORY('','',(#4951));
#4943=PRODUCT_RELATED_PRODUCT_CATEGORY('','',(#4952));
#4944=PRODUCT_RELATED_PRODUCT_CATEGORY('','',(#4953));
#4945=PRODUCT_RELATED_PRODUCT_CATEGORY('','',(#4954));
#4946=PRODUCT_RELATED_PRODUCT_CATEGORY('','',(#4955));
#4947=PRODUCT_RELATED_PRODUCT_CATEGORY('','',(#4956));
#4948=PRODUCT('8 pin header v1_1','8 pin header v1_1',
'8 pin header v1_1',(#4966));
#4949=PRODUCT('8 pin header v1_1','8 pin header v1_1',
'8 pin header v1_1',(#4967));
#4950=PRODUCT('8 pin header v1_1','8 pin header v1_1',
'8 pin header v1_1',(#4968));
#4951=PRODUCT('8 pin header v1_1','8 pin header v1_1',
'8 pin header v1_1',(#4969));
#4952=PRODUCT('8 pin header v1_1','8 pin header v1_1',
'8 pin header v1_1',(#4970));
#4953=PRODUCT('8 pin header v1_1','8 pin header v1_1',
'8 pin header v1_1',(#4971));
#4954=PRODUCT('8 pin header v1_1','8 pin header v1_1',
'8 pin header v1_1',(#4972));
#4955=PRODUCT('8 pin header v1_1','8 pin header v1_1',
'8 pin header v1_1',(#4973));
#4956=PRODUCT('8 pin header v1_1','8 pin header v1_1',
'8 pin header v1_1',(#4974));
#4957=PRODUCT_CATEGORY('','');
#4958=PRODUCT_CATEGORY('','');
#4959=PRODUCT_CATEGORY('','');
#4960=PRODUCT_CATEGORY('','');
#4961=PRODUCT_CATEGORY('','');
#4962=PRODUCT_CATEGORY('','');
#4963=PRODUCT_CATEGORY('','');
#4964=PRODUCT_CATEGORY('','');
#4965=PRODUCT_CATEGORY('','');
#4966=PRODUCT_CONTEXT('',#4984,'mechanical');
#4967=PRODUCT_CONTEXT('',#4985,'mechanical');
#4968=PRODUCT_CONTEXT('',#4986,'mechanical');
#4969=PRODUCT_CONTEXT('',#4987,'mechanical');
#4970=PRODUCT_CONTEXT('',#4988,'mechanical');
#4971=PRODUCT_CONTEXT('',#4989,'mechanical');
#4972=PRODUCT_CONTEXT('',#4990,'mechanical');
#4973=PRODUCT_CONTEXT('',#4991,'mechanical');
#4974=PRODUCT_CONTEXT('',#4992,'mechanical');
#4975=APPLICATION_PROTOCOL_DEFINITION('international standard',
'ap242_managed_model_based_3d_engineering',2020,#4984);
#4976=APPLICATION_PROTOCOL_DEFINITION('international standard',
'ap242_managed_model_based_3d_engineering',2020,#4985);
#4977=APPLICATION_PROTOCOL_DEFINITION('international standard',
'ap242_managed_model_based_3d_engineering',2020,#4986);
#4978=APPLICATION_PROTOCOL_DEFINITION('international standard',
'ap242_managed_model_based_3d_engineering',2020,#4987);
#4979=APPLICATION_PROTOCOL_DEFINITION('international standard',
'ap242_managed_model_based_3d_engineering',2020,#4988);
#4980=APPLICATION_PROTOCOL_DEFINITION('international standard',
'ap242_managed_model_based_3d_engineering',2020,#4989);
#4981=APPLICATION_PROTOCOL_DEFINITION('international standard',
'ap242_managed_model_based_3d_engineering',2020,#4990);
#4982=APPLICATION_PROTOCOL_DEFINITION('international standard',
'ap242_managed_model_based_3d_engineering',2020,#4991);
#4983=APPLICATION_PROTOCOL_DEFINITION('international standard',
'ap242_managed_model_based_3d_engineering',2020,#4992);
#4984=APPLICATION_CONTEXT('managed model based 3d engineering');
#4985=APPLICATION_CONTEXT('managed model based 3d engineering');
#4986=APPLICATION_CONTEXT('managed model based 3d engineering');
#4987=APPLICATION_CONTEXT('managed model based 3d engineering');
#4988=APPLICATION_CONTEXT('managed model based 3d engineering');
#4989=APPLICATION_CONTEXT('managed model based 3d engineering');
#4990=APPLICATION_CONTEXT('managed model based 3d engineering');
#4991=APPLICATION_CONTEXT('managed model based 3d engineering');
#4992=APPLICATION_CONTEXT('managed model based 3d engineering');
ENDSEC;
END-ISO-10303-21;
