ISO-10303-21;
HEADER;
/* Generated by software containing ST-Developer
 * from STEP Tools, Inc. (www.steptools.com) 
 */
/* OPTION: using custom renumber hook */

FILE_DESCRIPTION(
/* description */ ('STEP AP242 Edition 2',
'CAx-IF Rec.Pracs.---Representation and Presentation of Product Manufa
cturing Information (PMI)---4.0---2014-10-13',
'CAx-IF Rec.Pracs.---3D Tessellated Geometry---0.4---2014-09-14','2;1',
'CAx-IF Rec.Pracs.---User Defined Attributes---1.5---2016-08-15'),
/* implementation_level */ '2;1');

FILE_NAME(
/* name */ 'Part Studio 2',
/* time_stamp */ '2026-07-08T00:46:16Z',
/* author */ (''),
/* organization */ (''),
/* preprocessor_version */ 'ST-DEVELOPER v20',
/* originating_system */ 'ONSHAPE BY PTC INC, 1.217',
/* authorisation */ '  ');

FILE_SCHEMA (('AP242_MANAGED_MODEL_BASED_3D_ENGINEERING_MIM_LF { 1 0 10303 442 3 1 4 }'));
ENDSEC;

DATA;
#10=ELLIPSE('',#2210,0.00565685424949238,0.004);
#11=ELLIPSE('',#2212,0.00565685424949238,0.004);
#12=SHAPE_REPRESENTATION_RELATIONSHIP('','',#2042,#14);
#13=SHAPE_REPRESENTATION_RELATIONSHIP('','',#2043,#15);
#14=ADVANCED_BREP_SHAPE_REPRESENTATION('',(#2038),#3368);
#15=ADVANCED_BREP_SHAPE_REPRESENTATION('',(#2039),#3369);
#16=CYLINDRICAL_SURFACE('',#2059,0.004);
#17=CYLINDRICAL_SURFACE('',#2060,0.004);
#18=CYLINDRICAL_SURFACE('',#2094,0.004);
#19=CYLINDRICAL_SURFACE('',#2138,0.0005);
#20=CYLINDRICAL_SURFACE('',#2140,0.0005);
#21=CYLINDRICAL_SURFACE('',#2142,0.0005);
#22=CYLINDRICAL_SURFACE('',#2145,0.0005);
#23=CYLINDRICAL_SURFACE('',#2146,0.0005);
#24=CYLINDRICAL_SURFACE('',#2148,0.000499999999999994);
#25=CYLINDRICAL_SURFACE('',#2150,0.0005);
#26=CYLINDRICAL_SURFACE('',#2153,0.0005);
#27=CYLINDRICAL_SURFACE('',#2154,0.0005);
#28=CYLINDRICAL_SURFACE('',#2156,0.0005);
#29=CYLINDRICAL_SURFACE('',#2158,0.0005);
#30=CYLINDRICAL_SURFACE('',#2161,0.0005);
#31=CYLINDRICAL_SURFACE('',#2162,0.0005);
#32=CYLINDRICAL_SURFACE('',#2164,0.0005);
#33=CYLINDRICAL_SURFACE('',#2166,0.000500000000000007);
#34=CYLINDRICAL_SURFACE('',#2169,0.000500000000000006);
#35=CYLINDRICAL_SURFACE('',#2170,0.0005);
#36=CYLINDRICAL_SURFACE('',#2172,0.0005);
#37=CYLINDRICAL_SURFACE('',#2174,0.0005);
#38=CYLINDRICAL_SURFACE('',#2177,0.0005);
#39=CYLINDRICAL_SURFACE('',#2178,0.0005);
#40=CYLINDRICAL_SURFACE('',#2180,0.0005);
#41=CYLINDRICAL_SURFACE('',#2182,0.000500000000000006);
#42=CYLINDRICAL_SURFACE('',#2185,0.000500000000000007);
#43=CYLINDRICAL_SURFACE('',#2186,0.0065);
#44=CYLINDRICAL_SURFACE('',#2209,0.004);
#45=CYLINDRICAL_SURFACE('',#2211,0.004);
#46=CYLINDRICAL_SURFACE('',#2213,0.004);
#47=CYLINDRICAL_SURFACE('',#2214,0.001);
#48=CYLINDRICAL_SURFACE('',#2215,0.001);
#49=CYLINDRICAL_SURFACE('',#2216,0.001);
#50=CYLINDRICAL_SURFACE('',#2217,0.001);
#51=CIRCLE('',#2054,0.004);
#52=CIRCLE('',#2055,0.004);
#53=CIRCLE('',#2057,0.004);
#54=CIRCLE('',#2058,0.004);
#55=CIRCLE('',#2063,0.0005);
#56=CIRCLE('',#2064,0.0005);
#57=CIRCLE('',#2065,0.0005);
#58=CIRCLE('',#2066,0.0005);
#59=CIRCLE('',#2067,0.0005);
#60=CIRCLE('',#2068,0.000499999999999994);
#61=CIRCLE('',#2069,0.0005);
#62=CIRCLE('',#2070,0.0005);
#63=CIRCLE('',#2071,0.0005);
#64=CIRCLE('',#2072,0.0005);
#65=CIRCLE('',#2073,0.0005);
#66=CIRCLE('',#2074,0.0005);
#67=CIRCLE('',#2075,0.0005);
#68=CIRCLE('',#2076,0.0005);
#69=CIRCLE('',#2077,0.000500000000000007);
#70=CIRCLE('',#2078,0.000500000000000006);
#71=CIRCLE('',#2079,0.0005);
#72=CIRCLE('',#2080,0.0005);
#73=CIRCLE('',#2081,0.0005);
#74=CIRCLE('',#2082,0.0005);
#75=CIRCLE('',#2083,0.0005);
#76=CIRCLE('',#2084,0.0005);
#77=CIRCLE('',#2085,0.000500000000000006);
#78=CIRCLE('',#2086,0.000500000000000007);
#79=CIRCLE('',#2091,0.001);
#80=CIRCLE('',#2092,0.001);
#81=CIRCLE('',#2095,0.004);
#82=CIRCLE('',#2096,0.004);
#83=CIRCLE('',#2098,0.0005);
#84=CIRCLE('',#2099,0.0005);
#85=CIRCLE('',#2100,0.0005);
#86=CIRCLE('',#2101,0.0005);
#87=CIRCLE('',#2102,0.0005);
#88=CIRCLE('',#2103,0.0005);
#89=CIRCLE('',#2104,0.0005);
#90=CIRCLE('',#2105,0.0005);
#91=CIRCLE('',#2106,0.0005);
#92=CIRCLE('',#2107,0.0005);
#93=CIRCLE('',#2108,0.0005);
#94=CIRCLE('',#2109,0.0005);
#95=CIRCLE('',#2110,0.0005);
#96=CIRCLE('',#2111,0.0005);
#97=CIRCLE('',#2112,0.0005);
#98=CIRCLE('',#2113,0.000499999999999994);
#99=CIRCLE('',#2114,0.0005);
#100=CIRCLE('',#2115,0.000500000000000006);
#101=CIRCLE('',#2116,0.000500000000000007);
#102=CIRCLE('',#2117,0.0005);
#103=CIRCLE('',#2118,0.0005);
#104=CIRCLE('',#2119,0.000500000000000007);
#105=CIRCLE('',#2120,0.000500000000000006);
#106=CIRCLE('',#2121,0.0005);
#107=CIRCLE('',#2127,0.004);
#108=CIRCLE('',#2128,0.004);
#109=CIRCLE('',#2134,0.0065);
#110=CIRCLE('',#2187,0.0065);
#111=CIRCLE('',#2192,0.001);
#112=CIRCLE('',#2193,0.001);
#113=CIRCLE('',#2194,0.001);
#114=CIRCLE('',#2195,0.001);
#115=CIRCLE('',#2201,0.001);
#116=CIRCLE('',#2202,0.001);
#117=CIRCLE('',#2203,0.001);
#118=CIRCLE('',#2204,0.001);
#119=ORIENTED_EDGE('',*,*,#693,.F.);
#120=ORIENTED_EDGE('',*,*,#694,.T.);
#121=ORIENTED_EDGE('',*,*,#695,.T.);
#122=ORIENTED_EDGE('',*,*,#696,.F.);
#123=ORIENTED_EDGE('',*,*,#697,.F.);
#124=ORIENTED_EDGE('',*,*,#698,.T.);
#125=ORIENTED_EDGE('',*,*,#693,.T.);
#126=ORIENTED_EDGE('',*,*,#699,.F.);
#127=ORIENTED_EDGE('',*,*,#700,.F.);
#128=ORIENTED_EDGE('',*,*,#697,.T.);
#129=ORIENTED_EDGE('',*,*,#701,.T.);
#130=ORIENTED_EDGE('',*,*,#702,.F.);
#131=ORIENTED_EDGE('',*,*,#703,.T.);
#132=ORIENTED_EDGE('',*,*,#704,.T.);
#133=ORIENTED_EDGE('',*,*,#705,.F.);
#134=ORIENTED_EDGE('',*,*,#706,.T.);
#135=ORIENTED_EDGE('',*,*,#707,.F.);
#136=ORIENTED_EDGE('',*,*,#708,.T.);
#137=ORIENTED_EDGE('',*,*,#709,.T.);
#138=ORIENTED_EDGE('',*,*,#710,.F.);
#139=ORIENTED_EDGE('',*,*,#711,.F.);
#140=ORIENTED_EDGE('',*,*,#710,.T.);
#141=ORIENTED_EDGE('',*,*,#712,.T.);
#142=ORIENTED_EDGE('',*,*,#713,.F.);
#143=ORIENTED_EDGE('',*,*,#714,.F.);
#144=ORIENTED_EDGE('',*,*,#715,.T.);
#145=ORIENTED_EDGE('',*,*,#716,.T.);
#146=ORIENTED_EDGE('',*,*,#713,.T.);
#147=ORIENTED_EDGE('',*,*,#717,.F.);
#148=ORIENTED_EDGE('',*,*,#702,.T.);
#149=ORIENTED_EDGE('',*,*,#718,.T.);
#150=ORIENTED_EDGE('',*,*,#695,.F.);
#151=ORIENTED_EDGE('',*,*,#705,.T.);
#152=ORIENTED_EDGE('',*,*,#719,.T.);
#153=ORIENTED_EDGE('',*,*,#714,.T.);
#154=ORIENTED_EDGE('',*,*,#712,.F.);
#155=ORIENTED_EDGE('',*,*,#709,.F.);
#156=ORIENTED_EDGE('',*,*,#720,.T.);
#157=ORIENTED_EDGE('',*,*,#696,.T.);
#158=ORIENTED_EDGE('',*,*,#718,.F.);
#159=ORIENTED_EDGE('',*,*,#701,.F.);
#160=ORIENTED_EDGE('',*,*,#699,.T.);
#161=ORIENTED_EDGE('',*,*,#694,.F.);
#162=ORIENTED_EDGE('',*,*,#698,.F.);
#163=ORIENTED_EDGE('',*,*,#700,.T.);
#164=ORIENTED_EDGE('',*,*,#717,.T.);
#165=ORIENTED_EDGE('',*,*,#716,.F.);
#166=ORIENTED_EDGE('',*,*,#721,.T.);
#167=ORIENTED_EDGE('',*,*,#703,.F.);
#168=ORIENTED_EDGE('',*,*,#722,.T.);
#169=ORIENTED_EDGE('',*,*,#707,.T.);
#170=ORIENTED_EDGE('',*,*,#711,.T.);
#171=ORIENTED_EDGE('',*,*,#721,.F.);
#172=ORIENTED_EDGE('',*,*,#715,.F.);
#173=ORIENTED_EDGE('',*,*,#719,.F.);
#174=ORIENTED_EDGE('',*,*,#704,.F.);
#175=ORIENTED_EDGE('',*,*,#722,.F.);
#176=ORIENTED_EDGE('',*,*,#706,.F.);
#177=ORIENTED_EDGE('',*,*,#720,.F.);
#178=ORIENTED_EDGE('',*,*,#708,.F.);
#179=ORIENTED_EDGE('',*,*,#723,.F.);
#180=ORIENTED_EDGE('',*,*,#724,.T.);
#181=ORIENTED_EDGE('',*,*,#725,.T.);
#182=ORIENTED_EDGE('',*,*,#726,.T.);
#183=ORIENTED_EDGE('',*,*,#727,.T.);
#184=ORIENTED_EDGE('',*,*,#728,.T.);
#185=ORIENTED_EDGE('',*,*,#729,.F.);
#186=ORIENTED_EDGE('',*,*,#730,.T.);
#187=ORIENTED_EDGE('',*,*,#731,.F.);
#188=ORIENTED_EDGE('',*,*,#732,.T.);
#189=ORIENTED_EDGE('',*,*,#733,.T.);
#190=ORIENTED_EDGE('',*,*,#734,.T.);
#191=ORIENTED_EDGE('',*,*,#735,.T.);
#192=ORIENTED_EDGE('',*,*,#736,.T.);
#193=ORIENTED_EDGE('',*,*,#737,.F.);
#194=ORIENTED_EDGE('',*,*,#738,.T.);
#195=ORIENTED_EDGE('',*,*,#739,.F.);
#196=ORIENTED_EDGE('',*,*,#740,.T.);
#197=ORIENTED_EDGE('',*,*,#741,.T.);
#198=ORIENTED_EDGE('',*,*,#742,.T.);
#199=ORIENTED_EDGE('',*,*,#743,.T.);
#200=ORIENTED_EDGE('',*,*,#744,.T.);
#201=ORIENTED_EDGE('',*,*,#745,.F.);
#202=ORIENTED_EDGE('',*,*,#746,.T.);
#203=ORIENTED_EDGE('',*,*,#747,.F.);
#204=ORIENTED_EDGE('',*,*,#748,.T.);
#205=ORIENTED_EDGE('',*,*,#749,.T.);
#206=ORIENTED_EDGE('',*,*,#750,.T.);
#207=ORIENTED_EDGE('',*,*,#751,.T.);
#208=ORIENTED_EDGE('',*,*,#752,.T.);
#209=ORIENTED_EDGE('',*,*,#753,.F.);
#210=ORIENTED_EDGE('',*,*,#754,.T.);
#211=ORIENTED_EDGE('',*,*,#755,.F.);
#212=ORIENTED_EDGE('',*,*,#756,.T.);
#213=ORIENTED_EDGE('',*,*,#757,.T.);
#214=ORIENTED_EDGE('',*,*,#758,.T.);
#215=ORIENTED_EDGE('',*,*,#759,.T.);
#216=ORIENTED_EDGE('',*,*,#760,.T.);
#217=ORIENTED_EDGE('',*,*,#761,.F.);
#218=ORIENTED_EDGE('',*,*,#762,.T.);
#219=ORIENTED_EDGE('',*,*,#763,.F.);
#220=ORIENTED_EDGE('',*,*,#764,.T.);
#221=ORIENTED_EDGE('',*,*,#765,.T.);
#222=ORIENTED_EDGE('',*,*,#766,.T.);
#223=ORIENTED_EDGE('',*,*,#767,.T.);
#224=ORIENTED_EDGE('',*,*,#768,.T.);
#225=ORIENTED_EDGE('',*,*,#769,.F.);
#226=ORIENTED_EDGE('',*,*,#770,.T.);
#227=ORIENTED_EDGE('',*,*,#771,.F.);
#228=ORIENTED_EDGE('',*,*,#772,.T.);
#229=ORIENTED_EDGE('',*,*,#773,.T.);
#230=ORIENTED_EDGE('',*,*,#774,.F.);
#231=ORIENTED_EDGE('',*,*,#775,.F.);
#232=ORIENTED_EDGE('',*,*,#771,.T.);
#233=ORIENTED_EDGE('',*,*,#776,.T.);
#234=ORIENTED_EDGE('',*,*,#777,.F.);
#235=ORIENTED_EDGE('',*,*,#773,.F.);
#236=ORIENTED_EDGE('',*,*,#778,.T.);
#237=ORIENTED_EDGE('',*,*,#779,.T.);
#238=ORIENTED_EDGE('',*,*,#780,.F.);
#239=ORIENTED_EDGE('',*,*,#781,.F.);
#240=ORIENTED_EDGE('',*,*,#782,.F.);
#241=ORIENTED_EDGE('',*,*,#777,.T.);
#242=ORIENTED_EDGE('',*,*,#783,.T.);
#243=ORIENTED_EDGE('',*,*,#779,.F.);
#244=ORIENTED_EDGE('',*,*,#784,.F.);
#245=ORIENTED_EDGE('',*,*,#785,.T.);
#246=ORIENTED_EDGE('',*,*,#786,.F.);
#247=ORIENTED_EDGE('',*,*,#787,.T.);
#248=ORIENTED_EDGE('',*,*,#788,.T.);
#249=ORIENTED_EDGE('',*,*,#789,.T.);
#250=ORIENTED_EDGE('',*,*,#790,.T.);
#251=ORIENTED_EDGE('',*,*,#791,.F.);
#252=ORIENTED_EDGE('',*,*,#792,.F.);
#253=ORIENTED_EDGE('',*,*,#793,.F.);
#254=ORIENTED_EDGE('',*,*,#794,.T.);
#255=ORIENTED_EDGE('',*,*,#795,.T.);
#256=ORIENTED_EDGE('',*,*,#796,.T.);
#257=ORIENTED_EDGE('',*,*,#797,.T.);
#258=ORIENTED_EDGE('',*,*,#798,.F.);
#259=ORIENTED_EDGE('',*,*,#799,.F.);
#260=ORIENTED_EDGE('',*,*,#800,.T.);
#261=ORIENTED_EDGE('',*,*,#792,.T.);
#262=ORIENTED_EDGE('',*,*,#801,.F.);
#263=ORIENTED_EDGE('',*,*,#802,.T.);
#264=ORIENTED_EDGE('',*,*,#803,.F.);
#265=ORIENTED_EDGE('',*,*,#804,.T.);
#266=ORIENTED_EDGE('',*,*,#805,.F.);
#267=ORIENTED_EDGE('',*,*,#806,.T.);
#268=ORIENTED_EDGE('',*,*,#807,.F.);
#269=ORIENTED_EDGE('',*,*,#808,.F.);
#270=ORIENTED_EDGE('',*,*,#809,.F.);
#271=ORIENTED_EDGE('',*,*,#810,.F.);
#272=ORIENTED_EDGE('',*,*,#811,.F.);
#273=ORIENTED_EDGE('',*,*,#812,.T.);
#274=ORIENTED_EDGE('',*,*,#813,.F.);
#275=ORIENTED_EDGE('',*,*,#814,.T.);
#276=ORIENTED_EDGE('',*,*,#815,.F.);
#277=ORIENTED_EDGE('',*,*,#816,.F.);
#278=ORIENTED_EDGE('',*,*,#817,.F.);
#279=ORIENTED_EDGE('',*,*,#818,.F.);
#280=ORIENTED_EDGE('',*,*,#819,.F.);
#281=ORIENTED_EDGE('',*,*,#820,.T.);
#282=ORIENTED_EDGE('',*,*,#821,.F.);
#283=ORIENTED_EDGE('',*,*,#822,.T.);
#284=ORIENTED_EDGE('',*,*,#823,.F.);
#285=ORIENTED_EDGE('',*,*,#824,.F.);
#286=ORIENTED_EDGE('',*,*,#825,.F.);
#287=ORIENTED_EDGE('',*,*,#826,.F.);
#288=ORIENTED_EDGE('',*,*,#827,.T.);
#289=ORIENTED_EDGE('',*,*,#828,.T.);
#290=ORIENTED_EDGE('',*,*,#829,.T.);
#291=ORIENTED_EDGE('',*,*,#830,.T.);
#292=ORIENTED_EDGE('',*,*,#831,.F.);
#293=ORIENTED_EDGE('',*,*,#832,.T.);
#294=ORIENTED_EDGE('',*,*,#833,.F.);
#295=ORIENTED_EDGE('',*,*,#834,.T.);
#296=ORIENTED_EDGE('',*,*,#835,.F.);
#297=ORIENTED_EDGE('',*,*,#836,.F.);
#298=ORIENTED_EDGE('',*,*,#837,.F.);
#299=ORIENTED_EDGE('',*,*,#838,.F.);
#300=ORIENTED_EDGE('',*,*,#839,.F.);
#301=ORIENTED_EDGE('',*,*,#840,.T.);
#302=ORIENTED_EDGE('',*,*,#841,.F.);
#303=ORIENTED_EDGE('',*,*,#842,.T.);
#304=ORIENTED_EDGE('',*,*,#843,.F.);
#305=ORIENTED_EDGE('',*,*,#844,.F.);
#306=ORIENTED_EDGE('',*,*,#845,.F.);
#307=ORIENTED_EDGE('',*,*,#846,.F.);
#308=ORIENTED_EDGE('',*,*,#847,.F.);
#309=ORIENTED_EDGE('',*,*,#848,.T.);
#310=ORIENTED_EDGE('',*,*,#849,.F.);
#311=ORIENTED_EDGE('',*,*,#850,.T.);
#312=ORIENTED_EDGE('',*,*,#851,.F.);
#313=ORIENTED_EDGE('',*,*,#852,.F.);
#314=ORIENTED_EDGE('',*,*,#853,.F.);
#315=ORIENTED_EDGE('',*,*,#854,.F.);
#316=ORIENTED_EDGE('',*,*,#855,.F.);
#317=ORIENTED_EDGE('',*,*,#856,.T.);
#318=ORIENTED_EDGE('',*,*,#857,.F.);
#319=ORIENTED_EDGE('',*,*,#858,.F.);
#320=ORIENTED_EDGE('',*,*,#859,.T.);
#321=ORIENTED_EDGE('',*,*,#860,.T.);
#322=ORIENTED_EDGE('',*,*,#861,.F.);
#323=ORIENTED_EDGE('',*,*,#862,.T.);
#324=ORIENTED_EDGE('',*,*,#863,.T.);
#325=ORIENTED_EDGE('',*,*,#864,.T.);
#326=ORIENTED_EDGE('',*,*,#801,.T.);
#327=ORIENTED_EDGE('',*,*,#864,.F.);
#328=ORIENTED_EDGE('',*,*,#865,.T.);
#329=ORIENTED_EDGE('',*,*,#866,.T.);
#330=ORIENTED_EDGE('',*,*,#867,.F.);
#331=ORIENTED_EDGE('',*,*,#868,.F.);
#332=ORIENTED_EDGE('',*,*,#869,.T.);
#333=ORIENTED_EDGE('',*,*,#870,.T.);
#334=ORIENTED_EDGE('',*,*,#866,.F.);
#335=ORIENTED_EDGE('',*,*,#776,.F.);
#336=ORIENTED_EDGE('',*,*,#774,.T.);
#337=ORIENTED_EDGE('',*,*,#780,.T.);
#338=ORIENTED_EDGE('',*,*,#783,.F.);
#339=ORIENTED_EDGE('',*,*,#870,.F.);
#340=ORIENTED_EDGE('',*,*,#871,.T.);
#341=ORIENTED_EDGE('',*,*,#827,.F.);
#342=ORIENTED_EDGE('',*,*,#872,.T.);
#343=ORIENTED_EDGE('',*,*,#861,.T.);
#344=ORIENTED_EDGE('',*,*,#867,.T.);
#345=ORIENTED_EDGE('',*,*,#873,.F.);
#346=ORIENTED_EDGE('',*,*,#874,.T.);
#347=ORIENTED_EDGE('',*,*,#875,.F.);
#348=ORIENTED_EDGE('',*,*,#876,.F.);
#349=ORIENTED_EDGE('',*,*,#877,.T.);
#350=ORIENTED_EDGE('',*,*,#878,.T.);
#351=ORIENTED_EDGE('',*,*,#879,.F.);
#352=ORIENTED_EDGE('',*,*,#878,.F.);
#353=ORIENTED_EDGE('',*,*,#880,.T.);
#354=ORIENTED_EDGE('',*,*,#857,.T.);
#355=ORIENTED_EDGE('',*,*,#877,.F.);
#356=ORIENTED_EDGE('',*,*,#881,.F.);
#357=ORIENTED_EDGE('',*,*,#796,.F.);
#358=ORIENTED_EDGE('',*,*,#882,.F.);
#359=ORIENTED_EDGE('',*,*,#858,.T.);
#360=ORIENTED_EDGE('',*,*,#880,.F.);
#361=ORIENTED_EDGE('',*,*,#787,.F.);
#362=ORIENTED_EDGE('',*,*,#883,.F.);
#363=ORIENTED_EDGE('',*,*,#884,.T.);
#364=ORIENTED_EDGE('',*,*,#885,.T.);
#365=ORIENTED_EDGE('',*,*,#886,.F.);
#366=ORIENTED_EDGE('',*,*,#875,.T.);
#367=ORIENTED_EDGE('',*,*,#887,.T.);
#368=ORIENTED_EDGE('',*,*,#860,.F.);
#369=ORIENTED_EDGE('',*,*,#888,.F.);
#370=ORIENTED_EDGE('',*,*,#799,.T.);
#371=ORIENTED_EDGE('',*,*,#889,.T.);
#372=ORIENTED_EDGE('',*,*,#890,.F.);
#373=ORIENTED_EDGE('',*,*,#891,.F.);
#374=ORIENTED_EDGE('',*,*,#892,.F.);
#375=ORIENTED_EDGE('',*,*,#884,.F.);
#376=ORIENTED_EDGE('',*,*,#893,.F.);
#377=ORIENTED_EDGE('',*,*,#879,.T.);
#378=ORIENTED_EDGE('',*,*,#856,.F.);
#379=ORIENTED_EDGE('',*,*,#894,.F.);
#380=ORIENTED_EDGE('',*,*,#873,.T.);
#381=ORIENTED_EDGE('',*,*,#874,.F.);
#382=ORIENTED_EDGE('',*,*,#894,.T.);
#383=ORIENTED_EDGE('',*,*,#855,.T.);
#384=ORIENTED_EDGE('',*,*,#887,.F.);
#385=ORIENTED_EDGE('',*,*,#885,.F.);
#386=ORIENTED_EDGE('',*,*,#892,.T.);
#387=ORIENTED_EDGE('',*,*,#891,.T.);
#388=ORIENTED_EDGE('',*,*,#895,.F.);
#389=ORIENTED_EDGE('',*,*,#789,.F.);
#390=ORIENTED_EDGE('',*,*,#788,.F.);
#391=ORIENTED_EDGE('',*,*,#896,.T.);
#392=ORIENTED_EDGE('',*,*,#819,.T.);
#393=ORIENTED_EDGE('',*,*,#897,.F.);
#394=ORIENTED_EDGE('',*,*,#724,.F.);
#395=ORIENTED_EDGE('',*,*,#897,.T.);
#396=ORIENTED_EDGE('',*,*,#826,.T.);
#397=ORIENTED_EDGE('',*,*,#898,.F.);
#398=ORIENTED_EDGE('',*,*,#725,.F.);
#399=ORIENTED_EDGE('',*,*,#898,.T.);
#400=ORIENTED_EDGE('',*,*,#825,.T.);
#401=ORIENTED_EDGE('',*,*,#899,.F.);
#402=ORIENTED_EDGE('',*,*,#726,.F.);
#403=ORIENTED_EDGE('',*,*,#899,.T.);
#404=ORIENTED_EDGE('',*,*,#824,.T.);
#405=ORIENTED_EDGE('',*,*,#900,.F.);
#406=ORIENTED_EDGE('',*,*,#727,.F.);
#407=ORIENTED_EDGE('',*,*,#900,.T.);
#408=ORIENTED_EDGE('',*,*,#823,.T.);
#409=ORIENTED_EDGE('',*,*,#901,.F.);
#410=ORIENTED_EDGE('',*,*,#728,.F.);
#411=ORIENTED_EDGE('',*,*,#723,.T.);
#412=ORIENTED_EDGE('',*,*,#902,.T.);
#413=ORIENTED_EDGE('',*,*,#820,.F.);
#414=ORIENTED_EDGE('',*,*,#896,.F.);
#415=ORIENTED_EDGE('',*,*,#729,.T.);
#416=ORIENTED_EDGE('',*,*,#901,.T.);
#417=ORIENTED_EDGE('',*,*,#822,.F.);
#418=ORIENTED_EDGE('',*,*,#903,.F.);
#419=ORIENTED_EDGE('',*,*,#903,.T.);
#420=ORIENTED_EDGE('',*,*,#821,.T.);
#421=ORIENTED_EDGE('',*,*,#902,.F.);
#422=ORIENTED_EDGE('',*,*,#730,.F.);
#423=ORIENTED_EDGE('',*,*,#904,.T.);
#424=ORIENTED_EDGE('',*,*,#831,.T.);
#425=ORIENTED_EDGE('',*,*,#905,.F.);
#426=ORIENTED_EDGE('',*,*,#732,.F.);
#427=ORIENTED_EDGE('',*,*,#905,.T.);
#428=ORIENTED_EDGE('',*,*,#838,.T.);
#429=ORIENTED_EDGE('',*,*,#906,.F.);
#430=ORIENTED_EDGE('',*,*,#733,.F.);
#431=ORIENTED_EDGE('',*,*,#906,.T.);
#432=ORIENTED_EDGE('',*,*,#837,.T.);
#433=ORIENTED_EDGE('',*,*,#907,.F.);
#434=ORIENTED_EDGE('',*,*,#734,.F.);
#435=ORIENTED_EDGE('',*,*,#907,.T.);
#436=ORIENTED_EDGE('',*,*,#836,.T.);
#437=ORIENTED_EDGE('',*,*,#908,.F.);
#438=ORIENTED_EDGE('',*,*,#735,.F.);
#439=ORIENTED_EDGE('',*,*,#908,.T.);
#440=ORIENTED_EDGE('',*,*,#835,.T.);
#441=ORIENTED_EDGE('',*,*,#909,.F.);
#442=ORIENTED_EDGE('',*,*,#736,.F.);
#443=ORIENTED_EDGE('',*,*,#731,.T.);
#444=ORIENTED_EDGE('',*,*,#910,.T.);
#445=ORIENTED_EDGE('',*,*,#832,.F.);
#446=ORIENTED_EDGE('',*,*,#904,.F.);
#447=ORIENTED_EDGE('',*,*,#737,.T.);
#448=ORIENTED_EDGE('',*,*,#909,.T.);
#449=ORIENTED_EDGE('',*,*,#834,.F.);
#450=ORIENTED_EDGE('',*,*,#911,.F.);
#451=ORIENTED_EDGE('',*,*,#911,.T.);
#452=ORIENTED_EDGE('',*,*,#833,.T.);
#453=ORIENTED_EDGE('',*,*,#910,.F.);
#454=ORIENTED_EDGE('',*,*,#738,.F.);
#455=ORIENTED_EDGE('',*,*,#912,.T.);
#456=ORIENTED_EDGE('',*,*,#811,.T.);
#457=ORIENTED_EDGE('',*,*,#913,.F.);
#458=ORIENTED_EDGE('',*,*,#740,.F.);
#459=ORIENTED_EDGE('',*,*,#913,.T.);
#460=ORIENTED_EDGE('',*,*,#818,.T.);
#461=ORIENTED_EDGE('',*,*,#914,.F.);
#462=ORIENTED_EDGE('',*,*,#741,.F.);
#463=ORIENTED_EDGE('',*,*,#914,.T.);
#464=ORIENTED_EDGE('',*,*,#817,.T.);
#465=ORIENTED_EDGE('',*,*,#915,.F.);
#466=ORIENTED_EDGE('',*,*,#742,.F.);
#467=ORIENTED_EDGE('',*,*,#915,.T.);
#468=ORIENTED_EDGE('',*,*,#816,.T.);
#469=ORIENTED_EDGE('',*,*,#916,.F.);
#470=ORIENTED_EDGE('',*,*,#743,.F.);
#471=ORIENTED_EDGE('',*,*,#916,.T.);
#472=ORIENTED_EDGE('',*,*,#815,.T.);
#473=ORIENTED_EDGE('',*,*,#917,.F.);
#474=ORIENTED_EDGE('',*,*,#744,.F.);
#475=ORIENTED_EDGE('',*,*,#739,.T.);
#476=ORIENTED_EDGE('',*,*,#918,.T.);
#477=ORIENTED_EDGE('',*,*,#812,.F.);
#478=ORIENTED_EDGE('',*,*,#912,.F.);
#479=ORIENTED_EDGE('',*,*,#745,.T.);
#480=ORIENTED_EDGE('',*,*,#917,.T.);
#481=ORIENTED_EDGE('',*,*,#814,.F.);
#482=ORIENTED_EDGE('',*,*,#919,.F.);
#483=ORIENTED_EDGE('',*,*,#919,.T.);
#484=ORIENTED_EDGE('',*,*,#813,.T.);
#485=ORIENTED_EDGE('',*,*,#918,.F.);
#486=ORIENTED_EDGE('',*,*,#746,.F.);
#487=ORIENTED_EDGE('',*,*,#920,.T.);
#488=ORIENTED_EDGE('',*,*,#839,.T.);
#489=ORIENTED_EDGE('',*,*,#921,.F.);
#490=ORIENTED_EDGE('',*,*,#748,.F.);
#491=ORIENTED_EDGE('',*,*,#921,.T.);
#492=ORIENTED_EDGE('',*,*,#846,.T.);
#493=ORIENTED_EDGE('',*,*,#922,.F.);
#494=ORIENTED_EDGE('',*,*,#749,.F.);
#495=ORIENTED_EDGE('',*,*,#922,.T.);
#496=ORIENTED_EDGE('',*,*,#845,.T.);
#497=ORIENTED_EDGE('',*,*,#923,.F.);
#498=ORIENTED_EDGE('',*,*,#750,.F.);
#499=ORIENTED_EDGE('',*,*,#923,.T.);
#500=ORIENTED_EDGE('',*,*,#844,.T.);
#501=ORIENTED_EDGE('',*,*,#924,.F.);
#502=ORIENTED_EDGE('',*,*,#751,.F.);
#503=ORIENTED_EDGE('',*,*,#924,.T.);
#504=ORIENTED_EDGE('',*,*,#843,.T.);
#505=ORIENTED_EDGE('',*,*,#925,.F.);
#506=ORIENTED_EDGE('',*,*,#752,.F.);
#507=ORIENTED_EDGE('',*,*,#747,.T.);
#508=ORIENTED_EDGE('',*,*,#926,.T.);
#509=ORIENTED_EDGE('',*,*,#840,.F.);
#510=ORIENTED_EDGE('',*,*,#920,.F.);
#511=ORIENTED_EDGE('',*,*,#753,.T.);
#512=ORIENTED_EDGE('',*,*,#925,.T.);
#513=ORIENTED_EDGE('',*,*,#842,.F.);
#514=ORIENTED_EDGE('',*,*,#927,.F.);
#515=ORIENTED_EDGE('',*,*,#927,.T.);
#516=ORIENTED_EDGE('',*,*,#841,.T.);
#517=ORIENTED_EDGE('',*,*,#926,.F.);
#518=ORIENTED_EDGE('',*,*,#754,.F.);
#519=ORIENTED_EDGE('',*,*,#928,.T.);
#520=ORIENTED_EDGE('',*,*,#803,.T.);
#521=ORIENTED_EDGE('',*,*,#929,.F.);
#522=ORIENTED_EDGE('',*,*,#756,.F.);
#523=ORIENTED_EDGE('',*,*,#929,.T.);
#524=ORIENTED_EDGE('',*,*,#810,.T.);
#525=ORIENTED_EDGE('',*,*,#930,.F.);
#526=ORIENTED_EDGE('',*,*,#757,.F.);
#527=ORIENTED_EDGE('',*,*,#930,.T.);
#528=ORIENTED_EDGE('',*,*,#809,.T.);
#529=ORIENTED_EDGE('',*,*,#931,.F.);
#530=ORIENTED_EDGE('',*,*,#758,.F.);
#531=ORIENTED_EDGE('',*,*,#931,.T.);
#532=ORIENTED_EDGE('',*,*,#808,.T.);
#533=ORIENTED_EDGE('',*,*,#932,.F.);
#534=ORIENTED_EDGE('',*,*,#759,.F.);
#535=ORIENTED_EDGE('',*,*,#932,.T.);
#536=ORIENTED_EDGE('',*,*,#807,.T.);
#537=ORIENTED_EDGE('',*,*,#933,.F.);
#538=ORIENTED_EDGE('',*,*,#760,.F.);
#539=ORIENTED_EDGE('',*,*,#755,.T.);
#540=ORIENTED_EDGE('',*,*,#934,.T.);
#541=ORIENTED_EDGE('',*,*,#804,.F.);
#542=ORIENTED_EDGE('',*,*,#928,.F.);
#543=ORIENTED_EDGE('',*,*,#761,.T.);
#544=ORIENTED_EDGE('',*,*,#933,.T.);
#545=ORIENTED_EDGE('',*,*,#806,.F.);
#546=ORIENTED_EDGE('',*,*,#935,.F.);
#547=ORIENTED_EDGE('',*,*,#935,.T.);
#548=ORIENTED_EDGE('',*,*,#805,.T.);
#549=ORIENTED_EDGE('',*,*,#934,.F.);
#550=ORIENTED_EDGE('',*,*,#762,.F.);
#551=ORIENTED_EDGE('',*,*,#936,.T.);
#552=ORIENTED_EDGE('',*,*,#847,.T.);
#553=ORIENTED_EDGE('',*,*,#937,.F.);
#554=ORIENTED_EDGE('',*,*,#764,.F.);
#555=ORIENTED_EDGE('',*,*,#937,.T.);
#556=ORIENTED_EDGE('',*,*,#854,.T.);
#557=ORIENTED_EDGE('',*,*,#938,.F.);
#558=ORIENTED_EDGE('',*,*,#765,.F.);
#559=ORIENTED_EDGE('',*,*,#938,.T.);
#560=ORIENTED_EDGE('',*,*,#853,.T.);
#561=ORIENTED_EDGE('',*,*,#939,.F.);
#562=ORIENTED_EDGE('',*,*,#766,.F.);
#563=ORIENTED_EDGE('',*,*,#939,.T.);
#564=ORIENTED_EDGE('',*,*,#852,.T.);
#565=ORIENTED_EDGE('',*,*,#940,.F.);
#566=ORIENTED_EDGE('',*,*,#767,.F.);
#567=ORIENTED_EDGE('',*,*,#940,.T.);
#568=ORIENTED_EDGE('',*,*,#851,.T.);
#569=ORIENTED_EDGE('',*,*,#941,.F.);
#570=ORIENTED_EDGE('',*,*,#768,.F.);
#571=ORIENTED_EDGE('',*,*,#763,.T.);
#572=ORIENTED_EDGE('',*,*,#942,.T.);
#573=ORIENTED_EDGE('',*,*,#848,.F.);
#574=ORIENTED_EDGE('',*,*,#936,.F.);
#575=ORIENTED_EDGE('',*,*,#769,.T.);
#576=ORIENTED_EDGE('',*,*,#941,.T.);
#577=ORIENTED_EDGE('',*,*,#850,.F.);
#578=ORIENTED_EDGE('',*,*,#943,.F.);
#579=ORIENTED_EDGE('',*,*,#943,.T.);
#580=ORIENTED_EDGE('',*,*,#849,.T.);
#581=ORIENTED_EDGE('',*,*,#942,.F.);
#582=ORIENTED_EDGE('',*,*,#770,.F.);
#583=ORIENTED_EDGE('',*,*,#944,.F.);
#584=ORIENTED_EDGE('',*,*,#893,.T.);
#585=ORIENTED_EDGE('',*,*,#802,.F.);
#586=ORIENTED_EDGE('',*,*,#944,.T.);
#587=ORIENTED_EDGE('',*,*,#889,.F.);
#588=ORIENTED_EDGE('',*,*,#798,.T.);
#589=ORIENTED_EDGE('',*,*,#791,.T.);
#590=ORIENTED_EDGE('',*,*,#945,.F.);
#591=ORIENTED_EDGE('',*,*,#790,.F.);
#592=ORIENTED_EDGE('',*,*,#895,.T.);
#593=ORIENTED_EDGE('',*,*,#890,.T.);
#594=ORIENTED_EDGE('',*,*,#945,.T.);
#595=ORIENTED_EDGE('',*,*,#946,.T.);
#596=ORIENTED_EDGE('',*,*,#947,.T.);
#597=ORIENTED_EDGE('',*,*,#793,.T.);
#598=ORIENTED_EDGE('',*,*,#800,.F.);
#599=ORIENTED_EDGE('',*,*,#888,.T.);
#600=ORIENTED_EDGE('',*,*,#859,.F.);
#601=ORIENTED_EDGE('',*,*,#882,.T.);
#602=ORIENTED_EDGE('',*,*,#948,.T.);
#603=ORIENTED_EDGE('',*,*,#949,.F.);
#604=ORIENTED_EDGE('',*,*,#950,.T.);
#605=ORIENTED_EDGE('',*,*,#951,.F.);
#606=ORIENTED_EDGE('',*,*,#952,.T.);
#607=ORIENTED_EDGE('',*,*,#953,.T.);
#608=ORIENTED_EDGE('',*,*,#954,.T.);
#609=ORIENTED_EDGE('',*,*,#881,.T.);
#610=ORIENTED_EDGE('',*,*,#876,.T.);
#611=ORIENTED_EDGE('',*,*,#886,.T.);
#612=ORIENTED_EDGE('',*,*,#883,.T.);
#613=ORIENTED_EDGE('',*,*,#786,.T.);
#614=ORIENTED_EDGE('',*,*,#955,.F.);
#615=ORIENTED_EDGE('',*,*,#951,.T.);
#616=ORIENTED_EDGE('',*,*,#956,.T.);
#617=ORIENTED_EDGE('',*,*,#957,.F.);
#618=ORIENTED_EDGE('',*,*,#958,.T.);
#619=ORIENTED_EDGE('',*,*,#949,.T.);
#620=ORIENTED_EDGE('',*,*,#959,.T.);
#621=ORIENTED_EDGE('',*,*,#960,.F.);
#622=ORIENTED_EDGE('',*,*,#961,.T.);
#623=ORIENTED_EDGE('',*,*,#962,.T.);
#624=ORIENTED_EDGE('',*,*,#963,.T.);
#625=ORIENTED_EDGE('',*,*,#794,.F.);
#626=ORIENTED_EDGE('',*,*,#964,.T.);
#627=ORIENTED_EDGE('',*,*,#965,.T.);
#628=ORIENTED_EDGE('',*,*,#966,.T.);
#629=ORIENTED_EDGE('',*,*,#953,.F.);
#630=ORIENTED_EDGE('',*,*,#967,.T.);
#631=ORIENTED_EDGE('',*,*,#965,.F.);
#632=ORIENTED_EDGE('',*,*,#968,.T.);
#633=ORIENTED_EDGE('',*,*,#957,.T.);
#634=ORIENTED_EDGE('',*,*,#969,.T.);
#635=ORIENTED_EDGE('',*,*,#960,.T.);
#636=ORIENTED_EDGE('',*,*,#970,.T.);
#637=ORIENTED_EDGE('',*,*,#962,.F.);
#638=ORIENTED_EDGE('',*,*,#971,.T.);
#639=ORIENTED_EDGE('',*,*,#863,.F.);
#640=ORIENTED_EDGE('',*,*,#972,.T.);
#641=ORIENTED_EDGE('',*,*,#868,.T.);
#642=ORIENTED_EDGE('',*,*,#865,.F.);
#643=ORIENTED_EDGE('',*,*,#946,.F.);
#644=ORIENTED_EDGE('',*,*,#973,.F.);
#645=ORIENTED_EDGE('',*,*,#974,.T.);
#646=ORIENTED_EDGE('',*,*,#975,.T.);
#647=ORIENTED_EDGE('',*,*,#947,.F.);
#648=ORIENTED_EDGE('',*,*,#975,.F.);
#649=ORIENTED_EDGE('',*,*,#976,.T.);
#650=ORIENTED_EDGE('',*,*,#781,.T.);
#651=ORIENTED_EDGE('',*,*,#955,.T.);
#652=ORIENTED_EDGE('',*,*,#785,.F.);
#653=ORIENTED_EDGE('',*,*,#977,.F.);
#654=ORIENTED_EDGE('',*,*,#973,.T.);
#655=ORIENTED_EDGE('',*,*,#974,.F.);
#656=ORIENTED_EDGE('',*,*,#977,.T.);
#657=ORIENTED_EDGE('',*,*,#784,.T.);
#658=ORIENTED_EDGE('',*,*,#778,.F.);
#659=ORIENTED_EDGE('',*,*,#772,.F.);
#660=ORIENTED_EDGE('',*,*,#775,.T.);
#661=ORIENTED_EDGE('',*,*,#782,.T.);
#662=ORIENTED_EDGE('',*,*,#976,.F.);
#663=ORIENTED_EDGE('',*,*,#872,.F.);
#664=ORIENTED_EDGE('',*,*,#830,.F.);
#665=ORIENTED_EDGE('',*,*,#978,.F.);
#666=ORIENTED_EDGE('',*,*,#862,.F.);
#667=ORIENTED_EDGE('',*,*,#871,.F.);
#668=ORIENTED_EDGE('',*,*,#869,.F.);
#669=ORIENTED_EDGE('',*,*,#979,.F.);
#670=ORIENTED_EDGE('',*,*,#828,.F.);
#671=ORIENTED_EDGE('',*,*,#978,.T.);
#672=ORIENTED_EDGE('',*,*,#829,.F.);
#673=ORIENTED_EDGE('',*,*,#979,.T.);
#674=ORIENTED_EDGE('',*,*,#972,.F.);
#675=ORIENTED_EDGE('',*,*,#970,.F.);
#676=ORIENTED_EDGE('',*,*,#959,.F.);
#677=ORIENTED_EDGE('',*,*,#948,.F.);
#678=ORIENTED_EDGE('',*,*,#795,.F.);
#679=ORIENTED_EDGE('',*,*,#963,.F.);
#680=ORIENTED_EDGE('',*,*,#971,.F.);
#681=ORIENTED_EDGE('',*,*,#964,.F.);
#682=ORIENTED_EDGE('',*,*,#797,.F.);
#683=ORIENTED_EDGE('',*,*,#954,.F.);
#684=ORIENTED_EDGE('',*,*,#966,.F.);
#685=ORIENTED_EDGE('',*,*,#969,.F.);
#686=ORIENTED_EDGE('',*,*,#956,.F.);
#687=ORIENTED_EDGE('',*,*,#950,.F.);
#688=ORIENTED_EDGE('',*,*,#961,.F.);
#689=ORIENTED_EDGE('',*,*,#968,.F.);
#690=ORIENTED_EDGE('',*,*,#967,.F.);
#691=ORIENTED_EDGE('',*,*,#952,.F.);
#692=ORIENTED_EDGE('',*,*,#958,.F.);
#693=EDGE_CURVE('',#980,#981,#1172,.T.);
#694=EDGE_CURVE('',#980,#982,#1173,.T.);
#695=EDGE_CURVE('',#982,#983,#1174,.T.);
#696=EDGE_CURVE('',#981,#983,#1175,.T.);
#697=EDGE_CURVE('',#984,#985,#1176,.T.);
#698=EDGE_CURVE('',#984,#980,#1177,.T.);
#699=EDGE_CURVE('',#985,#981,#1178,.T.);
#700=EDGE_CURVE('',#984,#986,#1179,.T.);
#701=EDGE_CURVE('',#985,#987,#1180,.T.);
#702=EDGE_CURVE('',#986,#987,#1181,.T.);
#703=EDGE_CURVE('',#988,#989,#1182,.T.);
#704=EDGE_CURVE('',#989,#990,#1183,.T.);
#705=EDGE_CURVE('',#991,#990,#1184,.T.);
#706=EDGE_CURVE('',#991,#988,#1185,.F.);
#707=EDGE_CURVE('',#992,#993,#1186,.T.);
#708=EDGE_CURVE('',#992,#994,#1187,.T.);
#709=EDGE_CURVE('',#994,#995,#1188,.T.);
#710=EDGE_CURVE('',#993,#995,#1189,.T.);
#711=EDGE_CURVE('',#993,#996,#1190,.T.);
#712=EDGE_CURVE('',#995,#997,#1191,.T.);
#713=EDGE_CURVE('',#996,#997,#1192,.T.);
#714=EDGE_CURVE('',#998,#997,#1193,.T.);
#715=EDGE_CURVE('',#998,#999,#1194,.F.);
#716=EDGE_CURVE('',#999,#996,#1195,.T.);
#717=EDGE_CURVE('',#986,#982,#1196,.T.);
#718=EDGE_CURVE('',#987,#983,#1197,.T.);
#719=EDGE_CURVE('',#990,#998,#51,.F.);
#720=EDGE_CURVE('',#994,#991,#52,.F.);
#721=EDGE_CURVE('',#999,#989,#53,.T.);
#722=EDGE_CURVE('',#988,#992,#54,.T.);
#723=EDGE_CURVE('',#1000,#1001,#1198,.T.);
#724=EDGE_CURVE('',#1000,#1002,#55,.F.);
#725=EDGE_CURVE('',#1002,#1003,#1199,.T.);
#726=EDGE_CURVE('',#1003,#1004,#56,.F.);
#727=EDGE_CURVE('',#1004,#1005,#1200,.T.);
#728=EDGE_CURVE('',#1005,#1006,#57,.F.);
#729=EDGE_CURVE('',#1007,#1006,#1201,.T.);
#730=EDGE_CURVE('',#1007,#1001,#58,.F.);
#731=EDGE_CURVE('',#1008,#1009,#1202,.T.);
#732=EDGE_CURVE('',#1008,#1010,#59,.F.);
#733=EDGE_CURVE('',#1010,#1011,#1203,.T.);
#734=EDGE_CURVE('',#1011,#1012,#60,.F.);
#735=EDGE_CURVE('',#1012,#1013,#1204,.T.);
#736=EDGE_CURVE('',#1013,#1014,#61,.F.);
#737=EDGE_CURVE('',#1015,#1014,#1205,.T.);
#738=EDGE_CURVE('',#1015,#1009,#62,.F.);
#739=EDGE_CURVE('',#1016,#1017,#1206,.T.);
#740=EDGE_CURVE('',#1016,#1018,#63,.F.);
#741=EDGE_CURVE('',#1018,#1019,#1207,.T.);
#742=EDGE_CURVE('',#1019,#1020,#64,.F.);
#743=EDGE_CURVE('',#1020,#1021,#1208,.T.);
#744=EDGE_CURVE('',#1021,#1022,#65,.F.);
#745=EDGE_CURVE('',#1023,#1022,#1209,.T.);
#746=EDGE_CURVE('',#1023,#1017,#66,.F.);
#747=EDGE_CURVE('',#1024,#1025,#1210,.T.);
#748=EDGE_CURVE('',#1024,#1026,#67,.F.);
#749=EDGE_CURVE('',#1026,#1027,#1211,.T.);
#750=EDGE_CURVE('',#1027,#1028,#68,.F.);
#751=EDGE_CURVE('',#1028,#1029,#1212,.T.);
#752=EDGE_CURVE('',#1029,#1030,#69,.F.);
#753=EDGE_CURVE('',#1031,#1030,#1213,.T.);
#754=EDGE_CURVE('',#1031,#1025,#70,.F.);
#755=EDGE_CURVE('',#1032,#1033,#1214,.T.);
#756=EDGE_CURVE('',#1032,#1034,#71,.F.);
#757=EDGE_CURVE('',#1034,#1035,#1215,.T.);
#758=EDGE_CURVE('',#1035,#1036,#72,.F.);
#759=EDGE_CURVE('',#1036,#1037,#1216,.T.);
#760=EDGE_CURVE('',#1037,#1038,#73,.F.);
#761=EDGE_CURVE('',#1039,#1038,#1217,.T.);
#762=EDGE_CURVE('',#1039,#1033,#74,.F.);
#763=EDGE_CURVE('',#1040,#1041,#1218,.T.);
#764=EDGE_CURVE('',#1040,#1042,#75,.F.);
#765=EDGE_CURVE('',#1042,#1043,#1219,.T.);
#766=EDGE_CURVE('',#1043,#1044,#76,.F.);
#767=EDGE_CURVE('',#1044,#1045,#1220,.T.);
#768=EDGE_CURVE('',#1045,#1046,#77,.F.);
#769=EDGE_CURVE('',#1047,#1046,#1221,.T.);
#770=EDGE_CURVE('',#1047,#1041,#78,.F.);
#771=EDGE_CURVE('',#1048,#1049,#1222,.T.);
#772=EDGE_CURVE('',#1048,#1050,#1223,.T.);
#773=EDGE_CURVE('',#1050,#1051,#1224,.T.);
#774=EDGE_CURVE('',#1049,#1051,#1225,.T.);
#775=EDGE_CURVE('',#1048,#1052,#1226,.T.);
#776=EDGE_CURVE('',#1049,#1053,#1227,.T.);
#777=EDGE_CURVE('',#1052,#1053,#1228,.T.);
#778=EDGE_CURVE('',#1050,#1054,#1229,.T.);
#779=EDGE_CURVE('',#1054,#1055,#1230,.T.);
#780=EDGE_CURVE('',#1051,#1055,#1231,.T.);
#781=EDGE_CURVE('',#1056,#1057,#1232,.T.);
#782=EDGE_CURVE('',#1052,#1056,#1233,.T.);
#783=EDGE_CURVE('',#1053,#1055,#1234,.T.);
#784=EDGE_CURVE('',#1058,#1054,#1235,.T.);
#785=EDGE_CURVE('',#1058,#1059,#1236,.T.);
#786=EDGE_CURVE('',#1060,#1059,#1237,.T.);
#787=EDGE_CURVE('',#1060,#1061,#1238,.T.);
#788=EDGE_CURVE('',#1061,#1062,#1239,.T.);
#789=EDGE_CURVE('',#1062,#1063,#1240,.T.);
#790=EDGE_CURVE('',#1063,#1064,#1241,.T.);
#791=EDGE_CURVE('',#1065,#1064,#1242,.T.);
#792=EDGE_CURVE('',#1066,#1065,#1243,.T.);
#793=EDGE_CURVE('',#1057,#1066,#1244,.T.);
#794=EDGE_CURVE('',#1067,#1068,#1245,.T.);
#795=EDGE_CURVE('',#1068,#1069,#79,.T.);
#796=EDGE_CURVE('',#1069,#1070,#1246,.T.);
#797=EDGE_CURVE('',#1070,#1067,#80,.T.);
#798=EDGE_CURVE('',#1071,#1065,#1247,.T.);
#799=EDGE_CURVE('',#1072,#1071,#1248,.T.);
#800=EDGE_CURVE('',#1072,#1066,#1249,.T.);
#801=EDGE_CURVE('',#1073,#1073,#81,.F.);
#802=EDGE_CURVE('',#1074,#1074,#82,.T.);
#803=EDGE_CURVE('',#1075,#1076,#83,.T.);
#804=EDGE_CURVE('',#1075,#1077,#1250,.T.);
#805=EDGE_CURVE('',#1078,#1077,#84,.T.);
#806=EDGE_CURVE('',#1078,#1079,#1251,.T.);
#807=EDGE_CURVE('',#1080,#1079,#85,.T.);
#808=EDGE_CURVE('',#1081,#1080,#1252,.T.);
#809=EDGE_CURVE('',#1082,#1081,#86,.T.);
#810=EDGE_CURVE('',#1076,#1082,#1253,.T.);
#811=EDGE_CURVE('',#1083,#1084,#87,.T.);
#812=EDGE_CURVE('',#1083,#1085,#1254,.T.);
#813=EDGE_CURVE('',#1086,#1085,#88,.T.);
#814=EDGE_CURVE('',#1086,#1087,#1255,.T.);
#815=EDGE_CURVE('',#1088,#1087,#89,.T.);
#816=EDGE_CURVE('',#1089,#1088,#1256,.T.);
#817=EDGE_CURVE('',#1090,#1089,#90,.T.);
#818=EDGE_CURVE('',#1084,#1090,#1257,.T.);
#819=EDGE_CURVE('',#1091,#1092,#91,.T.);
#820=EDGE_CURVE('',#1091,#1093,#1258,.T.);
#821=EDGE_CURVE('',#1094,#1093,#92,.T.);
#822=EDGE_CURVE('',#1094,#1095,#1259,.T.);
#823=EDGE_CURVE('',#1096,#1095,#93,.T.);
#824=EDGE_CURVE('',#1097,#1096,#1260,.T.);
#825=EDGE_CURVE('',#1098,#1097,#94,.T.);
#826=EDGE_CURVE('',#1092,#1098,#1261,.T.);
#827=EDGE_CURVE('',#1099,#1100,#1262,.T.);
#828=EDGE_CURVE('',#1100,#1101,#1263,.F.);
#829=EDGE_CURVE('',#1101,#1102,#1264,.F.);
#830=EDGE_CURVE('',#1102,#1099,#1265,.T.);
#831=EDGE_CURVE('',#1103,#1104,#95,.T.);
#832=EDGE_CURVE('',#1103,#1105,#1266,.T.);
#833=EDGE_CURVE('',#1106,#1105,#96,.T.);
#834=EDGE_CURVE('',#1106,#1107,#1267,.T.);
#835=EDGE_CURVE('',#1108,#1107,#97,.T.);
#836=EDGE_CURVE('',#1109,#1108,#1268,.T.);
#837=EDGE_CURVE('',#1110,#1109,#98,.T.);
#838=EDGE_CURVE('',#1104,#1110,#1269,.T.);
#839=EDGE_CURVE('',#1111,#1112,#99,.T.);
#840=EDGE_CURVE('',#1111,#1113,#1270,.T.);
#841=EDGE_CURVE('',#1114,#1113,#100,.T.);
#842=EDGE_CURVE('',#1114,#1115,#1271,.T.);
#843=EDGE_CURVE('',#1116,#1115,#101,.T.);
#844=EDGE_CURVE('',#1117,#1116,#1272,.T.);
#845=EDGE_CURVE('',#1118,#1117,#102,.T.);
#846=EDGE_CURVE('',#1112,#1118,#1273,.T.);
#847=EDGE_CURVE('',#1119,#1120,#103,.T.);
#848=EDGE_CURVE('',#1119,#1121,#1274,.T.);
#849=EDGE_CURVE('',#1122,#1121,#104,.T.);
#850=EDGE_CURVE('',#1122,#1123,#1275,.T.);
#851=EDGE_CURVE('',#1124,#1123,#105,.T.);
#852=EDGE_CURVE('',#1125,#1124,#1276,.T.);
#853=EDGE_CURVE('',#1126,#1125,#106,.T.);
#854=EDGE_CURVE('',#1120,#1126,#1277,.T.);
#855=EDGE_CURVE('',#1127,#1128,#1278,.T.);
#856=EDGE_CURVE('',#1127,#1129,#1279,.T.);
#857=EDGE_CURVE('',#1130,#1129,#1280,.T.);
#858=EDGE_CURVE('',#1131,#1130,#1281,.T.);
#859=EDGE_CURVE('',#1131,#1132,#1282,.T.);
#860=EDGE_CURVE('',#1132,#1128,#1283,.T.);
#861=EDGE_CURVE('',#1133,#1134,#1284,.T.);
#862=EDGE_CURVE('',#1133,#1135,#1285,.F.);
#863=EDGE_CURVE('',#1135,#1136,#1286,.T.);
#864=EDGE_CURVE('',#1136,#1134,#1287,.T.);
#865=EDGE_CURVE('',#1136,#1137,#1288,.T.);
#866=EDGE_CURVE('',#1137,#1138,#1289,.T.);
#867=EDGE_CURVE('',#1134,#1138,#1290,.T.);
#868=EDGE_CURVE('',#1139,#1137,#1291,.T.);
#869=EDGE_CURVE('',#1139,#1140,#1292,.T.);
#870=EDGE_CURVE('',#1140,#1138,#1293,.T.);
#871=EDGE_CURVE('',#1140,#1100,#107,.T.);
#872=EDGE_CURVE('',#1099,#1133,#108,.T.);
#873=EDGE_CURVE('',#1141,#1142,#1294,.T.);
#874=EDGE_CURVE('',#1141,#1143,#1295,.T.);
#875=EDGE_CURVE('',#1144,#1143,#1296,.T.);
#876=EDGE_CURVE('',#1145,#1144,#1297,.T.);
#877=EDGE_CURVE('',#1145,#1146,#1298,.T.);
#878=EDGE_CURVE('',#1146,#1142,#1299,.T.);
#879=EDGE_CURVE('',#1142,#1129,#1300,.T.);
#880=EDGE_CURVE('',#1146,#1130,#1301,.T.);
#881=EDGE_CURVE('',#1070,#1145,#1302,.T.);
#882=EDGE_CURVE('',#1131,#1069,#1303,.T.);
#883=EDGE_CURVE('',#1147,#1060,#1304,.T.);
#884=EDGE_CURVE('',#1147,#1148,#1305,.T.);
#885=EDGE_CURVE('',#1148,#1061,#1306,.T.);
#886=EDGE_CURVE('',#1144,#1147,#1307,.T.);
#887=EDGE_CURVE('',#1143,#1128,#1308,.T.);
#888=EDGE_CURVE('',#1072,#1132,#1309,.T.);
#889=EDGE_CURVE('',#1071,#1149,#1310,.T.);
#890=EDGE_CURVE('',#1150,#1149,#1311,.T.);
#891=EDGE_CURVE('',#1151,#1150,#1312,.T.);
#892=EDGE_CURVE('',#1148,#1151,#1313,.T.);
#893=EDGE_CURVE('',#1152,#1152,#109,.T.);
#894=EDGE_CURVE('',#1141,#1127,#1314,.T.);
#895=EDGE_CURVE('',#1063,#1150,#1315,.T.);
#896=EDGE_CURVE('',#1000,#1091,#1316,.T.);
#897=EDGE_CURVE('',#1002,#1092,#1317,.T.);
#898=EDGE_CURVE('',#1003,#1098,#1318,.T.);
#899=EDGE_CURVE('',#1004,#1097,#1319,.T.);
#900=EDGE_CURVE('',#1005,#1096,#1320,.T.);
#901=EDGE_CURVE('',#1006,#1095,#1321,.T.);
#902=EDGE_CURVE('',#1001,#1093,#1322,.T.);
#903=EDGE_CURVE('',#1007,#1094,#1323,.T.);
#904=EDGE_CURVE('',#1008,#1103,#1324,.T.);
#905=EDGE_CURVE('',#1010,#1104,#1325,.T.);
#906=EDGE_CURVE('',#1011,#1110,#1326,.T.);
#907=EDGE_CURVE('',#1012,#1109,#1327,.T.);
#908=EDGE_CURVE('',#1013,#1108,#1328,.T.);
#909=EDGE_CURVE('',#1014,#1107,#1329,.T.);
#910=EDGE_CURVE('',#1009,#1105,#1330,.T.);
#911=EDGE_CURVE('',#1015,#1106,#1331,.T.);
#912=EDGE_CURVE('',#1016,#1083,#1332,.T.);
#913=EDGE_CURVE('',#1018,#1084,#1333,.T.);
#914=EDGE_CURVE('',#1019,#1090,#1334,.T.);
#915=EDGE_CURVE('',#1020,#1089,#1335,.T.);
#916=EDGE_CURVE('',#1021,#1088,#1336,.T.);
#917=EDGE_CURVE('',#1022,#1087,#1337,.T.);
#918=EDGE_CURVE('',#1017,#1085,#1338,.T.);
#919=EDGE_CURVE('',#1023,#1086,#1339,.T.);
#920=EDGE_CURVE('',#1024,#1111,#1340,.T.);
#921=EDGE_CURVE('',#1026,#1112,#1341,.T.);
#922=EDGE_CURVE('',#1027,#1118,#1342,.T.);
#923=EDGE_CURVE('',#1028,#1117,#1343,.T.);
#924=EDGE_CURVE('',#1029,#1116,#1344,.T.);
#925=EDGE_CURVE('',#1030,#1115,#1345,.T.);
#926=EDGE_CURVE('',#1025,#1113,#1346,.T.);
#927=EDGE_CURVE('',#1031,#1114,#1347,.T.);
#928=EDGE_CURVE('',#1032,#1075,#1348,.T.);
#929=EDGE_CURVE('',#1034,#1076,#1349,.T.);
#930=EDGE_CURVE('',#1035,#1082,#1350,.T.);
#931=EDGE_CURVE('',#1036,#1081,#1351,.T.);
#932=EDGE_CURVE('',#1037,#1080,#1352,.T.);
#933=EDGE_CURVE('',#1038,#1079,#1353,.T.);
#934=EDGE_CURVE('',#1033,#1077,#1354,.T.);
#935=EDGE_CURVE('',#1039,#1078,#1355,.T.);
#936=EDGE_CURVE('',#1040,#1119,#1356,.T.);
#937=EDGE_CURVE('',#1042,#1120,#1357,.T.);
#938=EDGE_CURVE('',#1043,#1126,#1358,.T.);
#939=EDGE_CURVE('',#1044,#1125,#1359,.T.);
#940=EDGE_CURVE('',#1045,#1124,#1360,.T.);
#941=EDGE_CURVE('',#1046,#1123,#1361,.T.);
#942=EDGE_CURVE('',#1041,#1121,#1362,.T.);
#943=EDGE_CURVE('',#1047,#1122,#1363,.T.);
#944=EDGE_CURVE('',#1153,#1153,#110,.T.);
#945=EDGE_CURVE('',#1149,#1064,#1364,.T.);
#946=EDGE_CURVE('',#1154,#1155,#1365,.T.);
#947=EDGE_CURVE('',#1155,#1057,#1366,.T.);
#948=EDGE_CURVE('',#1069,#1156,#111,.T.);
#949=EDGE_CURVE('',#1157,#1156,#1367,.T.);
#950=EDGE_CURVE('',#1157,#1158,#112,.T.);
#951=EDGE_CURVE('',#1159,#1158,#1368,.T.);
#952=EDGE_CURVE('',#1159,#1160,#113,.T.);
#953=EDGE_CURVE('',#1160,#1161,#1369,.T.);
#954=EDGE_CURVE('',#1161,#1070,#114,.T.);
#955=EDGE_CURVE('',#1154,#1059,#1370,.T.);
#956=EDGE_CURVE('',#1158,#1162,#1371,.F.);
#957=EDGE_CURVE('',#1163,#1162,#1372,.T.);
#958=EDGE_CURVE('',#1163,#1159,#1373,.T.);
#959=EDGE_CURVE('',#1156,#1164,#1374,.F.);
#960=EDGE_CURVE('',#1165,#1164,#1375,.T.);
#961=EDGE_CURVE('',#1165,#1157,#1376,.T.);
#962=EDGE_CURVE('',#1166,#1167,#1377,.T.);
#963=EDGE_CURVE('',#1167,#1068,#1378,.T.);
#964=EDGE_CURVE('',#1067,#1166,#1379,.F.);
#965=EDGE_CURVE('',#1168,#1169,#1380,.T.);
#966=EDGE_CURVE('',#1169,#1161,#1381,.T.);
#967=EDGE_CURVE('',#1160,#1168,#1382,.F.);
#968=EDGE_CURVE('',#1168,#1163,#115,.F.);
#969=EDGE_CURVE('',#1162,#1165,#116,.F.);
#970=EDGE_CURVE('',#1164,#1167,#117,.F.);
#971=EDGE_CURVE('',#1166,#1169,#118,.F.);
#972=EDGE_CURVE('',#1135,#1139,#1383,.T.);
#973=EDGE_CURVE('',#1170,#1154,#1384,.T.);
#974=EDGE_CURVE('',#1170,#1171,#1385,.T.);
#975=EDGE_CURVE('',#1171,#1155,#1386,.T.);
#976=EDGE_CURVE('',#1171,#1056,#1387,.T.);
#977=EDGE_CURVE('',#1170,#1058,#1388,.T.);
#978=EDGE_CURVE('',#1135,#1102,#10,.T.);
#979=EDGE_CURVE('',#1101,#1139,#11,.F.);
#980=VERTEX_POINT('',#2786);
#981=VERTEX_POINT('',#2787);
#982=VERTEX_POINT('',#2789);
#983=VERTEX_POINT('',#2791);
#984=VERTEX_POINT('',#2795);
#985=VERTEX_POINT('',#2796);
#986=VERTEX_POINT('',#2801);
#987=VERTEX_POINT('',#2803);
#988=VERTEX_POINT('',#2807);
#989=VERTEX_POINT('',#2808);
#990=VERTEX_POINT('',#2810);
#991=VERTEX_POINT('',#2812);
#992=VERTEX_POINT('',#2816);
#993=VERTEX_POINT('',#2817);
#994=VERTEX_POINT('',#2819);
#995=VERTEX_POINT('',#2821);
#996=VERTEX_POINT('',#2825);
#997=VERTEX_POINT('',#2827);
#998=VERTEX_POINT('',#2831);
#999=VERTEX_POINT('',#2833);
#1000=VERTEX_POINT('',#2849);
#1001=VERTEX_POINT('',#2850);
#1002=VERTEX_POINT('',#2852);
#1003=VERTEX_POINT('',#2854);
#1004=VERTEX_POINT('',#2856);
#1005=VERTEX_POINT('',#2858);
#1006=VERTEX_POINT('',#2860);
#1007=VERTEX_POINT('',#2862);
#1008=VERTEX_POINT('',#2865);
#1009=VERTEX_POINT('',#2866);
#1010=VERTEX_POINT('',#2868);
#1011=VERTEX_POINT('',#2870);
#1012=VERTEX_POINT('',#2872);
#1013=VERTEX_POINT('',#2874);
#1014=VERTEX_POINT('',#2876);
#1015=VERTEX_POINT('',#2878);
#1016=VERTEX_POINT('',#2881);
#1017=VERTEX_POINT('',#2882);
#1018=VERTEX_POINT('',#2884);
#1019=VERTEX_POINT('',#2886);
#1020=VERTEX_POINT('',#2888);
#1021=VERTEX_POINT('',#2890);
#1022=VERTEX_POINT('',#2892);
#1023=VERTEX_POINT('',#2894);
#1024=VERTEX_POINT('',#2897);
#1025=VERTEX_POINT('',#2898);
#1026=VERTEX_POINT('',#2900);
#1027=VERTEX_POINT('',#2902);
#1028=VERTEX_POINT('',#2904);
#1029=VERTEX_POINT('',#2906);
#1030=VERTEX_POINT('',#2908);
#1031=VERTEX_POINT('',#2910);
#1032=VERTEX_POINT('',#2913);
#1033=VERTEX_POINT('',#2914);
#1034=VERTEX_POINT('',#2916);
#1035=VERTEX_POINT('',#2918);
#1036=VERTEX_POINT('',#2920);
#1037=VERTEX_POINT('',#2922);
#1038=VERTEX_POINT('',#2924);
#1039=VERTEX_POINT('',#2926);
#1040=VERTEX_POINT('',#2929);
#1041=VERTEX_POINT('',#2930);
#1042=VERTEX_POINT('',#2932);
#1043=VERTEX_POINT('',#2934);
#1044=VERTEX_POINT('',#2936);
#1045=VERTEX_POINT('',#2938);
#1046=VERTEX_POINT('',#2940);
#1047=VERTEX_POINT('',#2942);
#1048=VERTEX_POINT('',#2945);
#1049=VERTEX_POINT('',#2946);
#1050=VERTEX_POINT('',#2948);
#1051=VERTEX_POINT('',#2950);
#1052=VERTEX_POINT('',#2954);
#1053=VERTEX_POINT('',#2956);
#1054=VERTEX_POINT('',#2960);
#1055=VERTEX_POINT('',#2962);
#1056=VERTEX_POINT('',#2966);
#1057=VERTEX_POINT('',#2967);
#1058=VERTEX_POINT('',#2971);
#1059=VERTEX_POINT('',#2973);
#1060=VERTEX_POINT('',#2975);
#1061=VERTEX_POINT('',#2977);
#1062=VERTEX_POINT('',#2979);
#1063=VERTEX_POINT('',#2981);
#1064=VERTEX_POINT('',#2983);
#1065=VERTEX_POINT('',#2985);
#1066=VERTEX_POINT('',#2987);
#1067=VERTEX_POINT('',#2991);
#1068=VERTEX_POINT('',#2992);
#1069=VERTEX_POINT('',#2994);
#1070=VERTEX_POINT('',#2996);
#1071=VERTEX_POINT('',#3000);
#1072=VERTEX_POINT('',#3002);
#1073=VERTEX_POINT('',#3006);
#1074=VERTEX_POINT('',#3008);
#1075=VERTEX_POINT('',#3011);
#1076=VERTEX_POINT('',#3012);
#1077=VERTEX_POINT('',#3014);
#1078=VERTEX_POINT('',#3016);
#1079=VERTEX_POINT('',#3018);
#1080=VERTEX_POINT('',#3020);
#1081=VERTEX_POINT('',#3022);
#1082=VERTEX_POINT('',#3024);
#1083=VERTEX_POINT('',#3027);
#1084=VERTEX_POINT('',#3028);
#1085=VERTEX_POINT('',#3030);
#1086=VERTEX_POINT('',#3032);
#1087=VERTEX_POINT('',#3034);
#1088=VERTEX_POINT('',#3036);
#1089=VERTEX_POINT('',#3038);
#1090=VERTEX_POINT('',#3040);
#1091=VERTEX_POINT('',#3043);
#1092=VERTEX_POINT('',#3044);
#1093=VERTEX_POINT('',#3046);
#1094=VERTEX_POINT('',#3048);
#1095=VERTEX_POINT('',#3050);
#1096=VERTEX_POINT('',#3052);
#1097=VERTEX_POINT('',#3054);
#1098=VERTEX_POINT('',#3056);
#1099=VERTEX_POINT('',#3059);
#1100=VERTEX_POINT('',#3060);
#1101=VERTEX_POINT('',#3062);
#1102=VERTEX_POINT('',#3064);
#1103=VERTEX_POINT('',#3067);
#1104=VERTEX_POINT('',#3068);
#1105=VERTEX_POINT('',#3070);
#1106=VERTEX_POINT('',#3072);
#1107=VERTEX_POINT('',#3074);
#1108=VERTEX_POINT('',#3076);
#1109=VERTEX_POINT('',#3078);
#1110=VERTEX_POINT('',#3080);
#1111=VERTEX_POINT('',#3083);
#1112=VERTEX_POINT('',#3084);
#1113=VERTEX_POINT('',#3086);
#1114=VERTEX_POINT('',#3088);
#1115=VERTEX_POINT('',#3090);
#1116=VERTEX_POINT('',#3092);
#1117=VERTEX_POINT('',#3094);
#1118=VERTEX_POINT('',#3096);
#1119=VERTEX_POINT('',#3099);
#1120=VERTEX_POINT('',#3100);
#1121=VERTEX_POINT('',#3102);
#1122=VERTEX_POINT('',#3104);
#1123=VERTEX_POINT('',#3106);
#1124=VERTEX_POINT('',#3108);
#1125=VERTEX_POINT('',#3110);
#1126=VERTEX_POINT('',#3112);
#1127=VERTEX_POINT('',#3116);
#1128=VERTEX_POINT('',#3117);
#1129=VERTEX_POINT('',#3119);
#1130=VERTEX_POINT('',#3121);
#1131=VERTEX_POINT('',#3123);
#1132=VERTEX_POINT('',#3125);
#1133=VERTEX_POINT('',#3129);
#1134=VERTEX_POINT('',#3130);
#1135=VERTEX_POINT('',#3132);
#1136=VERTEX_POINT('',#3134);
#1137=VERTEX_POINT('',#3138);
#1138=VERTEX_POINT('',#3140);
#1139=VERTEX_POINT('',#3144);
#1140=VERTEX_POINT('',#3146);
#1141=VERTEX_POINT('',#3153);
#1142=VERTEX_POINT('',#3154);
#1143=VERTEX_POINT('',#3156);
#1144=VERTEX_POINT('',#3158);
#1145=VERTEX_POINT('',#3160);
#1146=VERTEX_POINT('',#3162);
#1147=VERTEX_POINT('',#3172);
#1148=VERTEX_POINT('',#3174);
#1149=VERTEX_POINT('',#3181);
#1150=VERTEX_POINT('',#3183);
#1151=VERTEX_POINT('',#3185);
#1152=VERTEX_POINT('',#3188);
#1153=VERTEX_POINT('',#3292);
#1154=VERTEX_POINT('',#3299);
#1155=VERTEX_POINT('',#3300);
#1156=VERTEX_POINT('',#3303);
#1157=VERTEX_POINT('',#3305);
#1158=VERTEX_POINT('',#3307);
#1159=VERTEX_POINT('',#3309);
#1160=VERTEX_POINT('',#3311);
#1161=VERTEX_POINT('',#3313);
#1162=VERTEX_POINT('',#3318);
#1163=VERTEX_POINT('',#3320);
#1164=VERTEX_POINT('',#3324);
#1165=VERTEX_POINT('',#3326);
#1166=VERTEX_POINT('',#3330);
#1167=VERTEX_POINT('',#3331);
#1168=VERTEX_POINT('',#3336);
#1169=VERTEX_POINT('',#3337);
#1170=VERTEX_POINT('',#3348);
#1171=VERTEX_POINT('',#3350);
#1172=LINE('',#2785,#1389);
#1173=LINE('',#2788,#1390);
#1174=LINE('',#2790,#1391);
#1175=LINE('',#2792,#1392);
#1176=LINE('',#2794,#1393);
#1177=LINE('',#2797,#1394);
#1178=LINE('',#2798,#1395);
#1179=LINE('',#2800,#1396);
#1180=LINE('',#2802,#1397);
#1181=LINE('',#2804,#1398);
#1182=LINE('',#2806,#1399);
#1183=LINE('',#2809,#1400);
#1184=LINE('',#2811,#1401);
#1185=LINE('',#2813,#1402);
#1186=LINE('',#2815,#1403);
#1187=LINE('',#2818,#1404);
#1188=LINE('',#2820,#1405);
#1189=LINE('',#2822,#1406);
#1190=LINE('',#2824,#1407);
#1191=LINE('',#2826,#1408);
#1192=LINE('',#2828,#1409);
#1193=LINE('',#2830,#1410);
#1194=LINE('',#2832,#1411);
#1195=LINE('',#2834,#1412);
#1196=LINE('',#2836,#1413);
#1197=LINE('',#2837,#1414);
#1198=LINE('',#2848,#1415);
#1199=LINE('',#2853,#1416);
#1200=LINE('',#2857,#1417);
#1201=LINE('',#2861,#1418);
#1202=LINE('',#2864,#1419);
#1203=LINE('',#2869,#1420);
#1204=LINE('',#2873,#1421);
#1205=LINE('',#2877,#1422);
#1206=LINE('',#2880,#1423);
#1207=LINE('',#2885,#1424);
#1208=LINE('',#2889,#1425);
#1209=LINE('',#2893,#1426);
#1210=LINE('',#2896,#1427);
#1211=LINE('',#2901,#1428);
#1212=LINE('',#2905,#1429);
#1213=LINE('',#2909,#1430);
#1214=LINE('',#2912,#1431);
#1215=LINE('',#2917,#1432);
#1216=LINE('',#2921,#1433);
#1217=LINE('',#2925,#1434);
#1218=LINE('',#2928,#1435);
#1219=LINE('',#2933,#1436);
#1220=LINE('',#2937,#1437);
#1221=LINE('',#2941,#1438);
#1222=LINE('',#2944,#1439);
#1223=LINE('',#2947,#1440);
#1224=LINE('',#2949,#1441);
#1225=LINE('',#2951,#1442);
#1226=LINE('',#2953,#1443);
#1227=LINE('',#2955,#1444);
#1228=LINE('',#2957,#1445);
#1229=LINE('',#2959,#1446);
#1230=LINE('',#2961,#1447);
#1231=LINE('',#2963,#1448);
#1232=LINE('',#2965,#1449);
#1233=LINE('',#2968,#1450);
#1234=LINE('',#2969,#1451);
#1235=LINE('',#2970,#1452);
#1236=LINE('',#2972,#1453);
#1237=LINE('',#2974,#1454);
#1238=LINE('',#2976,#1455);
#1239=LINE('',#2978,#1456);
#1240=LINE('',#2980,#1457);
#1241=LINE('',#2982,#1458);
#1242=LINE('',#2984,#1459);
#1243=LINE('',#2986,#1460);
#1244=LINE('',#2988,#1461);
#1245=LINE('',#2990,#1462);
#1246=LINE('',#2995,#1463);
#1247=LINE('',#2999,#1464);
#1248=LINE('',#3001,#1465);
#1249=LINE('',#3003,#1466);
#1250=LINE('',#3013,#1467);
#1251=LINE('',#3017,#1468);
#1252=LINE('',#3021,#1469);
#1253=LINE('',#3025,#1470);
#1254=LINE('',#3029,#1471);
#1255=LINE('',#3033,#1472);
#1256=LINE('',#3037,#1473);
#1257=LINE('',#3041,#1474);
#1258=LINE('',#3045,#1475);
#1259=LINE('',#3049,#1476);
#1260=LINE('',#3053,#1477);
#1261=LINE('',#3057,#1478);
#1262=LINE('',#3058,#1479);
#1263=LINE('',#3061,#1480);
#1264=LINE('',#3063,#1481);
#1265=LINE('',#3065,#1482);
#1266=LINE('',#3069,#1483);
#1267=LINE('',#3073,#1484);
#1268=LINE('',#3077,#1485);
#1269=LINE('',#3081,#1486);
#1270=LINE('',#3085,#1487);
#1271=LINE('',#3089,#1488);
#1272=LINE('',#3093,#1489);
#1273=LINE('',#3097,#1490);
#1274=LINE('',#3101,#1491);
#1275=LINE('',#3105,#1492);
#1276=LINE('',#3109,#1493);
#1277=LINE('',#3113,#1494);
#1278=LINE('',#3115,#1495);
#1279=LINE('',#3118,#1496);
#1280=LINE('',#3120,#1497);
#1281=LINE('',#3122,#1498);
#1282=LINE('',#3124,#1499);
#1283=LINE('',#3126,#1500);
#1284=LINE('',#3128,#1501);
#1285=LINE('',#3131,#1502);
#1286=LINE('',#3133,#1503);
#1287=LINE('',#3135,#1504);
#1288=LINE('',#3137,#1505);
#1289=LINE('',#3139,#1506);
#1290=LINE('',#3141,#1507);
#1291=LINE('',#3143,#1508);
#1292=LINE('',#3145,#1509);
#1293=LINE('',#3147,#1510);
#1294=LINE('',#3152,#1511);
#1295=LINE('',#3155,#1512);
#1296=LINE('',#3157,#1513);
#1297=LINE('',#3159,#1514);
#1298=LINE('',#3161,#1515);
#1299=LINE('',#3163,#1516);
#1300=LINE('',#3165,#1517);
#1301=LINE('',#3166,#1518);
#1302=LINE('',#3168,#1519);
#1303=LINE('',#3169,#1520);
#1304=LINE('',#3171,#1521);
#1305=LINE('',#3173,#1522);
#1306=LINE('',#3175,#1523);
#1307=LINE('',#3177,#1524);
#1308=LINE('',#3178,#1525);
#1309=LINE('',#3179,#1526);
#1310=LINE('',#3180,#1527);
#1311=LINE('',#3182,#1528);
#1312=LINE('',#3184,#1529);
#1313=LINE('',#3186,#1530);
#1314=LINE('',#3190,#1531);
#1315=LINE('',#3193,#1532);
#1316=LINE('',#3195,#1533);
#1317=LINE('',#3196,#1534);
#1318=LINE('',#3198,#1535);
#1319=LINE('',#3200,#1536);
#1320=LINE('',#3202,#1537);
#1321=LINE('',#3204,#1538);
#1322=LINE('',#3206,#1539);
#1323=LINE('',#3208,#1540);
#1324=LINE('',#3211,#1541);
#1325=LINE('',#3212,#1542);
#1326=LINE('',#3214,#1543);
#1327=LINE('',#3216,#1544);
#1328=LINE('',#3218,#1545);
#1329=LINE('',#3220,#1546);
#1330=LINE('',#3222,#1547);
#1331=LINE('',#3224,#1548);
#1332=LINE('',#3227,#1549);
#1333=LINE('',#3228,#1550);
#1334=LINE('',#3230,#1551);
#1335=LINE('',#3232,#1552);
#1336=LINE('',#3234,#1553);
#1337=LINE('',#3236,#1554);
#1338=LINE('',#3238,#1555);
#1339=LINE('',#3240,#1556);
#1340=LINE('',#3243,#1557);
#1341=LINE('',#3244,#1558);
#1342=LINE('',#3246,#1559);
#1343=LINE('',#3248,#1560);
#1344=LINE('',#3250,#1561);
#1345=LINE('',#3252,#1562);
#1346=LINE('',#3254,#1563);
#1347=LINE('',#3256,#1564);
#1348=LINE('',#3259,#1565);
#1349=LINE('',#3260,#1566);
#1350=LINE('',#3262,#1567);
#1351=LINE('',#3264,#1568);
#1352=LINE('',#3266,#1569);
#1353=LINE('',#3268,#1570);
#1354=LINE('',#3270,#1571);
#1355=LINE('',#3272,#1572);
#1356=LINE('',#3275,#1573);
#1357=LINE('',#3276,#1574);
#1358=LINE('',#3278,#1575);
#1359=LINE('',#3280,#1576);
#1360=LINE('',#3282,#1577);
#1361=LINE('',#3284,#1578);
#1362=LINE('',#3286,#1579);
#1363=LINE('',#3288,#1580);
#1364=LINE('',#3295,#1581);
#1365=LINE('',#3298,#1582);
#1366=LINE('',#3301,#1583);
#1367=LINE('',#3304,#1584);
#1368=LINE('',#3308,#1585);
#1369=LINE('',#3312,#1586);
#1370=LINE('',#3315,#1587);
#1371=LINE('',#3317,#1588);
#1372=LINE('',#3319,#1589);
#1373=LINE('',#3321,#1590);
#1374=LINE('',#3323,#1591);
#1375=LINE('',#3325,#1592);
#1376=LINE('',#3327,#1593);
#1377=LINE('',#3329,#1594);
#1378=LINE('',#3332,#1595);
#1379=LINE('',#3333,#1596);
#1380=LINE('',#3335,#1597);
#1381=LINE('',#3338,#1598);
#1382=LINE('',#3339,#1599);
#1383=LINE('',#3345,#1600);
#1384=LINE('',#3347,#1601);
#1385=LINE('',#3349,#1602);
#1386=LINE('',#3351,#1603);
#1387=LINE('',#3353,#1604);
#1388=LINE('',#3355,#1605);
#1389=VECTOR('',#2222,1.);
#1390=VECTOR('',#2223,1.);
#1391=VECTOR('',#2224,1.);
#1392=VECTOR('',#2225,1.);
#1393=VECTOR('',#2228,1.);
#1394=VECTOR('',#2229,1.);
#1395=VECTOR('',#2230,1.);
#1396=VECTOR('',#2233,1.);
#1397=VECTOR('',#2234,1.);
#1398=VECTOR('',#2235,1.);
#1399=VECTOR('',#2238,1.);
#1400=VECTOR('',#2239,1.);
#1401=VECTOR('',#2240,1.);
#1402=VECTOR('',#2241,1.);
#1403=VECTOR('',#2244,1.);
#1404=VECTOR('',#2245,1.);
#1405=VECTOR('',#2246,1.);
#1406=VECTOR('',#2247,1.);
#1407=VECTOR('',#2250,1.);
#1408=VECTOR('',#2251,1.);
#1409=VECTOR('',#2252,1.);
#1410=VECTOR('',#2255,1.);
#1411=VECTOR('',#2256,1.);
#1412=VECTOR('',#2257,1.);
#1413=VECTOR('',#2260,1.);
#1414=VECTOR('',#2261,1.);
#1415=VECTOR('',#2282,1.);
#1416=VECTOR('',#2285,1.);
#1417=VECTOR('',#2288,1.);
#1418=VECTOR('',#2291,1.);
#1419=VECTOR('',#2294,1.);
#1420=VECTOR('',#2297,1.);
#1421=VECTOR('',#2300,1.);
#1422=VECTOR('',#2303,1.);
#1423=VECTOR('',#2306,1.);
#1424=VECTOR('',#2309,1.);
#1425=VECTOR('',#2312,1.);
#1426=VECTOR('',#2315,1.);
#1427=VECTOR('',#2318,1.);
#1428=VECTOR('',#2321,1.);
#1429=VECTOR('',#2324,1.);
#1430=VECTOR('',#2327,1.);
#1431=VECTOR('',#2330,1.);
#1432=VECTOR('',#2333,1.);
#1433=VECTOR('',#2336,1.);
#1434=VECTOR('',#2339,1.);
#1435=VECTOR('',#2342,1.);
#1436=VECTOR('',#2345,1.);
#1437=VECTOR('',#2348,1.);
#1438=VECTOR('',#2351,1.);
#1439=VECTOR('',#2354,1.);
#1440=VECTOR('',#2355,1.);
#1441=VECTOR('',#2356,1.);
#1442=VECTOR('',#2357,1.);
#1443=VECTOR('',#2360,1.);
#1444=VECTOR('',#2361,1.);
#1445=VECTOR('',#2362,1.);
#1446=VECTOR('',#2365,1.);
#1447=VECTOR('',#2366,1.);
#1448=VECTOR('',#2367,1.);
#1449=VECTOR('',#2370,1.);
#1450=VECTOR('',#2371,1.);
#1451=VECTOR('',#2372,1.);
#1452=VECTOR('',#2373,1.);
#1453=VECTOR('',#2374,1.);
#1454=VECTOR('',#2375,1.);
#1455=VECTOR('',#2376,1.);
#1456=VECTOR('',#2377,1.);
#1457=VECTOR('',#2378,1.);
#1458=VECTOR('',#2379,1.);
#1459=VECTOR('',#2380,1.);
#1460=VECTOR('',#2381,1.);
#1461=VECTOR('',#2382,1.);
#1462=VECTOR('',#2385,1.);
#1463=VECTOR('',#2388,1.);
#1464=VECTOR('',#2393,1.);
#1465=VECTOR('',#2394,1.);
#1466=VECTOR('',#2395,1.);
#1467=VECTOR('',#2406,1.);
#1468=VECTOR('',#2409,1.);
#1469=VECTOR('',#2412,1.);
#1470=VECTOR('',#2415,1.);
#1471=VECTOR('',#2418,1.);
#1472=VECTOR('',#2421,1.);
#1473=VECTOR('',#2424,1.);
#1474=VECTOR('',#2427,1.);
#1475=VECTOR('',#2430,1.);
#1476=VECTOR('',#2433,1.);
#1477=VECTOR('',#2436,1.);
#1478=VECTOR('',#2439,1.);
#1479=VECTOR('',#2440,1.);
#1480=VECTOR('',#2441,1.);
#1481=VECTOR('',#2442,1.);
#1482=VECTOR('',#2443,1.);
#1483=VECTOR('',#2446,1.);
#1484=VECTOR('',#2449,1.);
#1485=VECTOR('',#2452,1.);
#1486=VECTOR('',#2455,1.);
#1487=VECTOR('',#2458,1.);
#1488=VECTOR('',#2461,1.);
#1489=VECTOR('',#2464,1.);
#1490=VECTOR('',#2467,1.);
#1491=VECTOR('',#2470,1.);
#1492=VECTOR('',#2473,1.);
#1493=VECTOR('',#2476,1.);
#1494=VECTOR('',#2479,1.);
#1495=VECTOR('',#2482,1.);
#1496=VECTOR('',#2483,1.);
#1497=VECTOR('',#2484,1.);
#1498=VECTOR('',#2485,1.);
#1499=VECTOR('',#2486,1.);
#1500=VECTOR('',#2487,1.);
#1501=VECTOR('',#2490,1.);
#1502=VECTOR('',#2491,1.);
#1503=VECTOR('',#2492,1.);
#1504=VECTOR('',#2493,1.);
#1505=VECTOR('',#2496,1.);
#1506=VECTOR('',#2497,1.);
#1507=VECTOR('',#2498,1.);
#1508=VECTOR('',#2501,1.);
#1509=VECTOR('',#2502,1.);
#1510=VECTOR('',#2503,1.);
#1511=VECTOR('',#2512,1.);
#1512=VECTOR('',#2513,1.);
#1513=VECTOR('',#2514,1.);
#1514=VECTOR('',#2515,1.);
#1515=VECTOR('',#2516,1.);
#1516=VECTOR('',#2517,1.);
#1517=VECTOR('',#2520,1.);
#1518=VECTOR('',#2521,1.);
#1519=VECTOR('',#2524,1.);
#1520=VECTOR('',#2525,1.);
#1521=VECTOR('',#2528,1.);
#1522=VECTOR('',#2529,1.);
#1523=VECTOR('',#2530,1.);
#1524=VECTOR('',#2533,1.);
#1525=VECTOR('',#2534,1.);
#1526=VECTOR('',#2535,1.);
#1527=VECTOR('',#2536,1.);
#1528=VECTOR('',#2537,1.);
#1529=VECTOR('',#2538,1.);
#1530=VECTOR('',#2539,1.);
#1531=VECTOR('',#2544,1.);
#1532=VECTOR('',#2549,1.);
#1533=VECTOR('',#2552,1.);
#1534=VECTOR('',#2553,1.);
#1535=VECTOR('',#2556,1.);
#1536=VECTOR('',#2559,1.);
#1537=VECTOR('',#2562,1.);
#1538=VECTOR('',#2565,1.);
#1539=VECTOR('',#2568,1.);
#1540=VECTOR('',#2571,1.);
#1541=VECTOR('',#2576,1.);
#1542=VECTOR('',#2577,1.);
#1543=VECTOR('',#2580,1.);
#1544=VECTOR('',#2583,1.);
#1545=VECTOR('',#2586,1.);
#1546=VECTOR('',#2589,1.);
#1547=VECTOR('',#2592,1.);
#1548=VECTOR('',#2595,1.);
#1549=VECTOR('',#2600,1.);
#1550=VECTOR('',#2601,1.);
#1551=VECTOR('',#2604,1.);
#1552=VECTOR('',#2607,1.);
#1553=VECTOR('',#2610,1.);
#1554=VECTOR('',#2613,1.);
#1555=VECTOR('',#2616,1.);
#1556=VECTOR('',#2619,1.);
#1557=VECTOR('',#2624,1.);
#1558=VECTOR('',#2625,1.);
#1559=VECTOR('',#2628,1.);
#1560=VECTOR('',#2631,1.);
#1561=VECTOR('',#2634,1.);
#1562=VECTOR('',#2637,1.);
#1563=VECTOR('',#2640,1.);
#1564=VECTOR('',#2643,1.);
#1565=VECTOR('',#2648,1.);
#1566=VECTOR('',#2649,1.);
#1567=VECTOR('',#2652,1.);
#1568=VECTOR('',#2655,1.);
#1569=VECTOR('',#2658,1.);
#1570=VECTOR('',#2661,1.);
#1571=VECTOR('',#2664,1.);
#1572=VECTOR('',#2667,1.);
#1573=VECTOR('',#2672,1.);
#1574=VECTOR('',#2673,1.);
#1575=VECTOR('',#2676,1.);
#1576=VECTOR('',#2679,1.);
#1577=VECTOR('',#2682,1.);
#1578=VECTOR('',#2685,1.);
#1579=VECTOR('',#2688,1.);
#1580=VECTOR('',#2691,1.);
#1581=VECTOR('',#2702,1.);
#1582=VECTOR('',#2707,1.);
#1583=VECTOR('',#2708,1.);
#1584=VECTOR('',#2711,1.);
#1585=VECTOR('',#2714,1.);
#1586=VECTOR('',#2717,1.);
#1587=VECTOR('',#2720,1.);
#1588=VECTOR('',#2723,1.);
#1589=VECTOR('',#2724,1.);
#1590=VECTOR('',#2725,1.);
#1591=VECTOR('',#2728,1.);
#1592=VECTOR('',#2729,1.);
#1593=VECTOR('',#2730,1.);
#1594=VECTOR('',#2733,1.);
#1595=VECTOR('',#2734,1.);
#1596=VECTOR('',#2735,1.);
#1597=VECTOR('',#2738,1.);
#1598=VECTOR('',#2739,1.);
#1599=VECTOR('',#2740,1.);
#1600=VECTOR('',#2751,1.);
#1601=VECTOR('',#2754,1.);
#1602=VECTOR('',#2755,1.);
#1603=VECTOR('',#2756,1.);
#1604=VECTOR('',#2759,1.);
#1605=VECTOR('',#2762,1.);
#1606=EDGE_LOOP('',(#119,#120,#121,#122));
#1607=EDGE_LOOP('',(#123,#124,#125,#126));
#1608=EDGE_LOOP('',(#127,#128,#129,#130));
#1609=EDGE_LOOP('',(#131,#132,#133,#134));
#1610=EDGE_LOOP('',(#135,#136,#137,#138));
#1611=EDGE_LOOP('',(#139,#140,#141,#142));
#1612=EDGE_LOOP('',(#143,#144,#145,#146));
#1613=EDGE_LOOP('',(#147,#148,#149,#150));
#1614=EDGE_LOOP('',(#151,#152,#153,#154,#155,#156));
#1615=EDGE_LOOP('',(#157,#158,#159,#160));
#1616=EDGE_LOOP('',(#161,#162,#163,#164));
#1617=EDGE_LOOP('',(#165,#166,#167,#168,#169,#170));
#1618=EDGE_LOOP('',(#171,#172,#173,#174));
#1619=EDGE_LOOP('',(#175,#176,#177,#178));
#1620=EDGE_LOOP('',(#179,#180,#181,#182,#183,#184,#185,#186));
#1621=EDGE_LOOP('',(#187,#188,#189,#190,#191,#192,#193,#194));
#1622=EDGE_LOOP('',(#195,#196,#197,#198,#199,#200,#201,#202));
#1623=EDGE_LOOP('',(#203,#204,#205,#206,#207,#208,#209,#210));
#1624=EDGE_LOOP('',(#211,#212,#213,#214,#215,#216,#217,#218));
#1625=EDGE_LOOP('',(#219,#220,#221,#222,#223,#224,#225,#226));
#1626=EDGE_LOOP('',(#227,#228,#229,#230));
#1627=EDGE_LOOP('',(#231,#232,#233,#234));
#1628=EDGE_LOOP('',(#235,#236,#237,#238));
#1629=EDGE_LOOP('',(#239,#240,#241,#242,#243,#244,#245,#246,#247,#248,#249,
#250,#251,#252,#253));
#1630=EDGE_LOOP('',(#254,#255,#256,#257));
#1631=EDGE_LOOP('',(#258,#259,#260,#261));
#1632=EDGE_LOOP('',(#262));
#1633=EDGE_LOOP('',(#263));
#1634=EDGE_LOOP('',(#264,#265,#266,#267,#268,#269,#270,#271));
#1635=EDGE_LOOP('',(#272,#273,#274,#275,#276,#277,#278,#279));
#1636=EDGE_LOOP('',(#280,#281,#282,#283,#284,#285,#286,#287));
#1637=EDGE_LOOP('',(#288,#289,#290,#291));
#1638=EDGE_LOOP('',(#292,#293,#294,#295,#296,#297,#298,#299));
#1639=EDGE_LOOP('',(#300,#301,#302,#303,#304,#305,#306,#307));
#1640=EDGE_LOOP('',(#308,#309,#310,#311,#312,#313,#314,#315));
#1641=EDGE_LOOP('',(#316,#317,#318,#319,#320,#321));
#1642=EDGE_LOOP('',(#322,#323,#324,#325));
#1643=EDGE_LOOP('',(#326));
#1644=EDGE_LOOP('',(#327,#328,#329,#330));
#1645=EDGE_LOOP('',(#331,#332,#333,#334));
#1646=EDGE_LOOP('',(#335,#336,#337,#338));
#1647=EDGE_LOOP('',(#339,#340,#341,#342,#343,#344));
#1648=EDGE_LOOP('',(#345,#346,#347,#348,#349,#350));
#1649=EDGE_LOOP('',(#351,#352,#353,#354));
#1650=EDGE_LOOP('',(#355,#356,#357,#358,#359,#360));
#1651=EDGE_LOOP('',(#361,#362,#363,#364));
#1652=EDGE_LOOP('',(#365,#366,#367,#368,#369,#370,#371,#372,#373,#374,#375));
#1653=EDGE_LOOP('',(#376));
#1654=EDGE_LOOP('',(#377,#378,#379,#380));
#1655=EDGE_LOOP('',(#381,#382,#383,#384));
#1656=EDGE_LOOP('',(#385,#386,#387,#388,#389,#390));
#1657=EDGE_LOOP('',(#391,#392,#393,#394));
#1658=EDGE_LOOP('',(#395,#396,#397,#398));
#1659=EDGE_LOOP('',(#399,#400,#401,#402));
#1660=EDGE_LOOP('',(#403,#404,#405,#406));
#1661=EDGE_LOOP('',(#407,#408,#409,#410));
#1662=EDGE_LOOP('',(#411,#412,#413,#414));
#1663=EDGE_LOOP('',(#415,#416,#417,#418));
#1664=EDGE_LOOP('',(#419,#420,#421,#422));
#1665=EDGE_LOOP('',(#423,#424,#425,#426));
#1666=EDGE_LOOP('',(#427,#428,#429,#430));
#1667=EDGE_LOOP('',(#431,#432,#433,#434));
#1668=EDGE_LOOP('',(#435,#436,#437,#438));
#1669=EDGE_LOOP('',(#439,#440,#441,#442));
#1670=EDGE_LOOP('',(#443,#444,#445,#446));
#1671=EDGE_LOOP('',(#447,#448,#449,#450));
#1672=EDGE_LOOP('',(#451,#452,#453,#454));
#1673=EDGE_LOOP('',(#455,#456,#457,#458));
#1674=EDGE_LOOP('',(#459,#460,#461,#462));
#1675=EDGE_LOOP('',(#463,#464,#465,#466));
#1676=EDGE_LOOP('',(#467,#468,#469,#470));
#1677=EDGE_LOOP('',(#471,#472,#473,#474));
#1678=EDGE_LOOP('',(#475,#476,#477,#478));
#1679=EDGE_LOOP('',(#479,#480,#481,#482));
#1680=EDGE_LOOP('',(#483,#484,#485,#486));
#1681=EDGE_LOOP('',(#487,#488,#489,#490));
#1682=EDGE_LOOP('',(#491,#492,#493,#494));
#1683=EDGE_LOOP('',(#495,#496,#497,#498));
#1684=EDGE_LOOP('',(#499,#500,#501,#502));
#1685=EDGE_LOOP('',(#503,#504,#505,#506));
#1686=EDGE_LOOP('',(#507,#508,#509,#510));
#1687=EDGE_LOOP('',(#511,#512,#513,#514));
#1688=EDGE_LOOP('',(#515,#516,#517,#518));
#1689=EDGE_LOOP('',(#519,#520,#521,#522));
#1690=EDGE_LOOP('',(#523,#524,#525,#526));
#1691=EDGE_LOOP('',(#527,#528,#529,#530));
#1692=EDGE_LOOP('',(#531,#532,#533,#534));
#1693=EDGE_LOOP('',(#535,#536,#537,#538));
#1694=EDGE_LOOP('',(#539,#540,#541,#542));
#1695=EDGE_LOOP('',(#543,#544,#545,#546));
#1696=EDGE_LOOP('',(#547,#548,#549,#550));
#1697=EDGE_LOOP('',(#551,#552,#553,#554));
#1698=EDGE_LOOP('',(#555,#556,#557,#558));
#1699=EDGE_LOOP('',(#559,#560,#561,#562));
#1700=EDGE_LOOP('',(#563,#564,#565,#566));
#1701=EDGE_LOOP('',(#567,#568,#569,#570));
#1702=EDGE_LOOP('',(#571,#572,#573,#574));
#1703=EDGE_LOOP('',(#575,#576,#577,#578));
#1704=EDGE_LOOP('',(#579,#580,#581,#582));
#1705=EDGE_LOOP('',(#583));
#1706=EDGE_LOOP('',(#584));
#1707=EDGE_LOOP('',(#585));
#1708=EDGE_LOOP('',(#586));
#1709=EDGE_LOOP('',(#587,#588,#589,#590));
#1710=EDGE_LOOP('',(#591,#592,#593,#594));
#1711=EDGE_LOOP('',(#595,#596,#597,#598,#599,#600,#601,#602,#603,#604,#605,
#606,#607,#608,#609,#610,#611,#612,#613,#614));
#1712=EDGE_LOOP('',(#615,#616,#617,#618));
#1713=EDGE_LOOP('',(#619,#620,#621,#622));
#1714=EDGE_LOOP('',(#623,#624,#625,#626));
#1715=EDGE_LOOP('',(#627,#628,#629,#630));
#1716=EDGE_LOOP('',(#631,#632,#633,#634,#635,#636,#637,#638));
#1717=EDGE_LOOP('',(#639,#640,#641,#642));
#1718=EDGE_LOOP('',(#643,#644,#645,#646));
#1719=EDGE_LOOP('',(#647,#648,#649,#650));
#1720=EDGE_LOOP('',(#651,#652,#653,#654));
#1721=EDGE_LOOP('',(#655,#656,#657,#658,#659,#660,#661,#662));
#1722=EDGE_LOOP('',(#663,#664,#665,#666));
#1723=EDGE_LOOP('',(#667,#668,#669,#670));
#1724=EDGE_LOOP('',(#671,#672,#673,#674));
#1725=EDGE_LOOP('',(#675,#676,#677,#678,#679));
#1726=EDGE_LOOP('',(#680,#681,#682,#683,#684));
#1727=EDGE_LOOP('',(#685,#686,#687,#688));
#1728=EDGE_LOOP('',(#689,#690,#691,#692));
#1729=FACE_BOUND('',#1606,.T.);
#1730=FACE_BOUND('',#1607,.T.);
#1731=FACE_BOUND('',#1608,.T.);
#1732=FACE_BOUND('',#1609,.T.);
#1733=FACE_BOUND('',#1610,.T.);
#1734=FACE_BOUND('',#1611,.T.);
#1735=FACE_BOUND('',#1612,.T.);
#1736=FACE_BOUND('',#1613,.T.);
#1737=FACE_BOUND('',#1614,.T.);
#1738=FACE_BOUND('',#1615,.T.);
#1739=FACE_BOUND('',#1616,.T.);
#1740=FACE_BOUND('',#1617,.T.);
#1741=FACE_BOUND('',#1618,.T.);
#1742=FACE_BOUND('',#1619,.T.);
#1743=FACE_BOUND('',#1620,.T.);
#1744=FACE_BOUND('',#1621,.T.);
#1745=FACE_BOUND('',#1622,.T.);
#1746=FACE_BOUND('',#1623,.T.);
#1747=FACE_BOUND('',#1624,.T.);
#1748=FACE_BOUND('',#1625,.T.);
#1749=FACE_BOUND('',#1626,.T.);
#1750=FACE_BOUND('',#1627,.T.);
#1751=FACE_BOUND('',#1628,.T.);
#1752=FACE_BOUND('',#1629,.T.);
#1753=FACE_BOUND('',#1630,.T.);
#1754=FACE_BOUND('',#1631,.T.);
#1755=FACE_BOUND('',#1632,.T.);
#1756=FACE_BOUND('',#1633,.T.);
#1757=FACE_BOUND('',#1634,.T.);
#1758=FACE_BOUND('',#1635,.T.);
#1759=FACE_BOUND('',#1636,.T.);
#1760=FACE_BOUND('',#1637,.T.);
#1761=FACE_BOUND('',#1638,.T.);
#1762=FACE_BOUND('',#1639,.T.);
#1763=FACE_BOUND('',#1640,.T.);
#1764=FACE_BOUND('',#1641,.T.);
#1765=FACE_BOUND('',#1642,.T.);
#1766=FACE_BOUND('',#1643,.T.);
#1767=FACE_BOUND('',#1644,.T.);
#1768=FACE_BOUND('',#1645,.T.);
#1769=FACE_BOUND('',#1646,.T.);
#1770=FACE_BOUND('',#1647,.T.);
#1771=FACE_BOUND('',#1648,.T.);
#1772=FACE_BOUND('',#1649,.T.);
#1773=FACE_BOUND('',#1650,.T.);
#1774=FACE_BOUND('',#1651,.T.);
#1775=FACE_BOUND('',#1652,.T.);
#1776=FACE_BOUND('',#1653,.T.);
#1777=FACE_BOUND('',#1654,.T.);
#1778=FACE_BOUND('',#1655,.T.);
#1779=FACE_BOUND('',#1656,.T.);
#1780=FACE_BOUND('',#1657,.T.);
#1781=FACE_BOUND('',#1658,.T.);
#1782=FACE_BOUND('',#1659,.T.);
#1783=FACE_BOUND('',#1660,.T.);
#1784=FACE_BOUND('',#1661,.T.);
#1785=FACE_BOUND('',#1662,.T.);
#1786=FACE_BOUND('',#1663,.T.);
#1787=FACE_BOUND('',#1664,.T.);
#1788=FACE_BOUND('',#1665,.T.);
#1789=FACE_BOUND('',#1666,.T.);
#1790=FACE_BOUND('',#1667,.T.);
#1791=FACE_BOUND('',#1668,.T.);
#1792=FACE_BOUND('',#1669,.T.);
#1793=FACE_BOUND('',#1670,.T.);
#1794=FACE_BOUND('',#1671,.T.);
#1795=FACE_BOUND('',#1672,.T.);
#1796=FACE_BOUND('',#1673,.T.);
#1797=FACE_BOUND('',#1674,.T.);
#1798=FACE_BOUND('',#1675,.T.);
#1799=FACE_BOUND('',#1676,.T.);
#1800=FACE_BOUND('',#1677,.T.);
#1801=FACE_BOUND('',#1678,.T.);
#1802=FACE_BOUND('',#1679,.T.);
#1803=FACE_BOUND('',#1680,.T.);
#1804=FACE_BOUND('',#1681,.T.);
#1805=FACE_BOUND('',#1682,.T.);
#1806=FACE_BOUND('',#1683,.T.);
#1807=FACE_BOUND('',#1684,.T.);
#1808=FACE_BOUND('',#1685,.T.);
#1809=FACE_BOUND('',#1686,.T.);
#1810=FACE_BOUND('',#1687,.T.);
#1811=FACE_BOUND('',#1688,.T.);
#1812=FACE_BOUND('',#1689,.T.);
#1813=FACE_BOUND('',#1690,.T.);
#1814=FACE_BOUND('',#1691,.T.);
#1815=FACE_BOUND('',#1692,.T.);
#1816=FACE_BOUND('',#1693,.T.);
#1817=FACE_BOUND('',#1694,.T.);
#1818=FACE_BOUND('',#1695,.T.);
#1819=FACE_BOUND('',#1696,.T.);
#1820=FACE_BOUND('',#1697,.T.);
#1821=FACE_BOUND('',#1698,.T.);
#1822=FACE_BOUND('',#1699,.T.);
#1823=FACE_BOUND('',#1700,.T.);
#1824=FACE_BOUND('',#1701,.T.);
#1825=FACE_BOUND('',#1702,.T.);
#1826=FACE_BOUND('',#1703,.T.);
#1827=FACE_BOUND('',#1704,.T.);
#1828=FACE_BOUND('',#1705,.T.);
#1829=FACE_BOUND('',#1706,.T.);
#1830=FACE_BOUND('',#1707,.T.);
#1831=FACE_BOUND('',#1708,.T.);
#1832=FACE_BOUND('',#1709,.T.);
#1833=FACE_BOUND('',#1710,.T.);
#1834=FACE_BOUND('',#1711,.T.);
#1835=FACE_BOUND('',#1712,.T.);
#1836=FACE_BOUND('',#1713,.T.);
#1837=FACE_BOUND('',#1714,.T.);
#1838=FACE_BOUND('',#1715,.T.);
#1839=FACE_BOUND('',#1716,.T.);
#1840=FACE_BOUND('',#1717,.T.);
#1841=FACE_BOUND('',#1718,.T.);
#1842=FACE_BOUND('',#1719,.T.);
#1843=FACE_BOUND('',#1720,.T.);
#1844=FACE_BOUND('',#1721,.T.);
#1845=FACE_BOUND('',#1722,.T.);
#1846=FACE_BOUND('',#1723,.T.);
#1847=FACE_BOUND('',#1724,.T.);
#1848=FACE_BOUND('',#1725,.T.);
#1849=FACE_BOUND('',#1726,.T.);
#1850=FACE_BOUND('',#1727,.T.);
#1851=FACE_BOUND('',#1728,.T.);
#1852=PLANE('',#2045);
#1853=PLANE('',#2046);
#1854=PLANE('',#2047);
#1855=PLANE('',#2048);
#1856=PLANE('',#2049);
#1857=PLANE('',#2050);
#1858=PLANE('',#2051);
#1859=PLANE('',#2052);
#1860=PLANE('',#2053);
#1861=PLANE('',#2056);
#1862=PLANE('',#2062);
#1863=PLANE('',#2087);
#1864=PLANE('',#2088);
#1865=PLANE('',#2089);
#1866=PLANE('',#2090);
#1867=PLANE('',#2093);
#1868=PLANE('',#2097);
#1869=PLANE('',#2122);
#1870=PLANE('',#2123);
#1871=PLANE('',#2124);
#1872=PLANE('',#2125);
#1873=PLANE('',#2126);
#1874=PLANE('',#2129);
#1875=PLANE('',#2130);
#1876=PLANE('',#2131);
#1877=PLANE('',#2132);
#1878=PLANE('',#2133);
#1879=PLANE('',#2135);
#1880=PLANE('',#2136);
#1881=PLANE('',#2137);
#1882=PLANE('',#2139);
#1883=PLANE('',#2141);
#1884=PLANE('',#2143);
#1885=PLANE('',#2144);
#1886=PLANE('',#2147);
#1887=PLANE('',#2149);
#1888=PLANE('',#2151);
#1889=PLANE('',#2152);
#1890=PLANE('',#2155);
#1891=PLANE('',#2157);
#1892=PLANE('',#2159);
#1893=PLANE('',#2160);
#1894=PLANE('',#2163);
#1895=PLANE('',#2165);
#1896=PLANE('',#2167);
#1897=PLANE('',#2168);
#1898=PLANE('',#2171);
#1899=PLANE('',#2173);
#1900=PLANE('',#2175);
#1901=PLANE('',#2176);
#1902=PLANE('',#2179);
#1903=PLANE('',#2181);
#1904=PLANE('',#2183);
#1905=PLANE('',#2184);
#1906=PLANE('',#2188);
#1907=PLANE('',#2189);
#1908=PLANE('',#2190);
#1909=PLANE('',#2191);
#1910=PLANE('',#2196);
#1911=PLANE('',#2197);
#1912=PLANE('',#2198);
#1913=PLANE('',#2199);
#1914=PLANE('',#2200);
#1915=PLANE('',#2205);
#1916=PLANE('',#2206);
#1917=PLANE('',#2207);
#1918=PLANE('',#2208);
#1919=ADVANCED_FACE('',(#1729),#1852,.T.);
#1920=ADVANCED_FACE('',(#1730),#1853,.T.);
#1921=ADVANCED_FACE('',(#1731),#1854,.F.);
#1922=ADVANCED_FACE('',(#1732),#1855,.T.);
#1923=ADVANCED_FACE('',(#1733),#1856,.F.);
#1924=ADVANCED_FACE('',(#1734),#1857,.F.);
#1925=ADVANCED_FACE('',(#1735),#1858,.T.);
#1926=ADVANCED_FACE('',(#1736),#1859,.F.);
#1927=ADVANCED_FACE('',(#1737,#1738),#1860,.F.);
#1928=ADVANCED_FACE('',(#1739,#1740),#1861,.T.);
#1929=ADVANCED_FACE('',(#1741),#16,.T.);
#1930=ADVANCED_FACE('',(#1742),#17,.T.);
#1931=ADVANCED_FACE('',(#1743,#1744,#1745,#1746,#1747,#1748,#1749),#1862,
 .T.);
#1932=ADVANCED_FACE('',(#1750),#1863,.F.);
#1933=ADVANCED_FACE('',(#1751),#1864,.T.);
#1934=ADVANCED_FACE('',(#1752),#1865,.F.);
#1935=ADVANCED_FACE('',(#1753),#1866,.T.);
#1936=ADVANCED_FACE('',(#1754),#1867,.F.);
#1937=ADVANCED_FACE('',(#1755,#1756),#18,.F.);
#1938=ADVANCED_FACE('',(#1757,#1758,#1759,#1760,#1761,#1762,#1763),#1868,
 .F.);
#1939=ADVANCED_FACE('',(#1764),#1869,.F.);
#1940=ADVANCED_FACE('',(#1765),#1870,.T.);
#1941=ADVANCED_FACE('',(#1766,#1767),#1871,.T.);
#1942=ADVANCED_FACE('',(#1768),#1872,.F.);
#1943=ADVANCED_FACE('',(#1769,#1770),#1873,.T.);
#1944=ADVANCED_FACE('',(#1771),#1874,.T.);
#1945=ADVANCED_FACE('',(#1772),#1875,.T.);
#1946=ADVANCED_FACE('',(#1773),#1876,.T.);
#1947=ADVANCED_FACE('',(#1774),#1877,.T.);
#1948=ADVANCED_FACE('',(#1775,#1776),#1878,.T.);
#1949=ADVANCED_FACE('',(#1777),#1879,.F.);
#1950=ADVANCED_FACE('',(#1778),#1880,.T.);
#1951=ADVANCED_FACE('',(#1779),#1881,.F.);
#1952=ADVANCED_FACE('',(#1780),#19,.F.);
#1953=ADVANCED_FACE('',(#1781),#1882,.F.);
#1954=ADVANCED_FACE('',(#1782),#20,.F.);
#1955=ADVANCED_FACE('',(#1783),#1883,.F.);
#1956=ADVANCED_FACE('',(#1784),#21,.F.);
#1957=ADVANCED_FACE('',(#1785),#1884,.T.);
#1958=ADVANCED_FACE('',(#1786),#1885,.T.);
#1959=ADVANCED_FACE('',(#1787),#22,.F.);
#1960=ADVANCED_FACE('',(#1788),#23,.F.);
#1961=ADVANCED_FACE('',(#1789),#1886,.F.);
#1962=ADVANCED_FACE('',(#1790),#24,.F.);
#1963=ADVANCED_FACE('',(#1791),#1887,.F.);
#1964=ADVANCED_FACE('',(#1792),#25,.F.);
#1965=ADVANCED_FACE('',(#1793),#1888,.T.);
#1966=ADVANCED_FACE('',(#1794),#1889,.T.);
#1967=ADVANCED_FACE('',(#1795),#26,.F.);
#1968=ADVANCED_FACE('',(#1796),#27,.F.);
#1969=ADVANCED_FACE('',(#1797),#1890,.F.);
#1970=ADVANCED_FACE('',(#1798),#28,.F.);
#1971=ADVANCED_FACE('',(#1799),#1891,.F.);
#1972=ADVANCED_FACE('',(#1800),#29,.F.);
#1973=ADVANCED_FACE('',(#1801),#1892,.T.);
#1974=ADVANCED_FACE('',(#1802),#1893,.T.);
#1975=ADVANCED_FACE('',(#1803),#30,.F.);
#1976=ADVANCED_FACE('',(#1804),#31,.F.);
#1977=ADVANCED_FACE('',(#1805),#1894,.F.);
#1978=ADVANCED_FACE('',(#1806),#32,.F.);
#1979=ADVANCED_FACE('',(#1807),#1895,.F.);
#1980=ADVANCED_FACE('',(#1808),#33,.F.);
#1981=ADVANCED_FACE('',(#1809),#1896,.T.);
#1982=ADVANCED_FACE('',(#1810),#1897,.T.);
#1983=ADVANCED_FACE('',(#1811),#34,.F.);
#1984=ADVANCED_FACE('',(#1812),#35,.F.);
#1985=ADVANCED_FACE('',(#1813),#1898,.F.);
#1986=ADVANCED_FACE('',(#1814),#36,.F.);
#1987=ADVANCED_FACE('',(#1815),#1899,.F.);
#1988=ADVANCED_FACE('',(#1816),#37,.F.);
#1989=ADVANCED_FACE('',(#1817),#1900,.T.);
#1990=ADVANCED_FACE('',(#1818),#1901,.T.);
#1991=ADVANCED_FACE('',(#1819),#38,.F.);
#1992=ADVANCED_FACE('',(#1820),#39,.F.);
#1993=ADVANCED_FACE('',(#1821),#1902,.F.);
#1994=ADVANCED_FACE('',(#1822),#40,.F.);
#1995=ADVANCED_FACE('',(#1823),#1903,.F.);
#1996=ADVANCED_FACE('',(#1824),#41,.F.);
#1997=ADVANCED_FACE('',(#1825),#1904,.T.);
#1998=ADVANCED_FACE('',(#1826),#1905,.T.);
#1999=ADVANCED_FACE('',(#1827),#42,.F.);
#2000=ADVANCED_FACE('',(#1828,#1829),#43,.F.);
#2001=ADVANCED_FACE('',(#1830,#1831),#1906,.T.);
#2002=ADVANCED_FACE('',(#1832),#1907,.F.);
#2003=ADVANCED_FACE('',(#1833),#1908,.T.);
#2004=ADVANCED_FACE('',(#1834),#1909,.F.);
#2005=ADVANCED_FACE('',(#1835),#1910,.F.);
#2006=ADVANCED_FACE('',(#1836),#1911,.F.);
#2007=ADVANCED_FACE('',(#1837),#1912,.T.);
#2008=ADVANCED_FACE('',(#1838),#1913,.T.);
#2009=ADVANCED_FACE('',(#1839,#1840),#1914,.T.);
#2010=ADVANCED_FACE('',(#1841),#1915,.T.);
#2011=ADVANCED_FACE('',(#1842),#1916,.T.);
#2012=ADVANCED_FACE('',(#1843),#1917,.F.);
#2013=ADVANCED_FACE('',(#1844),#1918,.F.);
#2014=ADVANCED_FACE('',(#1845),#44,.T.);
#2015=ADVANCED_FACE('',(#1846),#45,.T.);
#2016=ADVANCED_FACE('',(#1847),#46,.T.);
#2017=ADVANCED_FACE('',(#1848),#47,.F.);
#2018=ADVANCED_FACE('',(#1849),#48,.F.);
#2019=ADVANCED_FACE('',(#1850),#49,.F.);
#2020=ADVANCED_FACE('',(#1851),#50,.F.);
#2021=CLOSED_SHELL('',(#1919,#1920,#1921,#1922,#1923,#1924,#1925,#1926,
#1927,#1928,#1929,#1930));
#2022=CLOSED_SHELL('',(#1931,#1932,#1933,#1934,#1935,#1936,#1937,#1938,
#1939,#1940,#1941,#1942,#1943,#1944,#1945,#1946,#1947,#1948,#1949,#1950,
#1951,#1952,#1953,#1954,#1955,#1956,#1957,#1958,#1959,#1960,#1961,#1962,
#1963,#1964,#1965,#1966,#1967,#1968,#1969,#1970,#1971,#1972,#1973,#1974,
#1975,#1976,#1977,#1978,#1979,#1980,#1981,#1982,#1983,#1984,#1985,#1986,
#1987,#1988,#1989,#1990,#1991,#1992,#1993,#1994,#1995,#1996,#1997,#1998,
#1999,#2000,#2001,#2002,#2003,#2004,#2005,#2006,#2007,#2008,#2009,#2010,
#2011,#2012,#2013,#2014,#2015,#2016,#2017,#2018,#2019,#2020));
#2023=STYLED_ITEM('',(#2025),#2038);
#2024=STYLED_ITEM('',(#2026),#2039);
#2025=PRESENTATION_STYLE_ASSIGNMENT((#2027));
#2026=PRESENTATION_STYLE_ASSIGNMENT((#2028));
#2027=SURFACE_STYLE_USAGE(.BOTH.,#2029);
#2028=SURFACE_STYLE_USAGE(.BOTH.,#2030);
#2029=SURFACE_SIDE_STYLE('',(#2031));
#2030=SURFACE_SIDE_STYLE('',(#2032));
#2031=SURFACE_STYLE_FILL_AREA(#2033);
#2032=SURFACE_STYLE_FILL_AREA(#2034);
#2033=FILL_AREA_STYLE('',(#2035));
#2034=FILL_AREA_STYLE('',(#2036));
#2035=FILL_AREA_STYLE_COLOUR('',#2037);
#2036=FILL_AREA_STYLE_COLOUR('',#2037);
#2037=COLOUR_RGB('',0.768627450980392,0.886274509803922,0.952941176470588);
#2038=MANIFOLD_SOLID_BREP('Part 1',#2021);
#2039=MANIFOLD_SOLID_BREP('Part 2',#2022);
#2040=SHAPE_DEFINITION_REPRESENTATION(#3378,#2042);
#2041=SHAPE_DEFINITION_REPRESENTATION(#3379,#2043);
#2042=SHAPE_REPRESENTATION('Part 1',(#2044),#3368);
#2043=SHAPE_REPRESENTATION('Part 2',(#2061),#3369);
#2044=AXIS2_PLACEMENT_3D('',#2783,#2218,#2219);
#2045=AXIS2_PLACEMENT_3D('',#2784,#2220,#2221);
#2046=AXIS2_PLACEMENT_3D('',#2793,#2226,#2227);
#2047=AXIS2_PLACEMENT_3D('',#2799,#2231,#2232);
#2048=AXIS2_PLACEMENT_3D('',#2805,#2236,#2237);
#2049=AXIS2_PLACEMENT_3D('',#2814,#2242,#2243);
#2050=AXIS2_PLACEMENT_3D('',#2823,#2248,#2249);
#2051=AXIS2_PLACEMENT_3D('',#2829,#2253,#2254);
#2052=AXIS2_PLACEMENT_3D('',#2835,#2258,#2259);
#2053=AXIS2_PLACEMENT_3D('',#2838,#2262,#2263);
#2054=AXIS2_PLACEMENT_3D('',#2839,#2264,#2265);
#2055=AXIS2_PLACEMENT_3D('',#2840,#2266,#2267);
#2056=AXIS2_PLACEMENT_3D('',#2841,#2268,#2269);
#2057=AXIS2_PLACEMENT_3D('',#2842,#2270,#2271);
#2058=AXIS2_PLACEMENT_3D('',#2843,#2272,#2273);
#2059=AXIS2_PLACEMENT_3D('',#2844,#2274,#2275);
#2060=AXIS2_PLACEMENT_3D('',#2845,#2276,#2277);
#2061=AXIS2_PLACEMENT_3D('',#2846,#2278,#2279);
#2062=AXIS2_PLACEMENT_3D('',#2847,#2280,#2281);
#2063=AXIS2_PLACEMENT_3D('',#2851,#2283,#2284);
#2064=AXIS2_PLACEMENT_3D('',#2855,#2286,#2287);
#2065=AXIS2_PLACEMENT_3D('',#2859,#2289,#2290);
#2066=AXIS2_PLACEMENT_3D('',#2863,#2292,#2293);
#2067=AXIS2_PLACEMENT_3D('',#2867,#2295,#2296);
#2068=AXIS2_PLACEMENT_3D('',#2871,#2298,#2299);
#2069=AXIS2_PLACEMENT_3D('',#2875,#2301,#2302);
#2070=AXIS2_PLACEMENT_3D('',#2879,#2304,#2305);
#2071=AXIS2_PLACEMENT_3D('',#2883,#2307,#2308);
#2072=AXIS2_PLACEMENT_3D('',#2887,#2310,#2311);
#2073=AXIS2_PLACEMENT_3D('',#2891,#2313,#2314);
#2074=AXIS2_PLACEMENT_3D('',#2895,#2316,#2317);
#2075=AXIS2_PLACEMENT_3D('',#2899,#2319,#2320);
#2076=AXIS2_PLACEMENT_3D('',#2903,#2322,#2323);
#2077=AXIS2_PLACEMENT_3D('',#2907,#2325,#2326);
#2078=AXIS2_PLACEMENT_3D('',#2911,#2328,#2329);
#2079=AXIS2_PLACEMENT_3D('',#2915,#2331,#2332);
#2080=AXIS2_PLACEMENT_3D('',#2919,#2334,#2335);
#2081=AXIS2_PLACEMENT_3D('',#2923,#2337,#2338);
#2082=AXIS2_PLACEMENT_3D('',#2927,#2340,#2341);
#2083=AXIS2_PLACEMENT_3D('',#2931,#2343,#2344);
#2084=AXIS2_PLACEMENT_3D('',#2935,#2346,#2347);
#2085=AXIS2_PLACEMENT_3D('',#2939,#2349,#2350);
#2086=AXIS2_PLACEMENT_3D('',#2943,#2352,#2353);
#2087=AXIS2_PLACEMENT_3D('',#2952,#2358,#2359);
#2088=AXIS2_PLACEMENT_3D('',#2958,#2363,#2364);
#2089=AXIS2_PLACEMENT_3D('',#2964,#2368,#2369);
#2090=AXIS2_PLACEMENT_3D('',#2989,#2383,#2384);
#2091=AXIS2_PLACEMENT_3D('',#2993,#2386,#2387);
#2092=AXIS2_PLACEMENT_3D('',#2997,#2389,#2390);
#2093=AXIS2_PLACEMENT_3D('',#2998,#2391,#2392);
#2094=AXIS2_PLACEMENT_3D('',#3004,#2396,#2397);
#2095=AXIS2_PLACEMENT_3D('',#3005,#2398,#2399);
#2096=AXIS2_PLACEMENT_3D('',#3007,#2400,#2401);
#2097=AXIS2_PLACEMENT_3D('',#3009,#2402,#2403);
#2098=AXIS2_PLACEMENT_3D('',#3010,#2404,#2405);
#2099=AXIS2_PLACEMENT_3D('',#3015,#2407,#2408);
#2100=AXIS2_PLACEMENT_3D('',#3019,#2410,#2411);
#2101=AXIS2_PLACEMENT_3D('',#3023,#2413,#2414);
#2102=AXIS2_PLACEMENT_3D('',#3026,#2416,#2417);
#2103=AXIS2_PLACEMENT_3D('',#3031,#2419,#2420);
#2104=AXIS2_PLACEMENT_3D('',#3035,#2422,#2423);
#2105=AXIS2_PLACEMENT_3D('',#3039,#2425,#2426);
#2106=AXIS2_PLACEMENT_3D('',#3042,#2428,#2429);
#2107=AXIS2_PLACEMENT_3D('',#3047,#2431,#2432);
#2108=AXIS2_PLACEMENT_3D('',#3051,#2434,#2435);
#2109=AXIS2_PLACEMENT_3D('',#3055,#2437,#2438);
#2110=AXIS2_PLACEMENT_3D('',#3066,#2444,#2445);
#2111=AXIS2_PLACEMENT_3D('',#3071,#2447,#2448);
#2112=AXIS2_PLACEMENT_3D('',#3075,#2450,#2451);
#2113=AXIS2_PLACEMENT_3D('',#3079,#2453,#2454);
#2114=AXIS2_PLACEMENT_3D('',#3082,#2456,#2457);
#2115=AXIS2_PLACEMENT_3D('',#3087,#2459,#2460);
#2116=AXIS2_PLACEMENT_3D('',#3091,#2462,#2463);
#2117=AXIS2_PLACEMENT_3D('',#3095,#2465,#2466);
#2118=AXIS2_PLACEMENT_3D('',#3098,#2468,#2469);
#2119=AXIS2_PLACEMENT_3D('',#3103,#2471,#2472);
#2120=AXIS2_PLACEMENT_3D('',#3107,#2474,#2475);
#2121=AXIS2_PLACEMENT_3D('',#3111,#2477,#2478);
#2122=AXIS2_PLACEMENT_3D('',#3114,#2480,#2481);
#2123=AXIS2_PLACEMENT_3D('',#3127,#2488,#2489);
#2124=AXIS2_PLACEMENT_3D('',#3136,#2494,#2495);
#2125=AXIS2_PLACEMENT_3D('',#3142,#2499,#2500);
#2126=AXIS2_PLACEMENT_3D('',#3148,#2504,#2505);
#2127=AXIS2_PLACEMENT_3D('',#3149,#2506,#2507);
#2128=AXIS2_PLACEMENT_3D('',#3150,#2508,#2509);
#2129=AXIS2_PLACEMENT_3D('',#3151,#2510,#2511);
#2130=AXIS2_PLACEMENT_3D('',#3164,#2518,#2519);
#2131=AXIS2_PLACEMENT_3D('',#3167,#2522,#2523);
#2132=AXIS2_PLACEMENT_3D('',#3170,#2526,#2527);
#2133=AXIS2_PLACEMENT_3D('',#3176,#2531,#2532);
#2134=AXIS2_PLACEMENT_3D('',#3187,#2540,#2541);
#2135=AXIS2_PLACEMENT_3D('',#3189,#2542,#2543);
#2136=AXIS2_PLACEMENT_3D('',#3191,#2545,#2546);
#2137=AXIS2_PLACEMENT_3D('',#3192,#2547,#2548);
#2138=AXIS2_PLACEMENT_3D('',#3194,#2550,#2551);
#2139=AXIS2_PLACEMENT_3D('',#3197,#2554,#2555);
#2140=AXIS2_PLACEMENT_3D('',#3199,#2557,#2558);
#2141=AXIS2_PLACEMENT_3D('',#3201,#2560,#2561);
#2142=AXIS2_PLACEMENT_3D('',#3203,#2563,#2564);
#2143=AXIS2_PLACEMENT_3D('',#3205,#2566,#2567);
#2144=AXIS2_PLACEMENT_3D('',#3207,#2569,#2570);
#2145=AXIS2_PLACEMENT_3D('',#3209,#2572,#2573);
#2146=AXIS2_PLACEMENT_3D('',#3210,#2574,#2575);
#2147=AXIS2_PLACEMENT_3D('',#3213,#2578,#2579);
#2148=AXIS2_PLACEMENT_3D('',#3215,#2581,#2582);
#2149=AXIS2_PLACEMENT_3D('',#3217,#2584,#2585);
#2150=AXIS2_PLACEMENT_3D('',#3219,#2587,#2588);
#2151=AXIS2_PLACEMENT_3D('',#3221,#2590,#2591);
#2152=AXIS2_PLACEMENT_3D('',#3223,#2593,#2594);
#2153=AXIS2_PLACEMENT_3D('',#3225,#2596,#2597);
#2154=AXIS2_PLACEMENT_3D('',#3226,#2598,#2599);
#2155=AXIS2_PLACEMENT_3D('',#3229,#2602,#2603);
#2156=AXIS2_PLACEMENT_3D('',#3231,#2605,#2606);
#2157=AXIS2_PLACEMENT_3D('',#3233,#2608,#2609);
#2158=AXIS2_PLACEMENT_3D('',#3235,#2611,#2612);
#2159=AXIS2_PLACEMENT_3D('',#3237,#2614,#2615);
#2160=AXIS2_PLACEMENT_3D('',#3239,#2617,#2618);
#2161=AXIS2_PLACEMENT_3D('',#3241,#2620,#2621);
#2162=AXIS2_PLACEMENT_3D('',#3242,#2622,#2623);
#2163=AXIS2_PLACEMENT_3D('',#3245,#2626,#2627);
#2164=AXIS2_PLACEMENT_3D('',#3247,#2629,#2630);
#2165=AXIS2_PLACEMENT_3D('',#3249,#2632,#2633);
#2166=AXIS2_PLACEMENT_3D('',#3251,#2635,#2636);
#2167=AXIS2_PLACEMENT_3D('',#3253,#2638,#2639);
#2168=AXIS2_PLACEMENT_3D('',#3255,#2641,#2642);
#2169=AXIS2_PLACEMENT_3D('',#3257,#2644,#2645);
#2170=AXIS2_PLACEMENT_3D('',#3258,#2646,#2647);
#2171=AXIS2_PLACEMENT_3D('',#3261,#2650,#2651);
#2172=AXIS2_PLACEMENT_3D('',#3263,#2653,#2654);
#2173=AXIS2_PLACEMENT_3D('',#3265,#2656,#2657);
#2174=AXIS2_PLACEMENT_3D('',#3267,#2659,#2660);
#2175=AXIS2_PLACEMENT_3D('',#3269,#2662,#2663);
#2176=AXIS2_PLACEMENT_3D('',#3271,#2665,#2666);
#2177=AXIS2_PLACEMENT_3D('',#3273,#2668,#2669);
#2178=AXIS2_PLACEMENT_3D('',#3274,#2670,#2671);
#2179=AXIS2_PLACEMENT_3D('',#3277,#2674,#2675);
#2180=AXIS2_PLACEMENT_3D('',#3279,#2677,#2678);
#2181=AXIS2_PLACEMENT_3D('',#3281,#2680,#2681);
#2182=AXIS2_PLACEMENT_3D('',#3283,#2683,#2684);
#2183=AXIS2_PLACEMENT_3D('',#3285,#2686,#2687);
#2184=AXIS2_PLACEMENT_3D('',#3287,#2689,#2690);
#2185=AXIS2_PLACEMENT_3D('',#3289,#2692,#2693);
#2186=AXIS2_PLACEMENT_3D('',#3290,#2694,#2695);
#2187=AXIS2_PLACEMENT_3D('',#3291,#2696,#2697);
#2188=AXIS2_PLACEMENT_3D('',#3293,#2698,#2699);
#2189=AXIS2_PLACEMENT_3D('',#3294,#2700,#2701);
#2190=AXIS2_PLACEMENT_3D('',#3296,#2703,#2704);
#2191=AXIS2_PLACEMENT_3D('',#3297,#2705,#2706);
#2192=AXIS2_PLACEMENT_3D('',#3302,#2709,#2710);
#2193=AXIS2_PLACEMENT_3D('',#3306,#2712,#2713);
#2194=AXIS2_PLACEMENT_3D('',#3310,#2715,#2716);
#2195=AXIS2_PLACEMENT_3D('',#3314,#2718,#2719);
#2196=AXIS2_PLACEMENT_3D('',#3316,#2721,#2722);
#2197=AXIS2_PLACEMENT_3D('',#3322,#2726,#2727);
#2198=AXIS2_PLACEMENT_3D('',#3328,#2731,#2732);
#2199=AXIS2_PLACEMENT_3D('',#3334,#2736,#2737);
#2200=AXIS2_PLACEMENT_3D('',#3340,#2741,#2742);
#2201=AXIS2_PLACEMENT_3D('',#3341,#2743,#2744);
#2202=AXIS2_PLACEMENT_3D('',#3342,#2745,#2746);
#2203=AXIS2_PLACEMENT_3D('',#3343,#2747,#2748);
#2204=AXIS2_PLACEMENT_3D('',#3344,#2749,#2750);
#2205=AXIS2_PLACEMENT_3D('',#3346,#2752,#2753);
#2206=AXIS2_PLACEMENT_3D('',#3352,#2757,#2758);
#2207=AXIS2_PLACEMENT_3D('',#3354,#2760,#2761);
#2208=AXIS2_PLACEMENT_3D('',#3356,#2763,#2764);
#2209=AXIS2_PLACEMENT_3D('',#3357,#2765,#2766);
#2210=AXIS2_PLACEMENT_3D('',#3358,#2767,#2768);
#2211=AXIS2_PLACEMENT_3D('',#3359,#2769,#2770);
#2212=AXIS2_PLACEMENT_3D('',#3360,#2771,#2772);
#2213=AXIS2_PLACEMENT_3D('',#3361,#2773,#2774);
#2214=AXIS2_PLACEMENT_3D('',#3362,#2775,#2776);
#2215=AXIS2_PLACEMENT_3D('',#3363,#2777,#2778);
#2216=AXIS2_PLACEMENT_3D('',#3364,#2779,#2780);
#2217=AXIS2_PLACEMENT_3D('',#3365,#2781,#2782);
#2218=DIRECTION('',(0.,0.,1.));
#2219=DIRECTION('',(1.,0.,0.));
#2220=DIRECTION('',(0.,0.,-1.));
#2221=DIRECTION('',(-1.,0.,0.));
#2222=DIRECTION('',(-1.,1.22464679914735E-16,0.));
#2223=DIRECTION('',(-1.22464679914735E-16,-1.,0.));
#2224=DIRECTION('',(-1.,1.22464679914735E-16,0.));
#2225=DIRECTION('',(-1.22464679914735E-16,-1.,0.));
#2226=DIRECTION('',(-1.22464679914735E-16,-1.,0.));
#2227=DIRECTION('',(1.,-1.22464679914735E-16,0.));
#2228=DIRECTION('',(-1.,1.22464679914735E-16,0.));
#2229=DIRECTION('',(0.,0.,1.));
#2230=DIRECTION('',(0.,0.,1.));
#2231=DIRECTION('',(0.,0.,-1.));
#2232=DIRECTION('',(-1.,0.,0.));
#2233=DIRECTION('',(-1.22464679914735E-16,-1.,0.));
#2234=DIRECTION('',(-1.22464679914735E-16,-1.,0.));
#2235=DIRECTION('',(-1.,1.22464679914735E-16,0.));
#2236=DIRECTION('',(0.,0.,1.));
#2237=DIRECTION('',(1.,0.,0.));
#2238=DIRECTION('',(1.22464679914735E-16,1.,0.));
#2239=DIRECTION('',(-1.,1.22464679914735E-16,0.));
#2240=DIRECTION('',(1.22464679914735E-16,1.,0.));
#2241=DIRECTION('',(-1.,1.22464679914735E-16,0.));
#2242=DIRECTION('',(1.22464679914735E-16,1.,1.31100625451693E-16));
#2243=DIRECTION('',(0.,-1.31100625451693E-16,1.));
#2244=DIRECTION('',(1.60551961325633E-32,1.31100625451693E-16,-1.));
#2245=DIRECTION('',(-1.,1.22464679914735E-16,0.));
#2246=DIRECTION('',(1.60551961325633E-32,1.31100625451693E-16,-1.));
#2247=DIRECTION('',(-1.,1.22464679914735E-16,0.));
#2248=DIRECTION('',(-4.08788657079643E-32,-3.33801270181948E-16,1.));
#2249=DIRECTION('',(0.,-1.,-3.33801270181948E-16));
#2250=DIRECTION('',(1.22464679914735E-16,1.,3.33801270181948E-16));
#2251=DIRECTION('',(1.22464679914735E-16,1.,3.33801270181948E-16));
#2252=DIRECTION('',(-1.,1.22464679914735E-16,0.));
#2253=DIRECTION('',(1.22464679914735E-16,1.,0.));
#2254=DIRECTION('',(-1.,1.22464679914735E-16,0.));
#2255=DIRECTION('',(0.,0.,-1.));
#2256=DIRECTION('',(-1.,1.22464679914735E-16,0.));
#2257=DIRECTION('',(0.,0.,-1.));
#2258=DIRECTION('',(-1.22464679914735E-16,-1.,-9.69119260322239E-17));
#2259=DIRECTION('',(1.,-1.22464679914735E-16,0.));
#2260=DIRECTION('',(-1.18682880014568E-32,-9.69119260322239E-17,1.));
#2261=DIRECTION('',(-1.18682880014568E-32,-9.69119260322239E-17,1.));
#2262=DIRECTION('',(1.,-1.22464679914735E-16,0.));
#2263=DIRECTION('',(1.22464679914735E-16,1.,0.));
#2264=DIRECTION('',(1.,-1.22464679914735E-16,0.));
#2265=DIRECTION('',(1.22464679914735E-16,1.,0.));
#2266=DIRECTION('',(1.,-1.22464679914735E-16,0.));
#2267=DIRECTION('',(1.22464679914735E-16,1.,0.));
#2268=DIRECTION('',(1.,-1.22464679914735E-16,0.));
#2269=DIRECTION('',(1.22464679914735E-16,1.,0.));
#2270=DIRECTION('',(1.,-1.22464679914735E-16,0.));
#2271=DIRECTION('',(1.22464679914735E-16,1.,0.));
#2272=DIRECTION('',(1.,-1.22464679914735E-16,0.));
#2273=DIRECTION('',(1.22464679914735E-16,1.,0.));
#2274=DIRECTION('',(-1.,1.22464679914735E-16,0.));
#2275=DIRECTION('',(-1.22464679914735E-16,-1.,0.));
#2276=DIRECTION('',(1.,-1.22464679914735E-16,0.));
#2277=DIRECTION('',(1.22464679914735E-16,1.,0.));
#2278=DIRECTION('',(0.,0.,1.));
#2279=DIRECTION('',(1.,0.,0.));
#2280=DIRECTION('',(0.,0.,-1.));
#2281=DIRECTION('',(-1.,0.,0.));
#2282=DIRECTION('',(0.,1.,0.));
#2283=DIRECTION('',(0.,0.,-1.));
#2284=DIRECTION('',(-1.,0.,0.));
#2285=DIRECTION('',(1.,1.33440267382831E-16,0.));
#2286=DIRECTION('',(0.,0.,-1.));
#2287=DIRECTION('',(-1.,0.,0.));
#2288=DIRECTION('',(-2.66880534765662E-16,1.,0.));
#2289=DIRECTION('',(0.,0.,-1.));
#2290=DIRECTION('',(-1.,0.,0.));
#2291=DIRECTION('',(1.,2.66880534765662E-16,0.));
#2292=DIRECTION('',(0.,0.,-1.));
#2293=DIRECTION('',(-1.,0.,0.));
#2294=DIRECTION('',(-2.66880534765662E-16,1.,0.));
#2295=DIRECTION('',(0.,0.,-1.));
#2296=DIRECTION('',(-1.,0.,0.));
#2297=DIRECTION('',(1.,0.,0.));
#2298=DIRECTION('',(0.,0.,-1.));
#2299=DIRECTION('',(-1.,0.,0.));
#2300=DIRECTION('',(-1.33440267382831E-16,1.,0.));
#2301=DIRECTION('',(0.,0.,-1.));
#2302=DIRECTION('',(-1.,0.,0.));
#2303=DIRECTION('',(1.,0.,0.));
#2304=DIRECTION('',(0.,0.,-1.));
#2305=DIRECTION('',(-1.,0.,0.));
#2306=DIRECTION('',(-2.66880534765662E-16,1.,0.));
#2307=DIRECTION('',(0.,0.,-1.));
#2308=DIRECTION('',(-1.,0.,0.));
#2309=DIRECTION('',(1.,1.33440267382831E-16,0.));
#2310=DIRECTION('',(0.,0.,-1.));
#2311=DIRECTION('',(-1.,0.,0.));
#2312=DIRECTION('',(-1.33440267382831E-16,1.,0.));
#2313=DIRECTION('',(0.,0.,-1.));
#2314=DIRECTION('',(-1.,0.,0.));
#2315=DIRECTION('',(1.,2.66880534765662E-16,0.));
#2316=DIRECTION('',(0.,0.,-1.));
#2317=DIRECTION('',(-1.,0.,0.));
#2318=DIRECTION('',(-2.66880534765662E-16,1.,0.));
#2319=DIRECTION('',(0.,0.,-1.));
#2320=DIRECTION('',(-1.,0.,0.));
#2321=DIRECTION('',(1.,2.66880534765662E-16,0.));
#2322=DIRECTION('',(0.,0.,-1.));
#2323=DIRECTION('',(-1.,0.,0.));
#2324=DIRECTION('',(-1.33440267382831E-16,1.,0.));
#2325=DIRECTION('',(0.,0.,-1.));
#2326=DIRECTION('',(-1.,0.,0.));
#2327=DIRECTION('',(1.,0.,0.));
#2328=DIRECTION('',(0.,0.,-1.));
#2329=DIRECTION('',(-1.,0.,0.));
#2330=DIRECTION('',(0.,1.,0.));
#2331=DIRECTION('',(0.,0.,-1.));
#2332=DIRECTION('',(-1.,0.,0.));
#2333=DIRECTION('',(1.,0.,0.));
#2334=DIRECTION('',(0.,0.,-1.));
#2335=DIRECTION('',(-1.,0.,0.));
#2336=DIRECTION('',(-2.66880534765662E-16,1.,0.));
#2337=DIRECTION('',(0.,0.,-1.));
#2338=DIRECTION('',(-1.,0.,0.));
#2339=DIRECTION('',(1.,0.,0.));
#2340=DIRECTION('',(0.,0.,-1.));
#2341=DIRECTION('',(-1.,0.,0.));
#2342=DIRECTION('',(0.,1.,0.));
#2343=DIRECTION('',(0.,0.,-1.));
#2344=DIRECTION('',(-1.,0.,0.));
#2345=DIRECTION('',(1.,2.66880534765662E-16,0.));
#2346=DIRECTION('',(0.,0.,-1.));
#2347=DIRECTION('',(-1.,0.,0.));
#2348=DIRECTION('',(-2.66880534765662E-16,1.,0.));
#2349=DIRECTION('',(0.,0.,-1.));
#2350=DIRECTION('',(-1.,0.,0.));
#2351=DIRECTION('',(1.,0.,0.));
#2352=DIRECTION('',(0.,0.,-1.));
#2353=DIRECTION('',(-1.,0.,0.));
#2354=DIRECTION('',(1.,-1.22464679914735E-16,0.));
#2355=DIRECTION('',(1.22464679914735E-16,1.,0.));
#2356=DIRECTION('',(1.,-1.22464679914735E-16,0.));
#2357=DIRECTION('',(1.22464679914735E-16,1.,0.));
#2358=DIRECTION('',(-1.22464679914735E-16,-1.,-1.22137159812058E-16));
#2359=DIRECTION('',(1.,-1.22464679914735E-16,0.));
#2360=DIRECTION('',(1.49574881820786E-32,1.22137159812058E-16,-1.));
#2361=DIRECTION('',(1.49574881820786E-32,1.22137159812058E-16,-1.));
#2362=DIRECTION('',(1.,-1.22464679914735E-16,0.));
#2363=DIRECTION('',(-1.22464679914735E-16,-1.,0.));
#2364=DIRECTION('',(1.,-1.22464679914735E-16,0.));
#2365=DIRECTION('',(0.,0.,-1.));
#2366=DIRECTION('',(1.,-1.22464679914735E-16,0.));
#2367=DIRECTION('',(0.,0.,-1.));
#2368=DIRECTION('',(0.,0.,-1.));
#2369=DIRECTION('',(-1.,0.,0.));
#2370=DIRECTION('',(-1.,1.22464679914735E-16,0.));
#2371=DIRECTION('',(1.22464679914735E-16,1.,0.));
#2372=DIRECTION('',(1.22464679914735E-16,1.,0.));
#2373=DIRECTION('',(1.22464679914735E-16,1.,0.));
#2374=DIRECTION('',(-1.,1.22464679914735E-16,0.));
#2375=DIRECTION('',(1.22464679914735E-16,1.,0.));
#2376=DIRECTION('',(1.,0.,0.));
#2377=DIRECTION('',(0.,-1.,0.));
#2378=DIRECTION('',(0.,-1.,0.));
#2379=DIRECTION('',(-1.,0.,0.));
#2380=DIRECTION('',(0.,-1.,0.));
#2381=DIRECTION('',(1.,-1.85037170770859E-16,0.));
#2382=DIRECTION('',(1.22464679914735E-16,1.,0.));
#2383=DIRECTION('',(-1.,1.22464679914735E-16,0.));
#2384=DIRECTION('',(1.22464679914735E-16,1.,0.));
#2385=DIRECTION('',(-1.22464679914735E-16,-1.,0.));
#2386=DIRECTION('',(-1.,1.22464679914735E-16,0.));
#2387=DIRECTION('',(-1.22464679914735E-16,-1.,0.));
#2388=DIRECTION('',(1.22464679914735E-16,1.,0.));
#2389=DIRECTION('',(-1.,1.22464679914735E-16,0.));
#2390=DIRECTION('',(-1.22464679914735E-16,-1.,0.));
#2391=DIRECTION('',(1.85037170770859E-16,1.,0.));
#2392=DIRECTION('',(-1.,1.85037170770859E-16,0.));
#2393=DIRECTION('',(0.,0.,-1.));
#2394=DIRECTION('',(1.,-1.85037170770859E-16,0.));
#2395=DIRECTION('',(0.,0.,-1.));
#2396=DIRECTION('',(0.,0.,1.));
#2397=DIRECTION('',(1.,0.,0.));
#2398=DIRECTION('',(4.08788657079643E-32,3.33801270181947E-16,-1.));
#2399=DIRECTION('',(0.,1.,3.33801270181947E-16));
#2400=DIRECTION('',(0.,0.,1.));
#2401=DIRECTION('',(1.,0.,0.));
#2402=DIRECTION('',(0.,0.,-1.));
#2403=DIRECTION('',(-1.,0.,0.));
#2404=DIRECTION('',(0.,0.,1.));
#2405=DIRECTION('',(1.,0.,0.));
#2406=DIRECTION('',(0.,1.,0.));
#2407=DIRECTION('',(0.,0.,1.));
#2408=DIRECTION('',(1.,0.,0.));
#2409=DIRECTION('',(1.,0.,0.));
#2410=DIRECTION('',(0.,0.,1.));
#2411=DIRECTION('',(1.,0.,0.));
#2412=DIRECTION('',(-2.66880534765662E-16,1.,0.));
#2413=DIRECTION('',(0.,0.,1.));
#2414=DIRECTION('',(1.,0.,0.));
#2415=DIRECTION('',(1.,0.,0.));
#2416=DIRECTION('',(0.,0.,1.));
#2417=DIRECTION('',(1.,0.,0.));
#2418=DIRECTION('',(-2.66880534765662E-16,1.,0.));
#2419=DIRECTION('',(0.,0.,1.));
#2420=DIRECTION('',(1.,0.,0.));
#2421=DIRECTION('',(1.,2.66880534765662E-16,0.));
#2422=DIRECTION('',(0.,0.,1.));
#2423=DIRECTION('',(1.,0.,0.));
#2424=DIRECTION('',(-1.33440267382831E-16,1.,0.));
#2425=DIRECTION('',(0.,0.,1.));
#2426=DIRECTION('',(1.,0.,0.));
#2427=DIRECTION('',(1.,1.33440267382831E-16,0.));
#2428=DIRECTION('',(0.,0.,1.));
#2429=DIRECTION('',(1.,0.,0.));
#2430=DIRECTION('',(0.,1.,0.));
#2431=DIRECTION('',(0.,0.,1.));
#2432=DIRECTION('',(1.,0.,0.));
#2433=DIRECTION('',(1.,2.66880534765662E-16,0.));
#2434=DIRECTION('',(0.,0.,1.));
#2435=DIRECTION('',(1.,0.,0.));
#2436=DIRECTION('',(-2.66880534765662E-16,1.,0.));
#2437=DIRECTION('',(0.,0.,1.));
#2438=DIRECTION('',(1.,0.,0.));
#2439=DIRECTION('',(1.,1.33440267382831E-16,0.));
#2440=DIRECTION('',(1.22464679914735E-16,1.,0.));
#2441=DIRECTION('',(1.,-1.22464679914735E-16,0.));
#2442=DIRECTION('',(1.22464679914735E-16,1.,0.));
#2443=DIRECTION('',(1.,-1.22464679914735E-16,0.));
#2444=DIRECTION('',(0.,0.,1.));
#2445=DIRECTION('',(1.,0.,0.));
#2446=DIRECTION('',(-2.66880534765662E-16,1.,0.));
#2447=DIRECTION('',(0.,0.,1.));
#2448=DIRECTION('',(1.,0.,0.));
#2449=DIRECTION('',(1.,0.,0.));
#2450=DIRECTION('',(0.,0.,1.));
#2451=DIRECTION('',(1.,0.,0.));
#2452=DIRECTION('',(-1.33440267382831E-16,1.,0.));
#2453=DIRECTION('',(0.,0.,1.));
#2454=DIRECTION('',(1.,0.,0.));
#2455=DIRECTION('',(1.,0.,0.));
#2456=DIRECTION('',(0.,0.,1.));
#2457=DIRECTION('',(1.,0.,0.));
#2458=DIRECTION('',(-2.66880534765662E-16,1.,0.));
#2459=DIRECTION('',(0.,0.,1.));
#2460=DIRECTION('',(1.,0.,0.));
#2461=DIRECTION('',(1.,0.,0.));
#2462=DIRECTION('',(0.,0.,1.));
#2463=DIRECTION('',(1.,0.,0.));
#2464=DIRECTION('',(-1.33440267382831E-16,1.,0.));
#2465=DIRECTION('',(0.,0.,1.));
#2466=DIRECTION('',(1.,0.,0.));
#2467=DIRECTION('',(1.,2.66880534765662E-16,0.));
#2468=DIRECTION('',(0.,0.,1.));
#2469=DIRECTION('',(1.,0.,0.));
#2470=DIRECTION('',(0.,1.,0.));
#2471=DIRECTION('',(0.,0.,1.));
#2472=DIRECTION('',(1.,0.,0.));
#2473=DIRECTION('',(1.,0.,0.));
#2474=DIRECTION('',(0.,0.,1.));
#2475=DIRECTION('',(1.,0.,0.));
#2476=DIRECTION('',(-2.66880534765662E-16,1.,0.));
#2477=DIRECTION('',(0.,0.,1.));
#2478=DIRECTION('',(1.,0.,0.));
#2479=DIRECTION('',(1.,2.66880534765662E-16,0.));
#2480=DIRECTION('',(-2.01127359533543E-16,-1.,0.));
#2481=DIRECTION('',(1.,-2.01127359533543E-16,0.));
#2482=DIRECTION('',(0.,0.,1.));
#2483=DIRECTION('',(1.,0.,0.));
#2484=DIRECTION('',(0.,0.,1.));
#2485=DIRECTION('',(1.,-2.01127359533543E-16,0.));
#2486=DIRECTION('',(0.,0.,1.));
#2487=DIRECTION('',(1.,-2.01127359533543E-16,0.));
#2488=DIRECTION('',(-1.22464679914735E-16,-1.,-1.31100625451693E-16));
#2489=DIRECTION('',(0.,1.31100625451693E-16,-1.));
#2490=DIRECTION('',(1.60551961325633E-32,1.31100625451693E-16,-1.));
#2491=DIRECTION('',(1.,-1.22464679914735E-16,0.));
#2492=DIRECTION('',(1.60551961325633E-32,1.31100625451693E-16,-1.));
#2493=DIRECTION('',(1.,-1.22464679914735E-16,0.));
#2494=DIRECTION('',(4.08788657079643E-32,3.33801270181947E-16,-1.));
#2495=DIRECTION('',(0.,1.,3.33801270181947E-16));
#2496=DIRECTION('',(1.22464679914735E-16,1.,3.33801270181947E-16));
#2497=DIRECTION('',(1.,-1.22464679914735E-16,0.));
#2498=DIRECTION('',(1.22464679914735E-16,1.,3.33801270181948E-16));
#2499=DIRECTION('',(-1.22464679914735E-16,-1.,0.));
#2500=DIRECTION('',(1.,-1.22464679914735E-16,0.));
#2501=DIRECTION('',(0.,0.,-1.));
#2502=DIRECTION('',(1.,-1.22464679914735E-16,0.));
#2503=DIRECTION('',(0.,0.,-1.));
#2504=DIRECTION('',(1.,-1.22464679914735E-16,0.));
#2505=DIRECTION('',(1.22464679914735E-16,1.,0.));
#2506=DIRECTION('',(1.,-1.22464679914735E-16,0.));
#2507=DIRECTION('',(1.22464679914735E-16,1.,0.));
#2508=DIRECTION('',(1.,-1.22464679914735E-16,0.));
#2509=DIRECTION('',(1.22464679914735E-16,1.,0.));
#2510=DIRECTION('',(0.,-1.,0.));
#2511=DIRECTION('',(0.,0.,-1.));
#2512=DIRECTION('',(1.,0.,0.));
#2513=DIRECTION('',(0.,0.,1.));
#2514=DIRECTION('',(1.,0.,0.));
#2515=DIRECTION('',(0.,0.,1.));
#2516=DIRECTION('',(1.,0.,0.));
#2517=DIRECTION('',(0.,0.,1.));
#2518=DIRECTION('',(-1.,0.,0.));
#2519=DIRECTION('',(0.,0.,1.));
#2520=DIRECTION('',(0.,-1.,0.));
#2521=DIRECTION('',(0.,-1.,0.));
#2522=DIRECTION('',(0.,0.,1.));
#2523=DIRECTION('',(1.,0.,0.));
#2524=DIRECTION('',(1.22464679914735E-16,1.,0.));
#2525=DIRECTION('',(1.22464679914735E-16,1.,0.));
#2526=DIRECTION('',(0.,1.,0.));
#2527=DIRECTION('',(0.,0.,1.));
#2528=DIRECTION('',(0.,0.,-1.));
#2529=DIRECTION('',(1.,0.,0.));
#2530=DIRECTION('',(0.707106781186547,0.,-0.707106781186548));
#2531=DIRECTION('',(0.,0.,1.));
#2532=DIRECTION('',(1.,0.,0.));
#2533=DIRECTION('',(1.22464679914735E-16,1.,0.));
#2534=DIRECTION('',(0.,-1.,0.));
#2535=DIRECTION('',(1.22464679914735E-16,1.,0.));
#2536=DIRECTION('',(0.,-1.,0.));
#2537=DIRECTION('',(-1.,0.,0.));
#2538=DIRECTION('',(0.,-1.,0.));
#2539=DIRECTION('',(0.,-1.,0.));
#2540=DIRECTION('',(0.,0.,1.));
#2541=DIRECTION('',(1.,0.,0.));
#2542=DIRECTION('',(0.,0.,1.));
#2543=DIRECTION('',(1.,0.,0.));
#2544=DIRECTION('',(0.,-1.,0.));
#2545=DIRECTION('',(-1.,0.,0.));
#2546=DIRECTION('',(0.,-1.,0.));
#2547=DIRECTION('',(-0.707106781186548,0.,-0.707106781186547));
#2548=DIRECTION('',(0.,-1.,0.));
#2549=DIRECTION('',(-0.707106781186548,0.,0.707106781186548));
#2550=DIRECTION('',(0.,0.,1.));
#2551=DIRECTION('',(1.,0.,0.));
#2552=DIRECTION('',(0.,0.,1.));
#2553=DIRECTION('',(0.,0.,1.));
#2554=DIRECTION('',(1.33440267382831E-16,-1.,0.));
#2555=DIRECTION('',(1.,1.33440267382831E-16,0.));
#2556=DIRECTION('',(0.,0.,1.));
#2557=DIRECTION('',(0.,0.,1.));
#2558=DIRECTION('',(1.,0.,0.));
#2559=DIRECTION('',(0.,0.,1.));
#2560=DIRECTION('',(1.,2.66880534765662E-16,0.));
#2561=DIRECTION('',(-2.66880534765662E-16,1.,0.));
#2562=DIRECTION('',(0.,0.,1.));
#2563=DIRECTION('',(0.,0.,1.));
#2564=DIRECTION('',(1.,0.,0.));
#2565=DIRECTION('',(0.,0.,1.));
#2566=DIRECTION('',(1.,0.,0.));
#2567=DIRECTION('',(0.,0.,-1.));
#2568=DIRECTION('',(0.,0.,1.));
#2569=DIRECTION('',(2.66880534765662E-16,-1.,0.));
#2570=DIRECTION('',(1.,2.66880534765662E-16,0.));
#2571=DIRECTION('',(0.,0.,1.));
#2572=DIRECTION('',(0.,0.,1.));
#2573=DIRECTION('',(1.,0.,0.));
#2574=DIRECTION('',(0.,0.,1.));
#2575=DIRECTION('',(1.,0.,0.));
#2576=DIRECTION('',(0.,0.,1.));
#2577=DIRECTION('',(0.,0.,1.));
#2578=DIRECTION('',(0.,-1.,0.));
#2579=DIRECTION('',(0.,0.,-1.));
#2580=DIRECTION('',(0.,0.,1.));
#2581=DIRECTION('',(0.,0.,1.));
#2582=DIRECTION('',(1.,0.,0.));
#2583=DIRECTION('',(0.,0.,1.));
#2584=DIRECTION('',(1.,1.33440267382831E-16,0.));
#2585=DIRECTION('',(-1.33440267382831E-16,1.,0.));
#2586=DIRECTION('',(0.,0.,1.));
#2587=DIRECTION('',(0.,0.,1.));
#2588=DIRECTION('',(1.,0.,0.));
#2589=DIRECTION('',(0.,0.,1.));
#2590=DIRECTION('',(1.,2.66880534765662E-16,0.));
#2591=DIRECTION('',(-2.66880534765662E-16,1.,0.));
#2592=DIRECTION('',(0.,0.,1.));
#2593=DIRECTION('',(0.,-1.,0.));
#2594=DIRECTION('',(0.,0.,-1.));
#2595=DIRECTION('',(0.,0.,1.));
#2596=DIRECTION('',(0.,0.,1.));
#2597=DIRECTION('',(1.,0.,0.));
#2598=DIRECTION('',(0.,0.,1.));
#2599=DIRECTION('',(1.,0.,0.));
#2600=DIRECTION('',(0.,0.,1.));
#2601=DIRECTION('',(0.,0.,1.));
#2602=DIRECTION('',(1.33440267382831E-16,-1.,0.));
#2603=DIRECTION('',(1.,1.33440267382831E-16,0.));
#2604=DIRECTION('',(0.,0.,1.));
#2605=DIRECTION('',(0.,0.,1.));
#2606=DIRECTION('',(1.,0.,0.));
#2607=DIRECTION('',(0.,0.,1.));
#2608=DIRECTION('',(1.,1.33440267382831E-16,0.));
#2609=DIRECTION('',(-1.33440267382831E-16,1.,0.));
#2610=DIRECTION('',(0.,0.,1.));
#2611=DIRECTION('',(0.,0.,1.));
#2612=DIRECTION('',(1.,0.,0.));
#2613=DIRECTION('',(0.,0.,1.));
#2614=DIRECTION('',(1.,2.66880534765662E-16,0.));
#2615=DIRECTION('',(-2.66880534765662E-16,1.,0.));
#2616=DIRECTION('',(0.,0.,1.));
#2617=DIRECTION('',(2.66880534765662E-16,-1.,0.));
#2618=DIRECTION('',(1.,2.66880534765662E-16,0.));
#2619=DIRECTION('',(0.,0.,1.));
#2620=DIRECTION('',(0.,0.,1.));
#2621=DIRECTION('',(1.,0.,0.));
#2622=DIRECTION('',(0.,0.,1.));
#2623=DIRECTION('',(1.,0.,0.));
#2624=DIRECTION('',(0.,0.,1.));
#2625=DIRECTION('',(0.,0.,1.));
#2626=DIRECTION('',(2.66880534765662E-16,-1.,0.));
#2627=DIRECTION('',(1.,2.66880534765662E-16,0.));
#2628=DIRECTION('',(0.,0.,1.));
#2629=DIRECTION('',(0.,0.,1.));
#2630=DIRECTION('',(1.,0.,0.));
#2631=DIRECTION('',(0.,0.,1.));
#2632=DIRECTION('',(1.,1.33440267382831E-16,0.));
#2633=DIRECTION('',(-1.33440267382831E-16,1.,0.));
#2634=DIRECTION('',(0.,0.,1.));
#2635=DIRECTION('',(0.,0.,1.));
#2636=DIRECTION('',(1.,0.,0.));
#2637=DIRECTION('',(0.,0.,1.));
#2638=DIRECTION('',(1.,2.66880534765662E-16,0.));
#2639=DIRECTION('',(-2.66880534765662E-16,1.,0.));
#2640=DIRECTION('',(0.,0.,1.));
#2641=DIRECTION('',(0.,-1.,0.));
#2642=DIRECTION('',(0.,0.,-1.));
#2643=DIRECTION('',(0.,0.,1.));
#2644=DIRECTION('',(0.,0.,1.));
#2645=DIRECTION('',(1.,0.,0.));
#2646=DIRECTION('',(0.,0.,1.));
#2647=DIRECTION('',(1.,0.,0.));
#2648=DIRECTION('',(0.,0.,1.));
#2649=DIRECTION('',(0.,0.,1.));
#2650=DIRECTION('',(0.,-1.,0.));
#2651=DIRECTION('',(0.,0.,-1.));
#2652=DIRECTION('',(0.,0.,1.));
#2653=DIRECTION('',(0.,0.,1.));
#2654=DIRECTION('',(1.,0.,0.));
#2655=DIRECTION('',(0.,0.,1.));
#2656=DIRECTION('',(1.,2.66880534765662E-16,0.));
#2657=DIRECTION('',(-2.66880534765662E-16,1.,0.));
#2658=DIRECTION('',(0.,0.,1.));
#2659=DIRECTION('',(0.,0.,1.));
#2660=DIRECTION('',(1.,0.,0.));
#2661=DIRECTION('',(0.,0.,1.));
#2662=DIRECTION('',(1.,0.,0.));
#2663=DIRECTION('',(0.,0.,-1.));
#2664=DIRECTION('',(0.,0.,1.));
#2665=DIRECTION('',(0.,-1.,0.));
#2666=DIRECTION('',(0.,0.,-1.));
#2667=DIRECTION('',(0.,0.,1.));
#2668=DIRECTION('',(0.,0.,1.));
#2669=DIRECTION('',(1.,0.,0.));
#2670=DIRECTION('',(0.,0.,1.));
#2671=DIRECTION('',(1.,0.,0.));
#2672=DIRECTION('',(0.,0.,1.));
#2673=DIRECTION('',(0.,0.,1.));
#2674=DIRECTION('',(2.66880534765662E-16,-1.,0.));
#2675=DIRECTION('',(1.,2.66880534765662E-16,0.));
#2676=DIRECTION('',(0.,0.,1.));
#2677=DIRECTION('',(0.,0.,1.));
#2678=DIRECTION('',(1.,0.,0.));
#2679=DIRECTION('',(0.,0.,1.));
#2680=DIRECTION('',(1.,2.66880534765662E-16,0.));
#2681=DIRECTION('',(-2.66880534765662E-16,1.,0.));
#2682=DIRECTION('',(0.,0.,1.));
#2683=DIRECTION('',(0.,0.,1.));
#2684=DIRECTION('',(1.,0.,0.));
#2685=DIRECTION('',(0.,0.,1.));
#2686=DIRECTION('',(1.,0.,0.));
#2687=DIRECTION('',(0.,0.,-1.));
#2688=DIRECTION('',(0.,0.,1.));
#2689=DIRECTION('',(0.,-1.,0.));
#2690=DIRECTION('',(0.,0.,-1.));
#2691=DIRECTION('',(0.,0.,1.));
#2692=DIRECTION('',(0.,0.,1.));
#2693=DIRECTION('',(1.,0.,0.));
#2694=DIRECTION('',(0.,0.,1.));
#2695=DIRECTION('',(1.,0.,0.));
#2696=DIRECTION('',(0.,0.,1.));
#2697=DIRECTION('',(1.,0.,0.));
#2698=DIRECTION('',(0.,0.,1.));
#2699=DIRECTION('',(1.,0.,0.));
#2700=DIRECTION('',(1.,0.,0.));
#2701=DIRECTION('',(0.,0.,-1.));
#2702=DIRECTION('',(0.,0.,-1.));
#2703=DIRECTION('',(0.,-1.,0.));
#2704=DIRECTION('',(0.,0.,-1.));
#2705=DIRECTION('',(-1.,1.22464679914735E-16,0.));
#2706=DIRECTION('',(-1.22464679914735E-16,-1.,0.));
#2707=DIRECTION('',(-1.22464679914735E-16,-1.,0.));
#2708=DIRECTION('',(0.,0.,-1.));
#2709=DIRECTION('',(-1.,1.22464679914735E-16,0.));
#2710=DIRECTION('',(-1.22464679914735E-16,-1.,0.));
#2711=DIRECTION('',(0.,0.,-1.));
#2712=DIRECTION('',(-1.,1.22464679914735E-16,0.));
#2713=DIRECTION('',(-1.22464679914735E-16,-1.,0.));
#2714=DIRECTION('',(-1.22464679914735E-16,-1.,0.));
#2715=DIRECTION('',(-1.,1.22464679914735E-16,0.));
#2716=DIRECTION('',(-1.22464679914735E-16,-1.,0.));
#2717=DIRECTION('',(0.,0.,-1.));
#2718=DIRECTION('',(-1.,1.22464679914735E-16,0.));
#2719=DIRECTION('',(-1.22464679914735E-16,-1.,0.));
#2720=DIRECTION('',(0.,0.,-1.));
#2721=DIRECTION('',(0.,0.,1.));
#2722=DIRECTION('',(1.,0.,0.));
#2723=DIRECTION('',(1.,-1.22464679914735E-16,0.));
#2724=DIRECTION('',(-1.22464679914735E-16,-1.,0.));
#2725=DIRECTION('',(1.,-1.22464679914735E-16,0.));
#2726=DIRECTION('',(-1.22464679914735E-16,-1.,0.));
#2727=DIRECTION('',(1.,-1.22464679914735E-16,0.));
#2728=DIRECTION('',(1.,-1.22464679914735E-16,0.));
#2729=DIRECTION('',(0.,0.,-1.));
#2730=DIRECTION('',(1.,-1.22464679914735E-16,0.));
#2731=DIRECTION('',(0.,0.,1.));
#2732=DIRECTION('',(1.,0.,0.));
#2733=DIRECTION('',(-1.22464679914735E-16,-1.,0.));
#2734=DIRECTION('',(1.,-1.22464679914735E-16,0.));
#2735=DIRECTION('',(1.,-1.22464679914735E-16,0.));
#2736=DIRECTION('',(-1.22464679914735E-16,-1.,0.));
#2737=DIRECTION('',(1.,-1.22464679914735E-16,0.));
#2738=DIRECTION('',(0.,0.,-1.));
#2739=DIRECTION('',(1.,-1.22464679914735E-16,0.));
#2740=DIRECTION('',(1.,-1.22464679914735E-16,0.));
#2741=DIRECTION('',(-1.,1.22464679914735E-16,0.));
#2742=DIRECTION('',(-1.22464679914735E-16,-1.,0.));
#2743=DIRECTION('',(-1.,1.22464679914735E-16,0.));
#2744=DIRECTION('',(-1.22464679914735E-16,-1.,0.));
#2745=DIRECTION('',(-1.,1.22464679914735E-16,0.));
#2746=DIRECTION('',(-1.22464679914735E-16,-1.,0.));
#2747=DIRECTION('',(-1.,1.22464679914735E-16,0.));
#2748=DIRECTION('',(-1.22464679914735E-16,-1.,0.));
#2749=DIRECTION('',(-1.,1.22464679914735E-16,0.));
#2750=DIRECTION('',(-1.22464679914735E-16,-1.,0.));
#2751=DIRECTION('',(1.22464679914735E-16,1.,0.));
#2752=DIRECTION('',(0.,0.,-1.));
#2753=DIRECTION('',(-1.,0.,0.));
#2754=DIRECTION('',(-1.,1.22464679914735E-16,0.));
#2755=DIRECTION('',(-1.22464679914735E-16,-1.,0.));
#2756=DIRECTION('',(-1.,1.22464679914735E-16,0.));
#2757=DIRECTION('',(1.22464679914735E-16,1.,0.));
#2758=DIRECTION('',(-1.,1.22464679914735E-16,0.));
#2759=DIRECTION('',(0.,0.,-1.));
#2760=DIRECTION('',(1.22464679914735E-16,1.,0.));
#2761=DIRECTION('',(-1.,1.22464679914735E-16,0.));
#2762=DIRECTION('',(0.,0.,-1.));
#2763=DIRECTION('',(-1.,1.22464679914735E-16,0.));
#2764=DIRECTION('',(-1.22464679914735E-16,-1.,0.));
#2765=DIRECTION('',(-1.,1.22464679914735E-16,0.));
#2766=DIRECTION('',(-1.22464679914735E-16,-1.,0.));
#2767=DIRECTION('',(-0.707106781186547,0.707106781186548,0.));
#2768=DIRECTION('',(-0.707106781186548,-0.707106781186547,0.));
#2769=DIRECTION('',(1.,-1.22464679914735E-16,0.));
#2770=DIRECTION('',(1.22464679914735E-16,1.,0.));
#2771=DIRECTION('',(0.707106781186548,0.707106781186547,0.));
#2772=DIRECTION('',(0.707106781186547,-0.707106781186548,0.));
#2773=DIRECTION('',(-1.22464679914735E-16,-1.,0.));
#2774=DIRECTION('',(1.,-1.22464679914735E-16,0.));
#2775=DIRECTION('',(1.,-1.22464679914735E-16,0.));
#2776=DIRECTION('',(1.22464679914735E-16,1.,0.));
#2777=DIRECTION('',(-1.,1.22464679914735E-16,0.));
#2778=DIRECTION('',(-1.22464679914735E-16,-1.,0.));
#2779=DIRECTION('',(-1.,1.22464679914735E-16,0.));
#2780=DIRECTION('',(-1.22464679914735E-16,-1.,0.));
#2781=DIRECTION('',(1.,-1.22464679914735E-16,0.));
#2782=DIRECTION('',(1.22464679914735E-16,1.,0.));
#2783=CARTESIAN_POINT('',(0.,0.,0.));
#2784=CARTESIAN_POINT('',(0.002362,0.036575,-0.00165));
#2785=CARTESIAN_POINT('',(0.002362,0.06961,-0.00165));
#2786=CARTESIAN_POINT('',(0.00236,0.06961,-0.00165));
#2787=CARTESIAN_POINT('',(8.52802338540467E-18,0.06961,-0.00165));
#2788=CARTESIAN_POINT('',(0.00236,0.036575,-0.00165));
#2789=CARTESIAN_POINT('',(0.00236,0.00711,-0.00165));
#2790=CARTESIAN_POINT('',(0.002362,0.00711,-0.00165));
#2791=CARTESIAN_POINT('',(9.06294534369923E-19,0.00711,-0.00165));
#2792=CARTESIAN_POINT('',(4.55364912443912E-18,0.036575,-0.00165));
#2793=CARTESIAN_POINT('',(0.002362,0.06961,-0.01054));
#2794=CARTESIAN_POINT('',(0.002362,0.06961,-0.01955));
#2795=CARTESIAN_POINT('',(0.00236,0.06961,-0.01955));
#2796=CARTESIAN_POINT('',(8.52802338540467E-18,0.06961,-0.01955));
#2797=CARTESIAN_POINT('',(0.00236,0.06961,-0.01054));
#2798=CARTESIAN_POINT('',(8.45677694538693E-18,0.06961,-0.01054));
#2799=CARTESIAN_POINT('',(0.002362,0.036575,-0.01955));
#2800=CARTESIAN_POINT('',(0.00236,0.036575,-0.01955));
#2801=CARTESIAN_POINT('',(0.00236,0.00711,-0.01955));
#2802=CARTESIAN_POINT('',(4.55364912443912E-18,0.036575,-0.01955));
#2803=CARTESIAN_POINT('',(9.06294534369923E-19,0.00711,-0.01955));
#2804=CARTESIAN_POINT('',(0.002362,0.00711,-0.01955));
#2805=CARTESIAN_POINT('',(0.002362,0.036575,0.005));
#2806=CARTESIAN_POINT('',(0.00236,0.036575,0.005));
#2807=CARTESIAN_POINT('',(0.00236,-0.001,0.005));
#2808=CARTESIAN_POINT('',(0.00236,0.07415,0.005));
#2809=CARTESIAN_POINT('',(0.002362,0.07415,0.005));
#2810=CARTESIAN_POINT('',(9.1552594722353E-18,0.07415,0.005));
#2811=CARTESIAN_POINT('',(4.55364912443912E-18,0.036575,0.005));
#2812=CARTESIAN_POINT('',(-4.79612233570612E-20,-0.001,0.005));
#2813=CARTESIAN_POINT('',(0.00236,-0.001,0.005));
#2814=CARTESIAN_POINT('',(0.002362,-0.005,-0.01154));
#2815=CARTESIAN_POINT('',(0.00236,-0.005,-0.01154));
#2816=CARTESIAN_POINT('',(0.00236,-0.005,0.001));
#2817=CARTESIAN_POINT('',(0.00236,-0.005,-0.02808));
#2818=CARTESIAN_POINT('',(-4.89858719658941E-19,-0.005,0.001));
#2819=CARTESIAN_POINT('',(-5.37819943016002E-19,-0.005,0.001));
#2820=CARTESIAN_POINT('',(-5.37819943016002E-19,-0.005,-0.01154));
#2821=CARTESIAN_POINT('',(-5.37819943016002E-19,-0.005,-0.02808));
#2822=CARTESIAN_POINT('',(0.002362,-0.005,-0.02808));
#2823=CARTESIAN_POINT('',(0.002362,0.036575,-0.02808));
#2824=CARTESIAN_POINT('',(0.00236,0.036575,-0.02808));
#2825=CARTESIAN_POINT('',(0.00236,0.07815,-0.02808));
#2826=CARTESIAN_POINT('',(4.55364912443912E-18,0.036575,-0.02808));
#2827=CARTESIAN_POINT('',(9.64511819189424E-18,0.07815,-0.02808));
#2828=CARTESIAN_POINT('',(0.002362,0.07815,-0.02808));
#2829=CARTESIAN_POINT('',(0.002362,0.07815,-0.01154));
#2830=CARTESIAN_POINT('',(9.64511819189424E-18,0.07815,-0.01154));
#2831=CARTESIAN_POINT('',(9.64511819189424E-18,0.07815,0.001));
#2832=CARTESIAN_POINT('',(0.002362,0.07815,0.001));
#2833=CARTESIAN_POINT('',(0.00236,0.07815,0.001));
#2834=CARTESIAN_POINT('',(0.00236,0.07815,-0.01154));
#2835=CARTESIAN_POINT('',(0.002362,0.00711,-0.01054));
#2836=CARTESIAN_POINT('',(0.00236,0.00711,-0.01054));
#2837=CARTESIAN_POINT('',(8.67361737988404E-19,0.00711,-0.01054));
#2838=CARTESIAN_POINT('',(4.55364912443912E-18,0.036575,-0.01154));
#2839=CARTESIAN_POINT('',(9.10729824887824E-18,0.07415,0.001));
#2840=CARTESIAN_POINT('',(-4.33680868994202E-19,-0.001,0.001));
#2841=CARTESIAN_POINT('',(0.00236,0.036575,-0.01054));
#2842=CARTESIAN_POINT('',(0.00236,0.07415,0.001));
#2843=CARTESIAN_POINT('',(0.00236,-0.001,0.001));
#2844=CARTESIAN_POINT('',(0.002362,0.07415,0.001));
#2845=CARTESIAN_POINT('',(0.002362,-0.001,0.001));
#2846=CARTESIAN_POINT('',(0.,0.,0.));
#2847=CARTESIAN_POINT('',(-0.055502,0.036575,0.001));
#2848=CARTESIAN_POINT('',(-0.0442755,0.017525,0.001));
#2849=CARTESIAN_POINT('',(-0.0442755,0.011025,0.001));
#2850=CARTESIAN_POINT('',(-0.0442755,0.024025,0.001));
#2851=CARTESIAN_POINT('',(-0.0437755,0.011025,0.001));
#2852=CARTESIAN_POINT('',(-0.0437755,0.010525,0.001));
#2853=CARTESIAN_POINT('',(-0.0372755,0.010525,0.001));
#2854=CARTESIAN_POINT('',(-0.0307755,0.010525,0.001));
#2855=CARTESIAN_POINT('',(-0.0307755,0.011025,0.001));
#2856=CARTESIAN_POINT('',(-0.0302755,0.011025,0.001));
#2857=CARTESIAN_POINT('',(-0.0302755,0.017525,0.001));
#2858=CARTESIAN_POINT('',(-0.0302755,0.024025,0.001));
#2859=CARTESIAN_POINT('',(-0.0307755,0.024025,0.001));
#2860=CARTESIAN_POINT('',(-0.0307755,0.024525,0.001));
#2861=CARTESIAN_POINT('',(-0.0372755,0.024525,0.001));
#2862=CARTESIAN_POINT('',(-0.0437755,0.024525,0.001));
#2863=CARTESIAN_POINT('',(-0.0437755,0.024025,0.001));
#2864=CARTESIAN_POINT('',(-0.0252255,0.055625,0.001));
#2865=CARTESIAN_POINT('',(-0.0252255,0.049125,0.001));
#2866=CARTESIAN_POINT('',(-0.0252255,0.062125,0.001));
#2867=CARTESIAN_POINT('',(-0.0247255,0.049125,0.001));
#2868=CARTESIAN_POINT('',(-0.0247255,0.048625,0.001));
#2869=CARTESIAN_POINT('',(-0.0182255,0.048625,0.001));
#2870=CARTESIAN_POINT('',(-0.0117255,0.048625,0.001));
#2871=CARTESIAN_POINT('',(-0.0117255,0.049125,0.001));
#2872=CARTESIAN_POINT('',(-0.0112255,0.049125,0.001));
#2873=CARTESIAN_POINT('',(-0.0112255,0.055625,0.001));
#2874=CARTESIAN_POINT('',(-0.0112255,0.062125,0.001));
#2875=CARTESIAN_POINT('',(-0.0117255,0.062125,0.001));
#2876=CARTESIAN_POINT('',(-0.0117255,0.062625,0.001));
#2877=CARTESIAN_POINT('',(-0.0182255,0.062625,0.001));
#2878=CARTESIAN_POINT('',(-0.0247255,0.062625,0.001));
#2879=CARTESIAN_POINT('',(-0.0247255,0.062125,0.001));
#2880=CARTESIAN_POINT('',(-0.0252255,0.017525,0.001));
#2881=CARTESIAN_POINT('',(-0.0252255,0.011025,0.001));
#2882=CARTESIAN_POINT('',(-0.0252255,0.024025,0.001));
#2883=CARTESIAN_POINT('',(-0.0247255,0.011025,0.001));
#2884=CARTESIAN_POINT('',(-0.0247255,0.010525,0.001));
#2885=CARTESIAN_POINT('',(-0.0182255,0.010525,0.001));
#2886=CARTESIAN_POINT('',(-0.0117255,0.010525,0.001));
#2887=CARTESIAN_POINT('',(-0.0117255,0.011025,0.001));
#2888=CARTESIAN_POINT('',(-0.0112255,0.011025,0.001));
#2889=CARTESIAN_POINT('',(-0.0112255,0.017525,0.001));
#2890=CARTESIAN_POINT('',(-0.0112255,0.024025,0.001));
#2891=CARTESIAN_POINT('',(-0.0117255,0.024025,0.001));
#2892=CARTESIAN_POINT('',(-0.0117255,0.024525,0.001));
#2893=CARTESIAN_POINT('',(-0.0182255,0.024525,0.001));
#2894=CARTESIAN_POINT('',(-0.0247255,0.024525,0.001));
#2895=CARTESIAN_POINT('',(-0.0247255,0.024025,0.001));
#2896=CARTESIAN_POINT('',(-0.0252255,0.036575,0.001));
#2897=CARTESIAN_POINT('',(-0.0252255,0.030075,0.001));
#2898=CARTESIAN_POINT('',(-0.0252255,0.043075,0.001));
#2899=CARTESIAN_POINT('',(-0.0247255,0.030075,0.001));
#2900=CARTESIAN_POINT('',(-0.0247255,0.029575,0.001));
#2901=CARTESIAN_POINT('',(-0.0182255,0.029575,0.001));
#2902=CARTESIAN_POINT('',(-0.0117255,0.029575,0.001));
#2903=CARTESIAN_POINT('',(-0.0117255,0.030075,0.001));
#2904=CARTESIAN_POINT('',(-0.0112255,0.030075,0.001));
#2905=CARTESIAN_POINT('',(-0.0112255,0.036575,0.001));
#2906=CARTESIAN_POINT('',(-0.0112255,0.043075,0.001));
#2907=CARTESIAN_POINT('',(-0.0117255,0.043075,0.001));
#2908=CARTESIAN_POINT('',(-0.0117255,0.043575,0.001));
#2909=CARTESIAN_POINT('',(-0.0182255,0.043575,0.001));
#2910=CARTESIAN_POINT('',(-0.0247255,0.043575,0.001));
#2911=CARTESIAN_POINT('',(-0.0247255,0.043075,0.001));
#2912=CARTESIAN_POINT('',(-0.0442755,0.055625,0.001));
#2913=CARTESIAN_POINT('',(-0.0442755,0.049125,0.001));
#2914=CARTESIAN_POINT('',(-0.0442755,0.062125,0.001));
#2915=CARTESIAN_POINT('',(-0.0437755,0.049125,0.001));
#2916=CARTESIAN_POINT('',(-0.0437755,0.048625,0.001));
#2917=CARTESIAN_POINT('',(-0.0372755,0.048625,0.001));
#2918=CARTESIAN_POINT('',(-0.0307755,0.048625,0.001));
#2919=CARTESIAN_POINT('',(-0.0307755,0.049125,0.001));
#2920=CARTESIAN_POINT('',(-0.0302755,0.049125,0.001));
#2921=CARTESIAN_POINT('',(-0.0302755,0.055625,0.001));
#2922=CARTESIAN_POINT('',(-0.0302755,0.062125,0.001));
#2923=CARTESIAN_POINT('',(-0.0307755,0.062125,0.001));
#2924=CARTESIAN_POINT('',(-0.0307755,0.062625,0.001));
#2925=CARTESIAN_POINT('',(-0.0372755,0.062625,0.001));
#2926=CARTESIAN_POINT('',(-0.0437755,0.062625,0.001));
#2927=CARTESIAN_POINT('',(-0.0437755,0.062125,0.001));
#2928=CARTESIAN_POINT('',(-0.0442755,0.036575,0.001));
#2929=CARTESIAN_POINT('',(-0.0442755,0.030075,0.001));
#2930=CARTESIAN_POINT('',(-0.0442755,0.043075,0.001));
#2931=CARTESIAN_POINT('',(-0.0437755,0.030075,0.001));
#2932=CARTESIAN_POINT('',(-0.0437755,0.029575,0.001));
#2933=CARTESIAN_POINT('',(-0.0372755,0.029575,0.001));
#2934=CARTESIAN_POINT('',(-0.0307755,0.029575,0.001));
#2935=CARTESIAN_POINT('',(-0.0307755,0.030075,0.001));
#2936=CARTESIAN_POINT('',(-0.0302755,0.030075,0.001));
#2937=CARTESIAN_POINT('',(-0.0302755,0.036575,0.001));
#2938=CARTESIAN_POINT('',(-0.0302755,0.043075,0.001));
#2939=CARTESIAN_POINT('',(-0.0307755,0.043075,0.001));
#2940=CARTESIAN_POINT('',(-0.0307755,0.043575,0.001));
#2941=CARTESIAN_POINT('',(-0.0372755,0.043575,0.001));
#2942=CARTESIAN_POINT('',(-0.0437755,0.043575,0.001));
#2943=CARTESIAN_POINT('',(-0.0437755,0.043075,0.001));
#2944=CARTESIAN_POINT('',(-0.055502,-0.001,0.001));
#2945=CARTESIAN_POINT('',(-0.0535,-0.001,0.001));
#2946=CARTESIAN_POINT('',(-4.79612233570612E-20,-0.001,0.001));
#2947=CARTESIAN_POINT('',(-0.0535,0.036575,0.001));
#2948=CARTESIAN_POINT('',(-0.0535,0.07415,0.00100000000000001));
#2949=CARTESIAN_POINT('',(-0.055502,0.07415,0.00100000000000001));
#2950=CARTESIAN_POINT('',(9.1552594722353E-18,0.07415,0.00100000000000001));
#2951=CARTESIAN_POINT('',(4.55364912443912E-18,0.036575,0.001));
#2952=CARTESIAN_POINT('',(-0.055502,-0.001,-0.01054));
#2953=CARTESIAN_POINT('',(-0.0535,-0.001,-0.01054));
#2954=CARTESIAN_POINT('',(-0.0535,-0.001,-0.02208));
#2955=CARTESIAN_POINT('',(-4.79612233570614E-20,-0.001,-0.01054));
#2956=CARTESIAN_POINT('',(-4.79612233570612E-20,-0.001,-0.02208));
#2957=CARTESIAN_POINT('',(-0.055502,-0.001,-0.02208));
#2958=CARTESIAN_POINT('',(-0.055502,0.07415,-0.01054));
#2959=CARTESIAN_POINT('',(-0.0535,0.07415,-0.01054));
#2960=CARTESIAN_POINT('',(-0.0535,0.07415,-0.02208));
#2961=CARTESIAN_POINT('',(-0.055502,0.07415,-0.02208));
#2962=CARTESIAN_POINT('',(9.1552594722353E-18,0.07415,-0.02208));
#2963=CARTESIAN_POINT('',(9.1552594722353E-18,0.07415,-0.01054));
#2964=CARTESIAN_POINT('',(-0.055502,0.036575,-0.02208));
#2965=CARTESIAN_POINT('',(-0.0535,0.001,-0.02208));
#2966=CARTESIAN_POINT('',(-0.0535,0.001,-0.02208));
#2967=CARTESIAN_POINT('',(-0.0555,0.001,-0.02208));
#2968=CARTESIAN_POINT('',(-0.0535,0.036575,-0.02208));
#2969=CARTESIAN_POINT('',(4.55364912443912E-18,0.036575,-0.02208));
#2970=CARTESIAN_POINT('',(-0.0535,0.036575,-0.02208));
#2971=CARTESIAN_POINT('',(-0.0535,0.07215,-0.02208));
#2972=CARTESIAN_POINT('',(-0.0535,0.07215,-0.02208));
#2973=CARTESIAN_POINT('',(-0.0555,0.07215,-0.02208));
#2974=CARTESIAN_POINT('',(-0.0555,0.036575,-0.02208));
#2975=CARTESIAN_POINT('',(-0.0555,0.053775,-0.02208));
#2976=CARTESIAN_POINT('',(-0.03675,0.053775,-0.02208));
#2977=CARTESIAN_POINT('',(-0.014,0.053775,-0.02208));
#2978=CARTESIAN_POINT('',(-0.014,0.036575,-0.02208));
#2979=CARTESIAN_POINT('',(-0.014,0.020675,-0.02208));
#2980=CARTESIAN_POINT('',(-0.014,0.036575,-0.02208));
#2981=CARTESIAN_POINT('',(-0.014,0.005675,-0.02208));
#2982=CARTESIAN_POINT('',(-0.0255,0.005675,-0.02208));
#2983=CARTESIAN_POINT('',(-0.033,0.005675,-0.02208));
#2984=CARTESIAN_POINT('',(-0.033,0.013175,-0.02208));
#2985=CARTESIAN_POINT('',(-0.033,0.020675,-0.02208));
#2986=CARTESIAN_POINT('',(-0.03675,0.020675,-0.02208));
#2987=CARTESIAN_POINT('',(-0.0555,0.020675,-0.02208));
#2988=CARTESIAN_POINT('',(-0.0555,0.036575,-0.02208));
#2989=CARTESIAN_POINT('',(-0.0555,0.023875,-0.02108));
#2990=CARTESIAN_POINT('',(-0.0555,0.0366053956065649,-0.0261485412486351));
#2991=CARTESIAN_POINT('',(-0.0555,0.0410753956065649,-0.0261485412486351));
#2992=CARTESIAN_POINT('',(-0.0555,0.0321353956065649,-0.0261485412486351));
#2993=CARTESIAN_POINT('',(-0.0555,0.0321353956065649,-0.025148541248635));
#2994=CARTESIAN_POINT('',(-0.0555,0.0312332629412265,-0.02558));
#2995=CARTESIAN_POINT('',(-0.0555,0.036575,-0.02558));
#2996=CARTESIAN_POINT('',(-0.0555,0.0419775282719034,-0.02558));
#2997=CARTESIAN_POINT('',(-0.0555,0.0410753956065649,-0.025148541248635));
#2998=CARTESIAN_POINT('',(-0.03675,0.020675,-0.01808));
#2999=CARTESIAN_POINT('',(-0.033,0.020675,-0.018078));
#3000=CARTESIAN_POINT('',(-0.033,0.020675,-0.01808));
#3001=CARTESIAN_POINT('',(-0.03675,0.020675,-0.01808));
#3002=CARTESIAN_POINT('',(-0.0555,0.020675,-0.01808));
#3003=CARTESIAN_POINT('',(-0.0555,0.020675,-0.01808));
#3004=CARTESIAN_POINT('',(-0.0255,0.013175,-0.028082));
#3005=CARTESIAN_POINT('',(-0.0255,0.013175,-0.02808));
#3006=CARTESIAN_POINT('',(-0.0255,0.017175,-0.02808));
#3007=CARTESIAN_POINT('',(-0.0255,0.013175,-0.02608));
#3008=CARTESIAN_POINT('',(-0.0215,0.013175,-0.02608));
#3009=CARTESIAN_POINT('',(-0.055502,0.036575,0.005));
#3010=CARTESIAN_POINT('',(-0.0437755,0.049125,0.005));
#3011=CARTESIAN_POINT('',(-0.0442755,0.049125,0.005));
#3012=CARTESIAN_POINT('',(-0.0437755,0.048625,0.005));
#3013=CARTESIAN_POINT('',(-0.0442755,0.055625,0.005));
#3014=CARTESIAN_POINT('',(-0.0442755,0.062125,0.005));
#3015=CARTESIAN_POINT('',(-0.0437755,0.062125,0.005));
#3016=CARTESIAN_POINT('',(-0.0437755,0.062625,0.005));
#3017=CARTESIAN_POINT('',(-0.0372755,0.062625,0.005));
#3018=CARTESIAN_POINT('',(-0.0307755,0.062625,0.005));
#3019=CARTESIAN_POINT('',(-0.0307755,0.062125,0.005));
#3020=CARTESIAN_POINT('',(-0.0302755,0.062125,0.005));
#3021=CARTESIAN_POINT('',(-0.0302755,0.055625,0.005));
#3022=CARTESIAN_POINT('',(-0.0302755,0.049125,0.005));
#3023=CARTESIAN_POINT('',(-0.0307755,0.049125,0.005));
#3024=CARTESIAN_POINT('',(-0.0307755,0.048625,0.005));
#3025=CARTESIAN_POINT('',(-0.0372755,0.048625,0.005));
#3026=CARTESIAN_POINT('',(-0.0247255,0.011025,0.005));
#3027=CARTESIAN_POINT('',(-0.0252255,0.011025,0.005));
#3028=CARTESIAN_POINT('',(-0.0247255,0.010525,0.005));
#3029=CARTESIAN_POINT('',(-0.0252255,0.017525,0.005));
#3030=CARTESIAN_POINT('',(-0.0252255,0.024025,0.005));
#3031=CARTESIAN_POINT('',(-0.0247255,0.024025,0.005));
#3032=CARTESIAN_POINT('',(-0.0247255,0.024525,0.005));
#3033=CARTESIAN_POINT('',(-0.0182255,0.024525,0.005));
#3034=CARTESIAN_POINT('',(-0.0117255,0.024525,0.005));
#3035=CARTESIAN_POINT('',(-0.0117255,0.024025,0.005));
#3036=CARTESIAN_POINT('',(-0.0112255,0.024025,0.005));
#3037=CARTESIAN_POINT('',(-0.0112255,0.017525,0.005));
#3038=CARTESIAN_POINT('',(-0.0112255,0.011025,0.005));
#3039=CARTESIAN_POINT('',(-0.0117255,0.011025,0.005));
#3040=CARTESIAN_POINT('',(-0.0117255,0.010525,0.005));
#3041=CARTESIAN_POINT('',(-0.0182255,0.010525,0.005));
#3042=CARTESIAN_POINT('',(-0.0437755,0.011025,0.005));
#3043=CARTESIAN_POINT('',(-0.0442755,0.011025,0.005));
#3044=CARTESIAN_POINT('',(-0.0437755,0.010525,0.005));
#3045=CARTESIAN_POINT('',(-0.0442755,0.017525,0.005));
#3046=CARTESIAN_POINT('',(-0.0442755,0.024025,0.005));
#3047=CARTESIAN_POINT('',(-0.0437755,0.024025,0.005));
#3048=CARTESIAN_POINT('',(-0.0437755,0.024525,0.005));
#3049=CARTESIAN_POINT('',(-0.0372755,0.024525,0.005));
#3050=CARTESIAN_POINT('',(-0.0307755,0.024525,0.005));
#3051=CARTESIAN_POINT('',(-0.0307755,0.024025,0.005));
#3052=CARTESIAN_POINT('',(-0.0302755,0.024025,0.005));
#3053=CARTESIAN_POINT('',(-0.0302755,0.017525,0.005));
#3054=CARTESIAN_POINT('',(-0.0302755,0.011025,0.005));
#3055=CARTESIAN_POINT('',(-0.0307755,0.011025,0.005));
#3056=CARTESIAN_POINT('',(-0.0307755,0.010525,0.005));
#3057=CARTESIAN_POINT('',(-0.0372755,0.010525,0.005));
#3058=CARTESIAN_POINT('',(4.55364912443912E-18,0.036575,0.005));
#3059=CARTESIAN_POINT('',(-4.79612233570612E-20,-0.001,0.005));
#3060=CARTESIAN_POINT('',(9.1552594722353E-18,0.07415,0.005));
#3061=CARTESIAN_POINT('',(-0.055502,0.07415,0.005));
#3062=CARTESIAN_POINT('',(-0.0535,0.07415,0.005));
#3063=CARTESIAN_POINT('',(-0.0535,-0.005,0.005));
#3064=CARTESIAN_POINT('',(-0.0535,-0.001,0.005));
#3065=CARTESIAN_POINT('',(0.,-0.001,0.005));
#3066=CARTESIAN_POINT('',(-0.0247255,0.049125,0.005));
#3067=CARTESIAN_POINT('',(-0.0252255,0.049125,0.005));
#3068=CARTESIAN_POINT('',(-0.0247255,0.048625,0.005));
#3069=CARTESIAN_POINT('',(-0.0252255,0.055625,0.005));
#3070=CARTESIAN_POINT('',(-0.0252255,0.062125,0.005));
#3071=CARTESIAN_POINT('',(-0.0247255,0.062125,0.005));
#3072=CARTESIAN_POINT('',(-0.0247255,0.062625,0.005));
#3073=CARTESIAN_POINT('',(-0.0182255,0.062625,0.005));
#3074=CARTESIAN_POINT('',(-0.0117255,0.062625,0.005));
#3075=CARTESIAN_POINT('',(-0.0117255,0.062125,0.005));
#3076=CARTESIAN_POINT('',(-0.0112255,0.062125,0.005));
#3077=CARTESIAN_POINT('',(-0.0112255,0.055625,0.005));
#3078=CARTESIAN_POINT('',(-0.0112255,0.049125,0.005));
#3079=CARTESIAN_POINT('',(-0.0117255,0.049125,0.005));
#3080=CARTESIAN_POINT('',(-0.0117255,0.048625,0.005));
#3081=CARTESIAN_POINT('',(-0.0182255,0.048625,0.005));
#3082=CARTESIAN_POINT('',(-0.0247255,0.030075,0.005));
#3083=CARTESIAN_POINT('',(-0.0252255,0.030075,0.005));
#3084=CARTESIAN_POINT('',(-0.0247255,0.029575,0.005));
#3085=CARTESIAN_POINT('',(-0.0252255,0.036575,0.005));
#3086=CARTESIAN_POINT('',(-0.0252255,0.043075,0.005));
#3087=CARTESIAN_POINT('',(-0.0247255,0.043075,0.005));
#3088=CARTESIAN_POINT('',(-0.0247255,0.043575,0.005));
#3089=CARTESIAN_POINT('',(-0.0182255,0.043575,0.005));
#3090=CARTESIAN_POINT('',(-0.0117255,0.043575,0.005));
#3091=CARTESIAN_POINT('',(-0.0117255,0.043075,0.005));
#3092=CARTESIAN_POINT('',(-0.0112255,0.043075,0.005));
#3093=CARTESIAN_POINT('',(-0.0112255,0.036575,0.005));
#3094=CARTESIAN_POINT('',(-0.0112255,0.030075,0.005));
#3095=CARTESIAN_POINT('',(-0.0117255,0.030075,0.005));
#3096=CARTESIAN_POINT('',(-0.0117255,0.029575,0.005));
#3097=CARTESIAN_POINT('',(-0.0182255,0.029575,0.005));
#3098=CARTESIAN_POINT('',(-0.0437755,0.030075,0.005));
#3099=CARTESIAN_POINT('',(-0.0442755,0.030075,0.005));
#3100=CARTESIAN_POINT('',(-0.0437755,0.029575,0.005));
#3101=CARTESIAN_POINT('',(-0.0442755,0.036575,0.005));
#3102=CARTESIAN_POINT('',(-0.0442755,0.043075,0.005));
#3103=CARTESIAN_POINT('',(-0.0437755,0.043075,0.005));
#3104=CARTESIAN_POINT('',(-0.0437755,0.043575,0.005));
#3105=CARTESIAN_POINT('',(-0.0372755,0.043575,0.005));
#3106=CARTESIAN_POINT('',(-0.0307755,0.043575,0.005));
#3107=CARTESIAN_POINT('',(-0.0307755,0.043075,0.005));
#3108=CARTESIAN_POINT('',(-0.0302755,0.043075,0.005));
#3109=CARTESIAN_POINT('',(-0.0302755,0.036575,0.005));
#3110=CARTESIAN_POINT('',(-0.0302755,0.030075,0.005));
#3111=CARTESIAN_POINT('',(-0.0307755,0.030075,0.005));
#3112=CARTESIAN_POINT('',(-0.0307755,0.029575,0.005));
#3113=CARTESIAN_POINT('',(-0.0372755,0.029575,0.005));
#3114=CARTESIAN_POINT('',(-0.03825,0.023675,-0.02558));
#3115=CARTESIAN_POINT('',(-0.026,0.023675,-0.02558));
#3116=CARTESIAN_POINT('',(-0.026,0.023675,-0.02158));
#3117=CARTESIAN_POINT('',(-0.026,0.023675,-0.01808));
#3118=CARTESIAN_POINT('',(-0.026,0.023675,-0.02158));
#3119=CARTESIAN_POINT('',(-0.021,0.023675,-0.02158));
#3120=CARTESIAN_POINT('',(-0.021,0.023675,-0.02558));
#3121=CARTESIAN_POINT('',(-0.021,0.023675,-0.02558));
#3122=CARTESIAN_POINT('',(-0.03825,0.023675,-0.02558));
#3123=CARTESIAN_POINT('',(-0.0555,0.023675,-0.02558));
#3124=CARTESIAN_POINT('',(-0.0555,0.023675,-0.02558));
#3125=CARTESIAN_POINT('',(-0.0555,0.023675,-0.01808));
#3126=CARTESIAN_POINT('',(-0.03825,0.023675,-0.01808));
#3127=CARTESIAN_POINT('',(-0.055502,-0.005,-0.01154));
#3128=CARTESIAN_POINT('',(-5.37819943016002E-19,-0.005,-0.01154));
#3129=CARTESIAN_POINT('',(-5.37819943016002E-19,-0.005,0.001));
#3130=CARTESIAN_POINT('',(-5.37819943016002E-19,-0.005,-0.02808));
#3131=CARTESIAN_POINT('',(-0.0575,-0.005,0.001));
#3132=CARTESIAN_POINT('',(-0.0575,-0.005,0.001));
#3133=CARTESIAN_POINT('',(-0.0575,-0.005,-0.01154));
#3134=CARTESIAN_POINT('',(-0.0575,-0.005,-0.02808));
#3135=CARTESIAN_POINT('',(-0.055502,-0.005,-0.02808));
#3136=CARTESIAN_POINT('',(-0.055502,0.036575,-0.02808));
#3137=CARTESIAN_POINT('',(-0.0575,0.036575,-0.02808));
#3138=CARTESIAN_POINT('',(-0.0575,0.07815,-0.02808));
#3139=CARTESIAN_POINT('',(-0.055502,0.07815,-0.02808));
#3140=CARTESIAN_POINT('',(9.64511819189424E-18,0.07815,-0.02808));
#3141=CARTESIAN_POINT('',(4.55364912443912E-18,0.036575,-0.02808));
#3142=CARTESIAN_POINT('',(-0.055502,0.07815,-0.01154));
#3143=CARTESIAN_POINT('',(-0.0575,0.07815,-0.01154));
#3144=CARTESIAN_POINT('',(-0.0575,0.07815,0.001));
#3145=CARTESIAN_POINT('',(-0.055502,0.07815,0.001));
#3146=CARTESIAN_POINT('',(9.64511819189424E-18,0.07815,0.001));
#3147=CARTESIAN_POINT('',(9.64511819189424E-18,0.07815,-0.01154));
#3148=CARTESIAN_POINT('',(4.55364912443912E-18,0.036575,-0.01154));
#3149=CARTESIAN_POINT('',(1.38777878078145E-17,0.07415,0.001));
#3150=CARTESIAN_POINT('',(0.,-0.001,0.001));
#3151=CARTESIAN_POINT('',(-0.03825,0.050775,-0.02558));
#3152=CARTESIAN_POINT('',(-0.026,0.050775,-0.02158));
#3153=CARTESIAN_POINT('',(-0.026,0.050775,-0.02158));
#3154=CARTESIAN_POINT('',(-0.021,0.050775,-0.02158));
#3155=CARTESIAN_POINT('',(-0.026,0.050775,-0.02558));
#3156=CARTESIAN_POINT('',(-0.026,0.050775,-0.01808));
#3157=CARTESIAN_POINT('',(-0.03825,0.050775,-0.01808));
#3158=CARTESIAN_POINT('',(-0.0555,0.050775,-0.01808));
#3159=CARTESIAN_POINT('',(-0.0555,0.050775,-0.02558));
#3160=CARTESIAN_POINT('',(-0.0555,0.050775,-0.02558));
#3161=CARTESIAN_POINT('',(-0.03825,0.050775,-0.02558));
#3162=CARTESIAN_POINT('',(-0.021,0.050775,-0.02558));
#3163=CARTESIAN_POINT('',(-0.021,0.050775,-0.02558));
#3164=CARTESIAN_POINT('',(-0.021,0.037225,-0.02558));
#3165=CARTESIAN_POINT('',(-0.021,0.037225,-0.02158));
#3166=CARTESIAN_POINT('',(-0.021,0.037225,-0.02558));
#3167=CARTESIAN_POINT('',(-0.02775,0.036575,-0.02558));
#3168=CARTESIAN_POINT('',(-0.0555,0.036575,-0.02558));
#3169=CARTESIAN_POINT('',(-0.0555,0.036575,-0.02558));
#3170=CARTESIAN_POINT('',(-0.03675,0.053775,-0.01808));
#3171=CARTESIAN_POINT('',(-0.0555,0.053775,-0.01808));
#3172=CARTESIAN_POINT('',(-0.0555,0.053775,-0.01808));
#3173=CARTESIAN_POINT('',(-0.03675,0.053775,-0.01808));
#3174=CARTESIAN_POINT('',(-0.018,0.053775,-0.01808));
#3175=CARTESIAN_POINT('',(-0.014,0.053775,-0.02208));
#3176=CARTESIAN_POINT('',(-0.02775,0.036575,-0.01808));
#3177=CARTESIAN_POINT('',(-0.0555,0.036575,-0.01808));
#3178=CARTESIAN_POINT('',(-0.026,0.037225,-0.01808));
#3179=CARTESIAN_POINT('',(-0.0555,0.036575,-0.01808));
#3180=CARTESIAN_POINT('',(-0.033,0.013175,-0.01808));
#3181=CARTESIAN_POINT('',(-0.033,0.005675,-0.01808));
#3182=CARTESIAN_POINT('',(-0.0255,0.005675,-0.01808));
#3183=CARTESIAN_POINT('',(-0.018,0.005675,-0.01808));
#3184=CARTESIAN_POINT('',(-0.018,0.013175,-0.01808));
#3185=CARTESIAN_POINT('',(-0.018,0.020675,-0.01808));
#3186=CARTESIAN_POINT('',(-0.018,0.037225,-0.01808));
#3187=CARTESIAN_POINT('',(-0.0255,0.013175,-0.01808));
#3188=CARTESIAN_POINT('',(-0.019,0.013175,-0.01808));
#3189=CARTESIAN_POINT('',(-0.026,0.037225,-0.02158));
#3190=CARTESIAN_POINT('',(-0.026,0.037225,-0.02158));
#3191=CARTESIAN_POINT('',(-0.026,0.037225,-0.02183));
#3192=CARTESIAN_POINT('',(-0.014,0.036575,-0.02208));
#3193=CARTESIAN_POINT('',(-0.014,0.005675,-0.02208));
#3194=CARTESIAN_POINT('',(-0.0437755,0.011025,0.000998));
#3195=CARTESIAN_POINT('',(-0.0442755,0.011025,0.000998));
#3196=CARTESIAN_POINT('',(-0.0437755,0.010525,0.000998));
#3197=CARTESIAN_POINT('',(-0.0372755,0.010525,0.000998));
#3198=CARTESIAN_POINT('',(-0.0307755,0.010525,0.000998));
#3199=CARTESIAN_POINT('',(-0.0307755,0.011025,0.000998));
#3200=CARTESIAN_POINT('',(-0.0302755,0.011025,0.000998));
#3201=CARTESIAN_POINT('',(-0.0302755,0.017525,0.000998));
#3202=CARTESIAN_POINT('',(-0.0302755,0.024025,0.000998));
#3203=CARTESIAN_POINT('',(-0.0307755,0.024025,0.000998));
#3204=CARTESIAN_POINT('',(-0.0307755,0.024525,0.000998));
#3205=CARTESIAN_POINT('',(-0.0442755,0.017525,0.000998));
#3206=CARTESIAN_POINT('',(-0.0442755,0.024025,0.000998));
#3207=CARTESIAN_POINT('',(-0.0372755,0.024525,0.000998));
#3208=CARTESIAN_POINT('',(-0.0437755,0.024525,0.000998));
#3209=CARTESIAN_POINT('',(-0.0437755,0.024025,0.000998));
#3210=CARTESIAN_POINT('',(-0.0247255,0.049125,0.000998));
#3211=CARTESIAN_POINT('',(-0.0252255,0.049125,0.000998));
#3212=CARTESIAN_POINT('',(-0.0247255,0.048625,0.000998));
#3213=CARTESIAN_POINT('',(-0.0182255,0.048625,0.000998));
#3214=CARTESIAN_POINT('',(-0.0117255,0.048625,0.000998));
#3215=CARTESIAN_POINT('',(-0.0117255,0.049125,0.000998));
#3216=CARTESIAN_POINT('',(-0.0112255,0.049125,0.000998));
#3217=CARTESIAN_POINT('',(-0.0112255,0.055625,0.000998));
#3218=CARTESIAN_POINT('',(-0.0112255,0.062125,0.000998));
#3219=CARTESIAN_POINT('',(-0.0117255,0.062125,0.000998));
#3220=CARTESIAN_POINT('',(-0.0117255,0.062625,0.000998));
#3221=CARTESIAN_POINT('',(-0.0252255,0.055625,0.000998));
#3222=CARTESIAN_POINT('',(-0.0252255,0.062125,0.000998));
#3223=CARTESIAN_POINT('',(-0.0182255,0.062625,0.000998));
#3224=CARTESIAN_POINT('',(-0.0247255,0.062625,0.000998));
#3225=CARTESIAN_POINT('',(-0.0247255,0.062125,0.000998));
#3226=CARTESIAN_POINT('',(-0.0247255,0.011025,0.000998));
#3227=CARTESIAN_POINT('',(-0.0252255,0.011025,0.000998));
#3228=CARTESIAN_POINT('',(-0.0247255,0.010525,0.000998));
#3229=CARTESIAN_POINT('',(-0.0182255,0.010525,0.000998));
#3230=CARTESIAN_POINT('',(-0.0117255,0.010525,0.000998));
#3231=CARTESIAN_POINT('',(-0.0117255,0.011025,0.000998));
#3232=CARTESIAN_POINT('',(-0.0112255,0.011025,0.000998));
#3233=CARTESIAN_POINT('',(-0.0112255,0.017525,0.000998));
#3234=CARTESIAN_POINT('',(-0.0112255,0.024025,0.000998));
#3235=CARTESIAN_POINT('',(-0.0117255,0.024025,0.000998));
#3236=CARTESIAN_POINT('',(-0.0117255,0.024525,0.000998));
#3237=CARTESIAN_POINT('',(-0.0252255,0.017525,0.000998));
#3238=CARTESIAN_POINT('',(-0.0252255,0.024025,0.000998));
#3239=CARTESIAN_POINT('',(-0.0182255,0.024525,0.000998));
#3240=CARTESIAN_POINT('',(-0.0247255,0.024525,0.000998));
#3241=CARTESIAN_POINT('',(-0.0247255,0.024025,0.000998));
#3242=CARTESIAN_POINT('',(-0.0247255,0.030075,0.000998));
#3243=CARTESIAN_POINT('',(-0.0252255,0.030075,0.000998));
#3244=CARTESIAN_POINT('',(-0.0247255,0.029575,0.000998));
#3245=CARTESIAN_POINT('',(-0.0182255,0.029575,0.000998));
#3246=CARTESIAN_POINT('',(-0.0117255,0.029575,0.000998));
#3247=CARTESIAN_POINT('',(-0.0117255,0.030075,0.000998));
#3248=CARTESIAN_POINT('',(-0.0112255,0.030075,0.000998));
#3249=CARTESIAN_POINT('',(-0.0112255,0.036575,0.000998));
#3250=CARTESIAN_POINT('',(-0.0112255,0.043075,0.000998));
#3251=CARTESIAN_POINT('',(-0.0117255,0.043075,0.000998));
#3252=CARTESIAN_POINT('',(-0.0117255,0.043575,0.000998));
#3253=CARTESIAN_POINT('',(-0.0252255,0.036575,0.000998));
#3254=CARTESIAN_POINT('',(-0.0252255,0.043075,0.000998));
#3255=CARTESIAN_POINT('',(-0.0182255,0.043575,0.000998));
#3256=CARTESIAN_POINT('',(-0.0247255,0.043575,0.000998));
#3257=CARTESIAN_POINT('',(-0.0247255,0.043075,0.000998));
#3258=CARTESIAN_POINT('',(-0.0437755,0.049125,0.000998));
#3259=CARTESIAN_POINT('',(-0.0442755,0.049125,0.000998));
#3260=CARTESIAN_POINT('',(-0.0437755,0.048625,0.000998));
#3261=CARTESIAN_POINT('',(-0.0372755,0.048625,0.000998));
#3262=CARTESIAN_POINT('',(-0.0307755,0.048625,0.000998));
#3263=CARTESIAN_POINT('',(-0.0307755,0.049125,0.000998));
#3264=CARTESIAN_POINT('',(-0.0302755,0.049125,0.000998));
#3265=CARTESIAN_POINT('',(-0.0302755,0.055625,0.000998));
#3266=CARTESIAN_POINT('',(-0.0302755,0.062125,0.000998));
#3267=CARTESIAN_POINT('',(-0.0307755,0.062125,0.000998));
#3268=CARTESIAN_POINT('',(-0.0307755,0.062625,0.000998));
#3269=CARTESIAN_POINT('',(-0.0442755,0.055625,0.000998));
#3270=CARTESIAN_POINT('',(-0.0442755,0.062125,0.000998));
#3271=CARTESIAN_POINT('',(-0.0372755,0.062625,0.000998));
#3272=CARTESIAN_POINT('',(-0.0437755,0.062625,0.000998));
#3273=CARTESIAN_POINT('',(-0.0437755,0.062125,0.000998));
#3274=CARTESIAN_POINT('',(-0.0437755,0.030075,0.000998));
#3275=CARTESIAN_POINT('',(-0.0442755,0.030075,0.000998));
#3276=CARTESIAN_POINT('',(-0.0437755,0.029575,0.000998));
#3277=CARTESIAN_POINT('',(-0.0372755,0.029575,0.000998));
#3278=CARTESIAN_POINT('',(-0.0307755,0.029575,0.000998));
#3279=CARTESIAN_POINT('',(-0.0307755,0.030075,0.000998));
#3280=CARTESIAN_POINT('',(-0.0302755,0.030075,0.000998));
#3281=CARTESIAN_POINT('',(-0.0302755,0.036575,0.000998));
#3282=CARTESIAN_POINT('',(-0.0302755,0.043075,0.000998));
#3283=CARTESIAN_POINT('',(-0.0307755,0.043075,0.000998));
#3284=CARTESIAN_POINT('',(-0.0307755,0.043575,0.000998));
#3285=CARTESIAN_POINT('',(-0.0442755,0.036575,0.000998));
#3286=CARTESIAN_POINT('',(-0.0442755,0.043075,0.000998));
#3287=CARTESIAN_POINT('',(-0.0372755,0.043575,0.000998));
#3288=CARTESIAN_POINT('',(-0.0437755,0.043575,0.000998));
#3289=CARTESIAN_POINT('',(-0.0437755,0.043075,0.000998));
#3290=CARTESIAN_POINT('',(-0.0255,0.013175,-0.02608));
#3291=CARTESIAN_POINT('',(-0.0255,0.013175,-0.02608));
#3292=CARTESIAN_POINT('',(-0.019,0.013175,-0.02608));
#3293=CARTESIAN_POINT('',(-0.02775,0.036575,-0.02608));
#3294=CARTESIAN_POINT('',(-0.033,0.013175,-0.018078));
#3295=CARTESIAN_POINT('',(-0.033,0.005675,-0.018078));
#3296=CARTESIAN_POINT('',(-0.0255,0.005675,-0.018078));
#3297=CARTESIAN_POINT('',(-0.0555,0.036575,-0.01154));
#3298=CARTESIAN_POINT('',(-0.0555,0.036575,-0.000999999999999987));
#3299=CARTESIAN_POINT('',(-0.0555,0.07215,-0.000999999999999987));
#3300=CARTESIAN_POINT('',(-0.0555,0.00100000000000001,-0.000999999999999987));
#3301=CARTESIAN_POINT('',(-0.0555,0.001,-0.01054));
#3302=CARTESIAN_POINT('',(-0.0555,0.0321353956065649,-0.025148541248635));
#3303=CARTESIAN_POINT('',(-0.0555,0.0311353956065649,-0.025148541248635));
#3304=CARTESIAN_POINT('',(-0.0555,0.0311353956065649,-0.0241142706243176));
#3305=CARTESIAN_POINT('',(-0.0555,0.0311353956065649,-0.021907541248635));
#3306=CARTESIAN_POINT('',(-0.0555,0.0321353956065649,-0.021907541248635));
#3307=CARTESIAN_POINT('',(-0.0555,0.0321353956065649,-0.0209075412486351));
#3308=CARTESIAN_POINT('',(-0.0555,0.0366053956065649,-0.0209075412486351));
#3309=CARTESIAN_POINT('',(-0.0555,0.0410753956065649,-0.0209075412486351));
#3310=CARTESIAN_POINT('',(-0.0555,0.0410753956065649,-0.021907541248635));
#3311=CARTESIAN_POINT('',(-0.0555,0.0420753956065649,-0.021907541248635));
#3312=CARTESIAN_POINT('',(-0.0555,0.0420753956065649,-0.0241142706243176));
#3313=CARTESIAN_POINT('',(-0.0555,0.0420753956065649,-0.025148541248635));
#3314=CARTESIAN_POINT('',(-0.0555,0.0410753956065649,-0.025148541248635));
#3315=CARTESIAN_POINT('',(-0.0555,0.07215,-0.02108));
#3316=CARTESIAN_POINT('',(-0.0575,0.0366053956065649,-0.0209075412486351));
#3317=CARTESIAN_POINT('',(-0.0575,0.0321353956065649,-0.0209075412486351));
#3318=CARTESIAN_POINT('',(-0.0575,0.0321353956065649,-0.0209075412486351));
#3319=CARTESIAN_POINT('',(-0.0575,0.0366053956065649,-0.0209075412486351));
#3320=CARTESIAN_POINT('',(-0.0575,0.0410753956065649,-0.0209075412486351));
#3321=CARTESIAN_POINT('',(-0.0575,0.0410753956065649,-0.0209075412486351));
#3322=CARTESIAN_POINT('',(-0.0575,0.0311353956065649,-0.0241142706243176));
#3323=CARTESIAN_POINT('',(-0.0575,0.0311353956065649,-0.025148541248635));
#3324=CARTESIAN_POINT('',(-0.0575,0.0311353956065649,-0.025148541248635));
#3325=CARTESIAN_POINT('',(-0.0575,0.0311353956065649,-0.0241142706243176));
#3326=CARTESIAN_POINT('',(-0.0575,0.0311353956065649,-0.021907541248635));
#3327=CARTESIAN_POINT('',(-0.0555,0.0311353956065649,-0.021907541248635));
#3328=CARTESIAN_POINT('',(-0.0575,0.0366053956065649,-0.0261485412486351));
#3329=CARTESIAN_POINT('',(-0.0575,0.0366053956065649,-0.0261485412486351));
#3330=CARTESIAN_POINT('',(-0.0575,0.0410753956065649,-0.0261485412486351));
#3331=CARTESIAN_POINT('',(-0.0575,0.0321353956065649,-0.0261485412486351));
#3332=CARTESIAN_POINT('',(-0.0575,0.0321353956065649,-0.0261485412486351));
#3333=CARTESIAN_POINT('',(-0.0575,0.0410753956065649,-0.0261485412486351));
#3334=CARTESIAN_POINT('',(-0.0575,0.0420753956065649,-0.0241142706243176));
#3335=CARTESIAN_POINT('',(-0.0575,0.0420753956065649,-0.0241142706243176));
#3336=CARTESIAN_POINT('',(-0.0575,0.0420753956065649,-0.021907541248635));
#3337=CARTESIAN_POINT('',(-0.0575,0.0420753956065649,-0.025148541248635));
#3338=CARTESIAN_POINT('',(-0.0555,0.0420753956065649,-0.025148541248635));
#3339=CARTESIAN_POINT('',(-0.0575,0.0420753956065649,-0.021907541248635));
#3340=CARTESIAN_POINT('',(-0.0575,0.036575,-0.01154));
#3341=CARTESIAN_POINT('',(-0.0575,0.0410753956065649,-0.021907541248635));
#3342=CARTESIAN_POINT('',(-0.0575,0.0321353956065649,-0.021907541248635));
#3343=CARTESIAN_POINT('',(-0.0575,0.0321353956065649,-0.025148541248635));
#3344=CARTESIAN_POINT('',(-0.0575,0.0410753956065649,-0.025148541248635));
#3345=CARTESIAN_POINT('',(-0.0575,0.07815,0.001));
#3346=CARTESIAN_POINT('',(-0.0535,0.036575,-0.000999999999999987));
#3347=CARTESIAN_POINT('',(-0.0535,0.07215,-0.000999999999999987));
#3348=CARTESIAN_POINT('',(-0.0535,0.07215,-0.000999999999999987));
#3349=CARTESIAN_POINT('',(-0.0535,0.036575,-0.000999999999999987));
#3350=CARTESIAN_POINT('',(-0.0535,0.00100000000000001,-0.000999999999999987));
#3351=CARTESIAN_POINT('',(-0.0535,0.00100000000000001,-0.000999999999999987));
#3352=CARTESIAN_POINT('',(-0.0535,0.001,-0.01054));
#3353=CARTESIAN_POINT('',(-0.0535,0.001,-0.01054));
#3354=CARTESIAN_POINT('',(-0.0535,0.07215,-0.02108));
#3355=CARTESIAN_POINT('',(-0.0535,0.07215,-0.02108));
#3356=CARTESIAN_POINT('',(-0.0535,0.036575,-0.01154));
#3357=CARTESIAN_POINT('',(-0.055502,-0.001,0.001));
#3358=CARTESIAN_POINT('',(-0.0535,-0.001,0.001));
#3359=CARTESIAN_POINT('',(-0.055502,0.07415,0.001));
#3360=CARTESIAN_POINT('',(-0.0535,0.07415,0.001));
#3361=CARTESIAN_POINT('',(-0.0535,0.036575,0.001));
#3362=CARTESIAN_POINT('',(-0.0575,0.0321353956065649,-0.025148541248635));
#3363=CARTESIAN_POINT('',(-0.0575,0.0410753956065649,-0.025148541248635));
#3364=CARTESIAN_POINT('',(-0.0575,0.0321353956065649,-0.021907541248635));
#3365=CARTESIAN_POINT('',(-0.0575,0.0410753956065649,-0.021907541248635));
#3366=MECHANICAL_DESIGN_GEOMETRIC_PRESENTATION_REPRESENTATION('',(#2023),
#3368);
#3367=MECHANICAL_DESIGN_GEOMETRIC_PRESENTATION_REPRESENTATION('',(#2024),
#3369);
#3368=(
GEOMETRIC_REPRESENTATION_CONTEXT(3)
GLOBAL_UNCERTAINTY_ASSIGNED_CONTEXT((#3370))
GLOBAL_UNIT_ASSIGNED_CONTEXT((#3376,#3374,#3372))
REPRESENTATION_CONTEXT('Part 1','TOP_LEVEL_ASSEMBLY_PART')
);
#3369=(
GEOMETRIC_REPRESENTATION_CONTEXT(3)
GLOBAL_UNCERTAINTY_ASSIGNED_CONTEXT((#3371))
GLOBAL_UNIT_ASSIGNED_CONTEXT((#3377,#3375,#3373))
REPRESENTATION_CONTEXT('Part 2','TOP_LEVEL_ASSEMBLY_PART')
);
#3370=UNCERTAINTY_MEASURE_WITH_UNIT(LENGTH_MEASURE(2.20000000003469E-7),
#3376,'DISTANCE_ACCURACY_VALUE','Maximum Tolerance applied to model');
#3371=UNCERTAINTY_MEASURE_WITH_UNIT(LENGTH_MEASURE(1.E-8),#3377,
'DISTANCE_ACCURACY_VALUE','Maximum Tolerance applied to model');
#3372=(
NAMED_UNIT(*)
SI_UNIT($,.STERADIAN.)
SOLID_ANGLE_UNIT()
);
#3373=(
NAMED_UNIT(*)
SI_UNIT($,.STERADIAN.)
SOLID_ANGLE_UNIT()
);
#3374=(
NAMED_UNIT(*)
PLANE_ANGLE_UNIT()
SI_UNIT($,.RADIAN.)
);
#3375=(
NAMED_UNIT(*)
PLANE_ANGLE_UNIT()
SI_UNIT($,.RADIAN.)
);
#3376=(
LENGTH_UNIT()
NAMED_UNIT(*)
SI_UNIT($,.METRE.)
);
#3377=(
LENGTH_UNIT()
NAMED_UNIT(*)
SI_UNIT($,.METRE.)
);
#3378=PRODUCT_DEFINITION_SHAPE('','',#3380);
#3379=PRODUCT_DEFINITION_SHAPE('','',#3381);
#3380=PRODUCT_DEFINITION('','',#3384,#3382);
#3381=PRODUCT_DEFINITION('','',#3385,#3383);
#3382=PRODUCT_DEFINITION_CONTEXT('',#3396,'design');
#3383=PRODUCT_DEFINITION_CONTEXT('',#3397,'design');
#3384=PRODUCT_DEFINITION_FORMATION_WITH_SPECIFIED_SOURCE('','',#3388,
 .NOT_KNOWN.);
#3385=PRODUCT_DEFINITION_FORMATION_WITH_SPECIFIED_SOURCE('','',#3389,
 .NOT_KNOWN.);
#3386=PRODUCT_RELATED_PRODUCT_CATEGORY('','',(#3388));
#3387=PRODUCT_RELATED_PRODUCT_CATEGORY('','',(#3389));
#3388=PRODUCT('Part 1','Part 1','Part 1',(#3392));
#3389=PRODUCT('Part 2','Part 2','Part 2',(#3393));
#3390=PRODUCT_CATEGORY('','');
#3391=PRODUCT_CATEGORY('','');
#3392=PRODUCT_CONTEXT('',#3396,'mechanical');
#3393=PRODUCT_CONTEXT('',#3397,'mechanical');
#3394=APPLICATION_PROTOCOL_DEFINITION('international standard',
'ap242_managed_model_based_3d_engineering',2020,#3396);
#3395=APPLICATION_PROTOCOL_DEFINITION('international standard',
'ap242_managed_model_based_3d_engineering',2020,#3397);
#3396=APPLICATION_CONTEXT('managed model based 3d engineering');
#3397=APPLICATION_CONTEXT('managed model based 3d engineering');
ENDSEC;
END-ISO-10303-21;
